type,indicator,classification,detected_date
domain,xoilackvb[.]cc,malicious,2026-08-13
domain,rogerperrybook[.]com,malicious,2026-08-13
domain,creditstacks[.]com,malicious,2026-08-13
domain,newempressmagazine[.]com,malicious,2026-08-13
domain,salutebistro[.]com,malicious,2026-08-13
domain,dwellsautomotive[.]io,malicious,2026-08-13
domain,artbyciara[.]com,malicious,2026-08-13
domain,rpg-club[.]com,malicious,2026-08-13
domain,resol-kyoto-k[.]com,malicious,2026-08-13
domain,1840brewing[.]com,malicious,2026-08-13
domain,miracleleaguesouthhills[.]org,malicious,2026-08-13
domain,australasianzookeeping[.]org,malicious,2026-08-13
domain,scribblediffusion[.]com,malicious,2026-08-13
domain,carbfacepod[.]com,malicious,2026-08-13
domain,sevendollarclick[.]com,malicious,2026-08-13
domain,nouvelanbelge[.]com,malicious,2026-08-13
domain,cosmosup[.]com,malicious,2026-08-13
domain,thegeraldseattle[.]com,malicious,2026-08-13
domain,kavasoft[.]com,malicious,2026-08-13
domain,hamdardcenter[.]org,malicious,2026-08-13
domain,tickettannoy[.]com,malicious,2026-08-13
domain,butchvoices[.]com,malicious,2026-08-13
domain,xoilac365hh[.]cc,malicious,2026-08-13
domain,xoilac365ee[.]cc,malicious,2026-08-13
domain,rakhoixj[.]cc,malicious,2026-08-13
domain,xoilac86v[.]cc,malicious,2026-08-13
domain,xoilac86l[.]cc,malicious,2026-08-13
domain,90phutcu[.]tv,malicious,2026-08-13
domain,90phutcr[.]tv,malicious,2026-08-13
domain,srve[.]io,malicious,2026-08-13
domain,wallpaperup[.]com,malicious,2026-08-13
domain,watch-monster[.]com,malicious,2026-08-13
domain,exposim[.]io,malicious,2026-08-13
domain,trackmyscorezone[.]com,malicious,2026-08-13
domain,cakhiarr[.]io,malicious,2026-08-13
domain,xoilacxyq[.]tv,malicious,2026-08-13
domain,cashcoach[.]io,malicious,2026-08-13
domain,gavangtv2vn[.]com,malicious,2026-08-13
domain,solop[.]io,malicious,2026-08-13
domain,xoilac86ee[.]tv,malicious,2026-08-13
domain,xoilacxyk[.]tv,malicious,2026-08-13
domain,villawh[.]com,malicious,2026-08-13
domain,jworks[.]io,malicious,2026-08-13
domain,rakhoizf[.]cc,malicious,2026-08-13
domain,sales-tracker[.]io,malicious,2026-08-13
domain,cakhiazva[.]tv,malicious,2026-08-13
domain,acies-cg[.]com,malicious,2026-08-13
domain,institutobancopalmas[.]org,malicious,2026-08-13
domain,colatv88[.]live,malicious,2026-08-13
domain,ivalledelrio[.]cl,malicious,2026-08-13
domain,mitomtvl[.]cc,malicious,2026-08-13
domain,chuthis[.]net,malicious,2026-08-13
domain,gavangwc2026a[.]tv,malicious,2026-08-13
domain,linkfol[.]io,malicious,2026-08-13
domain,cakhiazvc[.]tv,malicious,2026-08-13
domain,90phutff[.]io,malicious,2026-08-13
domain,smartelectronix[.]com,malicious,2026-08-13
domain,airflight[.]io,malicious,2026-08-13
domain,crypos[.]io,malicious,2026-08-13
domain,xoilacxyi[.]tv,malicious,2026-08-13
domain,typespecimens[.]io,malicious,2026-08-13
domain,cakhiaoo[.]io,malicious,2026-08-13
domain,feeda[.]io,malicious,2026-08-13
domain,marketdigest[.]io,malicious,2026-08-13
domain,ordina-jworks[.]io,malicious,2026-08-13
domain,vebozzj[.]cc,malicious,2026-08-13
domain,arcchart[.]com,malicious,2026-08-13
domain,scriptworks[.]io,malicious,2026-08-13
domain,wekonseils[.]co,malicious,2026-08-13
domain,crnk[.]io,malicious,2026-08-13
domain,90phutww[.]io,malicious,2026-08-13
domain,maxfactor-international[.]com,malicious,2026-08-13
domain,koinswap[.]io,malicious,2026-08-13
domain,cssanimation[.]io,malicious,2026-08-13
domain,prehired[.]io,malicious,2026-08-13
domain,capte[.]io,malicious,2026-08-13
domain,g2academy[.]co,malicious,2026-08-13
domain,citadesva[.]com,malicious,2026-08-13
domain,wynsep[.]com,malicious,2026-08-13
domain,gavang-wc2026a[.]tv,malicious,2026-08-13
domain,innovativeotsolutions[.]com,malicious,2026-08-13
domain,facite[.]org,malicious,2026-08-13
domain,mailin[.]io,malicious,2026-08-13
domain,90phutcm[.]tv,malicious,2026-08-13
domain,colatv[.]app,malicious,2026-08-13
domain,colatv54[.]live,malicious,2026-08-13
domain,vaoroi-wc2026[.]tv,malicious,2026-08-13
domain,cakhia-wc2026[.]com,malicious,2026-08-13
domain,zktube[.]io,malicious,2026-08-13
domain,tctwebstage[.]com,malicious,2026-08-13
domain,hubglobal[.]io,malicious,2026-08-13
domain,ukiss[.]io,malicious,2026-08-13
domain,promptrr[.]io,malicious,2026-08-13
domain,rusansatlanta[.]com,malicious,2026-08-13
domain,xoilac365tv[.]cc,malicious,2026-08-13
domain,rakhoiid[.]cc,malicious,2026-08-13
domain,xoilackve[.]tv,malicious,2026-08-13
domain,xoilac86[.]biz,malicious,2026-08-13
domain,xoilac86zc[.]tv,malicious,2026-08-13
domain,smort[.]io,malicious,2026-08-13
domain,xoilaclink-worldcup2026a[.]tv,malicious,2026-08-13
domain,ubee[.]io,malicious,2026-08-13
domain,apemove[.]io,malicious,2026-08-13
domain,newswings[.]online,malicious,2026-08-13
domain,mdcp[.]se,malicious,2026-08-13
domain,trutienkiem[.]vn,malicious,2026-08-13
domain,reynardnyc[.]com,malicious,2026-08-13
domain,socolivemm[.]io,malicious,2026-08-13
domain,linggo[.]io,malicious,2026-08-13
domain,rakhoixk[.]cc,malicious,2026-08-13
domain,veggi[.]io,malicious,2026-08-13
domain,xoilac24h-worldcup2026a[.]tv,malicious,2026-08-13
domain,socolivetvb[.]cc,malicious,2026-08-13
domain,investblog[.]io,malicious,2026-08-13
domain,cityofbrass[.]io,malicious,2026-08-13
domain,theyachtclub[.]io,malicious,2026-08-13
domain,ruhighload[.]com,malicious,2026-08-13
domain,xoilaczzc[.]io,malicious,2026-08-13
domain,novamobile[.]io,malicious,2026-08-13
domain,xoilacwl[.]cc,malicious,2026-08-13
domain,vebozad[.]cc,malicious,2026-08-13
domain,mitomtj[.]cc,malicious,2026-08-13
domain,mitomti[.]cc,malicious,2026-08-13
domain,vebozau[.]cc,malicious,2026-08-13
domain,90phutiy[.]cc,malicious,2026-08-13
domain,cakhiazky[.]cc,malicious,2026-08-13
domain,rakhoixu[.]cc,malicious,2026-08-13
domain,rakhoixy[.]cc,malicious,2026-08-13
domain,90phutco[.]tv,malicious,2026-08-13
domain,vaoroikl[.]cc,malicious,2026-08-13
domain,xoilacj[.]cc,malicious,2026-08-13
domain,socolivevf[.]cc,malicious,2026-08-13
domain,reeport[.]io,malicious,2026-08-13
domain,90phutiu[.]cc,malicious,2026-08-13
domain,tariqramadan[.]com,malicious,2026-08-13
domain,gpex[.]io,malicious,2026-08-13
domain,objectiftintin[.]com,malicious,2026-08-13
domain,xoilac86tv[.]cc,malicious,2026-08-13
domain,vebozaa[.]cc,malicious,2026-08-13
domain,90phutcv[.]tv,malicious,2026-08-13
domain,zovvio[.]com,malicious,2026-08-13
domain,bongtv[.]org,malicious,2026-08-13
domain,manwithamissiontour[.]com,malicious,2026-08-13
domain,mitomz8[.]live,malicious,2026-08-13
domain,mitomtp[.]cc,malicious,2026-08-13
domain,xoilac365[.]mobi,malicious,2026-08-13
domain,90phutct[.]tv,malicious,2026-08-13
domain,vaoroikk[.]cc,malicious,2026-08-13
domain,dailyrotten[.]com,malicious,2026-08-13
domain,cakhiatvang[.]com,malicious,2026-08-13
domain,typerecords[.]com,malicious,2026-08-13
domain,xoilacyyx[.]cc,malicious,2026-08-13
domain,90phutx1[.]live,malicious,2026-08-13
domain,xoilac86sz[.]tv,malicious,2026-08-13
domain,xoilaczzzu[.]cc,malicious,2026-08-13
domain,smilepreview[.]co[.]uk,malicious,2026-08-13
domain,xoilaczzzb[.]cc,malicious,2026-08-13
domain,xoilaczzzq[.]cc,malicious,2026-08-13
domain,vebox4[.]live,malicious,2026-08-13
domain,vebox5[.]live,malicious,2026-08-13
domain,xoilaczxr[.]cc,malicious,2026-08-13
domain,vebox2[.]live,malicious,2026-08-13
domain,xoilaczzza[.]cc,malicious,2026-08-13
domain,xoilaczzzr[.]cc,malicious,2026-08-13
domain,xoilaczzzy[.]cc,malicious,2026-08-13
domain,xoilaczzzw[.]cc,malicious,2026-08-13
domain,xoilaczzzl[.]cc,malicious,2026-08-13
domain,autoequipmentloans[.]com[.]au,malicious,2026-08-13
domain,vebox3[.]live,malicious,2026-08-13
domain,xoilac365z6[.]live,malicious,2026-08-13
domain,socolive365[.]com,malicious,2026-08-13
domain,rakhoivr[.]cc,malicious,2026-08-13
domain,socoliveii[.]io,malicious,2026-08-13
domain,xoilacxya[.]io,malicious,2026-08-13
domain,vaoroika[.]cc,malicious,2026-08-13
domain,colatv88xd[.]cc,malicious,2026-08-13
domain,imgts[.]com,malicious,2026-08-13
domain,perkotter[.]com,malicious,2026-08-13
domain,xoilaczzq[.]tv,malicious,2026-08-13
domain,xoilaczzx[.]tv,malicious,2026-08-13
domain,xoilaczxm[.]cc,malicious,2026-08-13
domain,xoilaczzx[.]cc,malicious,2026-08-13
domain,xoilacttbdb[.]live,malicious,2026-08-13
domain,xoilactvhdxe[.]io,malicious,2026-08-13
domain,lumberockcoastal[.]com,malicious,2026-08-13
domain,mipatriaecuador[.]com,malicious,2026-08-13
domain,samagroup[.]io,malicious,2026-08-13
domain,newbeed[.]cc,malicious,2026-08-13
domain,decoratieplant[.]nl,malicious,2026-08-13
domain,todotarifa[.]com,malicious,2026-08-13
domain,socoliveqq[.]io,malicious,2026-08-13
domain,xoilacxtm[.]tv,malicious,2026-08-13
domain,zmax[.]io,malicious,2026-08-13
domain,cakhiazvh[.]tv,malicious,2026-08-13
domain,barefootblonde[.]com,malicious,2026-08-13
domain,millanautosalesdc[.]com,malicious,2026-08-13
domain,kahanirestaurant[.]in,malicious,2026-08-13
domain,standingroomlic[.]com,malicious,2026-08-13
domain,litas[.]io,malicious,2026-08-13
domain,cakhiaxx[.]io,malicious,2026-08-13
domain,geodezistra[.]ru,malicious,2026-08-13
domain,xoilaczzkkz[.]tv,malicious,2026-08-13
domain,trustpac[.]io,malicious,2026-08-13
domain,cakhiazve[.]tv,malicious,2026-08-13
domain,xoilac[.]io,malicious,2026-08-13
domain,amty[.]io,malicious,2026-08-13
domain,mapquestdrivingdirections[.]io,malicious,2026-08-13
domain,katiespencilbox[.]com,malicious,2026-08-13
domain,xoilackm[.]tv,malicious,2026-08-13
domain,systemsacademy[.]io,malicious,2026-08-13
domain,socolivezw[.]cc,malicious,2026-08-13
domain,cakhiaff[.]io,malicious,2026-08-13
domain,cinema-way[.]com,malicious,2026-08-13
domain,xoilacst[.]cc,malicious,2026-08-13
domain,proer[.]io,malicious,2026-08-13
domain,cakhiazzf[.]cc,malicious,2026-08-13
domain,xoilacxta[.]tv,malicious,2026-08-13
domain,14core[.]com,malicious,2026-08-13
domain,krakendev[.]io,malicious,2026-08-13
domain,90phutzc[.]tv,malicious,2026-08-13
domain,fotozwiedzacz[.]com,malicious,2026-08-13
domain,socoliveky[.]cc,malicious,2026-08-13
domain,xoilaczzppz[.]tv,malicious,2026-08-13
domain,xoilac365xf[.]tv,malicious,2026-08-13
domain,xoilaczzzq[.]tv,malicious,2026-08-13
domain,xoilac365xi[.]tv,malicious,2026-08-13
domain,swanscan[.]io,malicious,2026-08-13
domain,xoilacxtl[.]tv,malicious,2026-08-13
domain,socolivekr[.]cc,malicious,2026-08-13
domain,keonhacaiz[.]live,malicious,2026-08-13
domain,vaoroiy[.]top,malicious,2026-08-13
domain,xoilacxyd[.]top,malicious,2026-08-13
domain,xoilacxyq[.]top,malicious,2026-08-13
domain,xoilacxyz[.]top,malicious,2026-08-13
domain,xoilaczo[.]top,malicious,2026-08-13
domain,90phuti[.]top,malicious,2026-08-13
domain,90phutj[.]top,malicious,2026-08-13
domain,90phuta[.]top,malicious,2026-08-13
domain,veboq[.]top,malicious,2026-08-13
domain,xoilac86[.]club,malicious,2026-08-13
domain,socolivez35[.]live,malicious,2026-08-13
domain,xoilac365z63[.]live,malicious,2026-08-13
domain,xoilac365z66[.]live,malicious,2026-08-13
domain,rakhoiz46[.]live,malicious,2026-08-13
domain,xoilac365z43[.]live,malicious,2026-08-13
domain,xoilacz86[.]live,malicious,2026-08-13
domain,xoilacz87[.]live,malicious,2026-08-13
domain,xoilacz88[.]live,malicious,2026-08-13
domain,xoilacziq[.]tv,malicious,2026-08-13
domain,abc-france[.]com,malicious,2026-08-13
domain,gardesol[.]com,malicious,2026-08-13
domain,tkwebgiare[.]com,malicious,2026-08-13
domain,impeachthemotherfuckeralready[.]com,malicious,2026-08-13
domain,foodsafeschools[.]org,malicious,2026-08-13
domain,xoilacyyy[.]cc,malicious,2026-08-13
domain,collegemediamatters[.]com,malicious,2026-08-13
domain,lobocriverwatch[.]com,malicious,2026-08-13
domain,xoilaczhv[.]tv,malicious,2026-08-13
domain,thapcamtvz[.]org,malicious,2026-08-13
domain,enjb[.]com,malicious,2026-08-13
domain,xoilac365m4[.]live,malicious,2026-08-13
domain,xoilac365tv4[.]live,malicious,2026-08-13
domain,flightcar[.]com,malicious,2026-08-13
domain,xoilaczzee[.]tv,malicious,2026-08-13
domain,consciousriseway[.]link,malicious,2026-08-13
domain,xoilac86z20[.]live,malicious,2026-08-13
domain,vebox9[.]live,malicious,2026-08-13
domain,vebox7[.]live,malicious,2026-08-13
domain,metamorphozis[.]com,malicious,2026-08-13
domain,cakhiazkg[.]cc,malicious,2026-08-13
domain,dizayn[.]io,malicious,2026-08-13
domain,mitommn[.]cc,malicious,2026-08-13
domain,vaoroizzn[.]cc,malicious,2026-08-13
domain,rakhoixn[.]cc,malicious,2026-08-13
domain,vebozal[.]cc,malicious,2026-08-13
domain,mycody[.]io,malicious,2026-08-13
domain,90phutze-tv[.]translate[.]goog,malicious,2026-08-13
domain,tylenhacai100[.]net,malicious,2026-08-13
domain,hauntthehouse[.]io,malicious,2026-08-13
domain,baynatives[.]com,malicious,2026-08-13
domain,vaoroikn[.]cc,malicious,2026-08-13
domain,vebozaj[.]cc,malicious,2026-08-13
domain,xoilaczzooz[.]tv,malicious,2026-08-13
domain,90phutzk[.]tv,malicious,2026-08-13
domain,lemonsquad[.]io,malicious,2026-08-13
domain,mipropia[.]com,malicious,2026-08-13
domain,coxautoasheville[.]com,malicious,2026-08-13
domain,ionalarm[.]com,malicious,2026-08-13
domain,hairbyelise[.]co,malicious,2026-08-13
domain,cakhia-affcup2026a[.]live,malicious,2026-08-13
domain,ken-z[.]io,malicious,2026-08-13
domain,gavangtv[.]co,malicious,2026-08-13
domain,gavangtv[.]top,malicious,2026-08-13
domain,xoilaczzaaz[.]tv,malicious,2026-08-13
domain,xoilacpt[.]top,malicious,2026-08-13
domain,xoilactv9[.]online,malicious,2026-08-13
domain,xoilacxaa[.]cc,malicious,2026-08-13
domain,xoilac-truc-tiep[.]art,malicious,2026-08-13
domain,bong-da-xoilac-euro[.]club,malicious,2026-08-13
domain,xoilactvx9[.]club,malicious,2026-08-13
domain,xoilactv3[.]online,malicious,2026-08-13
domain,xoilac-tv4[.]club,malicious,2026-08-13
domain,xoilacwx[.]top,malicious,2026-08-13
domain,xoilacppt[.]top,malicious,2026-08-13
domain,sekainorekisi[.]com,malicious,2026-08-13
domain,mitom-xoilac[.]pro,malicious,2026-08-13
domain,xoilackvc[.]cc,malicious,2026-08-13
domain,domma[.]io,malicious,2026-08-13
domain,gawkbox[.]com,malicious,2026-08-13
domain,xoilac86e[.]tv,malicious,2026-08-13
domain,xoilachd-affcup2026b[.]live,malicious,2026-08-13
domain,cakhiaxl[.]cc,malicious,2026-08-13
domain,tracksidegrill[.]com,malicious,2026-08-13
domain,xoilaczl[.]mobi,malicious,2026-08-13
domain,euraster[.]net,malicious,2026-08-13
domain,xoilac365ll[.]cc,malicious,2026-08-13
domain,xoilac86o[.]cc,malicious,2026-08-13
domain,the-outpost[.]com,malicious,2026-08-13
domain,xoilaczzqqz[.]tv,malicious,2026-08-13
domain,xoilacbongda-affcup2026b[.]live,malicious,2026-08-13
domain,xoilaclink-affcup2026a[.]live,malicious,2026-08-13
domain,xoilac247-affcup2026b[.]live,malicious,2026-08-13
domain,gavang-affcup2026[.]live,malicious,2026-08-13
domain,xoilac-tructiepaffcup2026[.]live,malicious,2026-08-13
domain,deandalawfirm[.]com,malicious,2026-08-13
domain,alayatea[.]co,malicious,2026-08-13
domain,amundsen[.]io,malicious,2026-08-13
domain,colahd-wc2026[.]tv,malicious,2026-08-13
domain,brainster[.]io,malicious,2026-08-13
domain,ketquabongdaduc[.]co,malicious,2026-08-13
domain,lavoraresicuro[.]net,malicious,2026-08-13
domain,gavang-affcup2026b[.]live,malicious,2026-08-13
domain,xoilac86e[.]cc,malicious,2026-08-13
domain,salescrm[.]io,malicious,2026-08-13
domain,purerawk[.]com,malicious,2026-08-13
domain,micaroon[.]com,malicious,2026-08-13
domain,artpulse[.]tv,malicious,2026-08-13
domain,nextmoney[.]org,malicious,2026-08-13
domain,xoilaczs[.]cc,malicious,2026-08-13
domain,mitommm[.]cc,malicious,2026-08-13
domain,text2mindmap[.]com,malicious,2026-08-13
domain,xoilac86tv[.]com,malicious,2026-08-13
domain,xoilacbongda-affcup2026c[.]tv,malicious,2026-08-13
domain,xoilackvm[.]tv,malicious,2026-08-13
domain,xoilaczzmmz[.]tv,malicious,2026-08-13
domain,socoliveoo[.]tv,malicious,2026-08-13
domain,deviceranks[.]com,malicious,2026-08-13
domain,cloudxchange[.]io,malicious,2026-08-13
domain,realtoughcandy[.]io,malicious,2026-08-13
domain,slauth[.]io,malicious,2026-08-13
domain,geometrydashfree[.]com,malicious,2026-08-13
domain,thapcamtv-affcup2026[.]live,malicious,2026-08-13
domain,xoilacxtb[.]tv,malicious,2026-08-13
domain,covencle[.]com,malicious,2026-08-13
domain,tipplingclub[.]com,malicious,2026-08-13
domain,socolivevv[.]tv,malicious,2026-08-13
domain,cakhiazkj[.]cc,malicious,2026-08-13
domain,darktide[.]live,malicious,2026-08-13
domain,xoilackva[.]cc,malicious,2026-08-13
domain,vaoroizzf[.]cc,malicious,2026-08-13
domain,vamox[.]io,malicious,2026-08-13
domain,wemetatgrossingers[.]com,malicious,2026-08-13
domain,forsythcapitalgroup[.]com,malicious,2026-08-13
domain,clipshe[.]com,malicious,2026-08-13
domain,ape-project[.]org,malicious,2026-08-13
domain,beer-money[.]io,malicious,2026-08-13
domain,xoilacxyf[.]tv,malicious,2026-08-13
domain,xoilaczz[.]cc,malicious,2026-08-13
domain,coinmarketcard[.]com,malicious,2026-08-13
domain,themexicansuitcase[.]com,malicious,2026-08-13
domain,gacor25[.]cloud,malicious,2026-08-13
domain,transferts-lr[.]org,malicious,2026-08-13
domain,gacor25[.]co,malicious,2026-08-13
domain,gacor25resmi[.]com,malicious,2026-08-13
domain,gagaga[.]cc,malicious,2026-08-13
domain,mungkindiaterlahirbegitu[.]xyz,malicious,2026-08-13
domain,twentymanning[.]com,malicious,2026-08-13
domain,gacor25[.]network,malicious,2026-08-13
domain,defusie[.]net,malicious,2026-08-13
domain,zionvio[.]com,malicious,2026-08-13
domain,90phutak[.]cc,malicious,2026-08-13
domain,vebozza[.]cc,malicious,2026-08-13
domain,xoilackvs[.]tv,malicious,2026-08-13
domain,xoilaczxl[.]cc,malicious,2026-08-13
domain,ultimatvodka[.]com,malicious,2026-08-13
domain,gourou[.]tv,malicious,2026-08-13
domain,haircutmenfrederickmd[.]com,malicious,2026-08-13
domain,xoilacvzz[.]cc,malicious,2026-08-13
domain,getfixd[.]io,malicious,2026-08-13
domain,thepressfree[.]com,malicious,2026-08-13
domain,cakhiazvm[.]tv,malicious,2026-08-13
domain,xoilacttbd-affcup2026a[.]tv,malicious,2026-08-13
domain,xoilaczzxxz[.]tv,malicious,2026-08-13
domain,xoilackvn[.]tv,malicious,2026-08-13
domain,tv8g[.]com,malicious,2026-08-13
domain,xoilac365zv[.]tv,malicious,2026-08-13
domain,bongdaluvip[.]us,malicious,2026-08-13
domain,vebozzf[.]cc,malicious,2026-08-13
domain,beverlybank[.]com,malicious,2026-08-13
domain,xoilaczvr[.]cc,malicious,2026-08-13
domain,skillreactor[.]io,malicious,2026-08-13
domain,xoilac86h[.]cc,malicious,2026-08-13
domain,myfcpower[.]com,malicious,2026-08-13
domain,cakhiazkx[.]cc,malicious,2026-08-13
domain,xoilac360-wc2026a[.]tv,malicious,2026-08-13
domain,handloads[.]com,malicious,2026-08-13
domain,rakhoizj[.]cc,malicious,2026-08-13
domain,rakhoiir[.]cc,malicious,2026-08-13
domain,ekta[.]io,malicious,2026-08-13
domain,90phutyy[.]io,malicious,2026-08-13
domain,hot1079online[.]com,malicious,2026-08-13
domain,learnux[.]io,malicious,2026-08-13
domain,mcortechnologies[.]com,malicious,2026-08-13
domain,electronicstakeback[.]com,malicious,2026-08-13
domain,xoilaczzazz[.]tv,malicious,2026-08-13
domain,socoliveee[.]ac,malicious,2026-08-13
domain,xoilac66[.]live,malicious,2026-08-13
domain,xoilacmu[.]cc,malicious,2026-08-13
domain,socolive56[.]cc,malicious,2026-08-13
domain,xoilacva[.]ac,malicious,2026-08-13
domain,xoilaczp[.]com,malicious,2026-08-13
domain,socolive28[.]ac,malicious,2026-08-13
domain,wesbran[.]com,malicious,2026-08-13
domain,espaidelesemocions[.]com,malicious,2026-08-13
domain,xoilaczzzxz[.]tv,malicious,2026-08-13
domain,thapcamtvz[.]com,malicious,2026-08-13
domain,xoilacnd[.]cc,malicious,2026-08-13
domain,socolive74[.]cc,malicious,2026-08-13
domain,cakhiatvw[.]com,malicious,2026-08-13
domain,xoilactv8386y[.]live,malicious,2026-08-13
domain,computeagainstcancer[.]org,malicious,2026-08-13
domain,fred-london[.]com,malicious,2026-08-13
domain,xoilactvi[.]net,malicious,2026-08-13
domain,xoilacnzzz[.]tv,malicious,2026-08-13
domain,socolivew[.]cc,malicious,2026-08-13
domain,socoliveg[.]ac,malicious,2026-08-13
domain,socolive6[.]ac,malicious,2026-08-13
domain,xoilactv8386p[.]live,malicious,2026-08-13
domain,socolive71[.]cc,malicious,2026-08-13
domain,socolive52[.]ac,malicious,2026-08-13
domain,milanfashionweeklive[.]com,malicious,2026-08-13
domain,treasuresofeuropetours[.]com,malicious,2026-08-13
domain,socolivetv2[.]co,malicious,2026-08-13
domain,socolive80[.]ac,malicious,2026-08-13
domain,socolive60[.]ac,malicious,2026-08-13
domain,visionlossconnections[.]org,malicious,2026-08-13
domain,xoilacxzk[.]tv,malicious,2026-08-13
domain,xoilacna[.]tv,malicious,2026-08-13
domain,cakhiatv[.]media,malicious,2026-08-13
domain,xoilacvi1[.]net,malicious,2026-08-13
domain,xoilaczpzz[.]tv,malicious,2026-08-13
domain,uwff[.]com,malicious,2026-08-13
domain,socolivetv[.]ws,malicious,2026-08-13
domain,squash2020[.]com,malicious,2026-08-13
domain,socolive73[.]cc,malicious,2026-08-13
domain,socolive50[.]ac,malicious,2026-08-13
domain,xoilactv[.]bid,malicious,2026-08-13
domain,dynamicsyntax[.]org,malicious,2026-08-13
domain,xoilacz5[.]top,malicious,2026-08-13
domain,nancyvn[.]com,malicious,2026-08-13
domain,socolive63[.]ac,malicious,2026-08-13
domain,socolive98[.]ac,malicious,2026-08-13
domain,xoilac37[.]run,malicious,2026-08-13
domain,icaird[.]com,malicious,2026-08-13
domain,socolivetv[.]ceo,malicious,2026-08-13
domain,franksndawgs[.]com,malicious,2026-08-13
domain,xoilacuzzz[.]tv,malicious,2026-08-13
domain,xoilacszt[.]tv,malicious,2026-08-13
domain,cakhiatvk[.]com,malicious,2026-08-13
domain,socolive70[.]cc,malicious,2026-08-13
domain,socolive56[.]ac,malicious,2026-08-13
domain,chambaragame[.]com,malicious,2026-08-13
domain,cakhiatv[.]futbol,malicious,2026-08-13
domain,xoilactv8386z[.]live,malicious,2026-08-13
domain,moroccancam[.]com,malicious,2026-08-13
domain,canwoodgallery[.]com,malicious,2026-08-13
domain,90phuttv[.]bz,malicious,2026-08-13
domain,gene-chips[.]com,malicious,2026-08-13
domain,checkaso[.]io,malicious,2026-08-13
domain,thapcam-worldcup2026a[.]tv,malicious,2026-08-13
domain,simplethingcalledlife[.]com,malicious,2026-08-13
domain,xoilacxte[.]tv,malicious,2026-08-13
domain,bcp24[.]io,malicious,2026-08-13
domain,xoilac360-worldcup2026a[.]tv,malicious,2026-08-13
domain,guildprotocol[.]io,malicious,2026-08-13
domain,6789x[.]site,malicious,2026-08-13
domain,sportfitnessonline[.]com[.]mx,malicious,2026-08-13
domain,cakhia-worldcup2026a[.]com,malicious,2026-08-13
domain,rakhoizb[.]cc,malicious,2026-08-13
domain,xoilac365xa[.]tv,malicious,2026-08-13
domain,pinkai[.]io,malicious,2026-08-13
domain,colatv[.]live,malicious,2026-08-13
domain,cryptologic[.]io,malicious,2026-08-13
domain,la-ligne-claire[.]com,malicious,2026-08-13
domain,90phutz95[.]live,malicious,2026-08-13
domain,t411[.]io,malicious,2026-08-13
domain,malivar[.]io,malicious,2026-08-13
domain,xoilackvv[.]tv,malicious,2026-08-13
domain,jdognetarrantcounty[.]com,malicious,2026-08-13
domain,kubecloud[.]io,malicious,2026-08-13
domain,xoilaczzzm[.]tv,malicious,2026-08-13
domain,cakhiazvv[.]tv,malicious,2026-08-13
domain,xoilac86et[.]tv,malicious,2026-08-13
domain,xoilaciip[.]cc,malicious,2026-08-13
domain,cakhiadd[.]io,malicious,2026-08-13
domain,cakhiazztt[.]cc,malicious,2026-08-13
domain,cakhiazzhh[.]cc,malicious,2026-08-13
domain,schoolmaskpack[.]com,malicious,2026-08-13
domain,cakhiazzdd[.]cc,malicious,2026-08-13
domain,socolivecc[.]tv,malicious,2026-08-13
domain,twinmusicom[.]org,malicious,2026-08-13
domain,xoilacxq[.]com,malicious,2026-08-13
domain,xoilacza[.]com,malicious,2026-08-13
domain,xoilactvw[.]com,malicious,2026-08-13
domain,xoilacll[.]com,malicious,2026-08-13
domain,xoilacd[.]com,malicious,2026-08-13
domain,xoilaczq[.]com,malicious,2026-08-13
domain,xoilacmm[.]com,malicious,2026-08-13
domain,xoilacpp[.]com,malicious,2026-08-13
domain,xoilaczk[.]com,malicious,2026-08-13
domain,xoilacst[.]com,malicious,2026-08-13
domain,xoilacwz[.]biz,malicious,2026-08-13
domain,xoilacki[.]biz,malicious,2026-08-13
domain,xoilacsz[.]biz,malicious,2026-08-13
domain,xoilackh[.]com,malicious,2026-08-13
domain,xoilacxc[.]com,malicious,2026-08-13
domain,xoilaczl[.]com,malicious,2026-08-13
domain,socolivexz[.]com,malicious,2026-08-13
domain,xoilacvt[.]com,malicious,2026-08-13
domain,xoilaczb[.]com,malicious,2026-08-13
domain,xoilacwzv[.]com,malicious,2026-08-13
domain,xoilacxb[.]com,malicious,2026-08-13
domain,xoilacxa[.]com,malicious,2026-08-13
domain,xoilacm[.]com,malicious,2026-08-13
domain,cakhiakz[.]com,malicious,2026-08-13
domain,socolivexv[.]com,malicious,2026-08-13
domain,xoilaczg[.]net,malicious,2026-08-13
domain,socolivexv[.]biz,malicious,2026-08-13
domain,xoilaczl[.]net,malicious,2026-08-13
domain,xoilackvz[.]tv,malicious,2026-08-13
domain,xoilac86tv[.]live,malicious,2026-08-13
domain,xoilacvvr[.]cc,malicious,2026-08-13
domain,pyramidresearch[.]com,malicious,2026-08-13
domain,xoilac86al[.]tv,malicious,2026-08-13
domain,90phutzl[.]tv,malicious,2026-08-13
domain,xoilac365oo[.]cc,malicious,2026-08-13
domain,xoilac86m[.]cc,malicious,2026-08-13
domain,xoilackvq[.]tv,malicious,2026-08-13
domain,gardendalegoodshepherd[.]org,malicious,2026-08-13
domain,aditedtechspac[.]com,malicious,2026-08-13
domain,wearewizards[.]io,malicious,2026-08-13
domain,teamdetroit[.]com,malicious,2026-08-13
domain,befitter[.]io,malicious,2026-08-13
domain,themarketnyc[.]com,malicious,2026-08-13
domain,sasfny[.]org,malicious,2026-08-13
domain,dewandakwah[.]com,malicious,2026-08-13
domain,caribbeanpsychology[.]org,malicious,2026-08-13
domain,hubermaintainer[.]com,malicious,2026-08-13
domain,vebozas[.]cc,malicious,2026-08-13
domain,vebozah[.]cc,malicious,2026-08-13
domain,rakhoiig[.]cc,malicious,2026-08-13
domain,xoilac365zz[.]cc,malicious,2026-08-13
domain,mitomtvg[.]cc,malicious,2026-08-13
domain,xoilackvg[.]tv,malicious,2026-08-13
domain,90phutcg[.]tv,malicious,2026-08-13
domain,xoilaccg[.]tv,malicious,2026-08-13
domain,xoilaczzggz[.]tv,malicious,2026-08-13
domain,90phutcb[.]tv,malicious,2026-08-13
domain,socolivehh[.]tv,malicious,2026-08-13
domain,mitom2[.]net,malicious,2026-08-13
domain,nhandinhsevilla[.]site,malicious,2026-08-13
domain,rakhoitvzf[.]cc,malicious,2026-08-13
domain,colatvxe[.]cc,malicious,2026-08-13
domain,colatvapi[.]live,malicious,2026-08-13
domain,vaoroixz[.]cc,malicious,2026-08-13
domain,socolivexzi[.]cc,malicious,2026-08-13
domain,xoilactvbr[.]cc,malicious,2026-08-13
domain,mitomxva[.]cc,malicious,2026-08-13
domain,veboxze[.]cc,malicious,2026-08-13
domain,cakhiaxvg[.]cc,malicious,2026-08-13
domain,xoilacvxz[.]cc,malicious,2026-08-13
domain,xoilactvbo[.]cc,malicious,2026-08-13
domain,socolivexvu[.]cc,malicious,2026-08-13
domain,mitomxvg[.]cc,malicious,2026-08-13
domain,nhandinhbongda[.]site,malicious,2026-08-13
domain,rakhoizx[.]top,malicious,2026-08-13
domain,caheo88xh[.]cc,malicious,2026-08-13
domain,colatv88xi[.]cc,malicious,2026-08-13
domain,nhandinhasroma[.]website,malicious,2026-08-13
domain,nice6686vipvn[.]com,malicious,2026-08-13
domain,rakhoixz[.]top,malicious,2026-08-13
domain,rakhoi88xe[.]cc,malicious,2026-08-13
domain,nhandinhbayern[.]online,malicious,2026-08-13
domain,nhandinhmu[.]online,malicious,2026-08-13
domain,vaoroixv[.]cc,malicious,2026-08-13
domain,saoketve[.]world,malicious,2026-08-13
domain,xoilacvxk[.]cc,malicious,2026-08-13
domain,xoilac88k[.]cc,malicious,2026-08-13
domain,saoketvxb[.]cc,malicious,2026-08-13
domain,mitomxb[.]cc,malicious,2026-08-13
domain,socolivexzf[.]cc,malicious,2026-08-13
domain,rakhoixv[.]vip,malicious,2026-08-13
domain,cakhia18[.]online,malicious,2026-08-13
domain,vsbet06[.]net,malicious,2026-08-13
domain,nhandinhtottenham[.]site,malicious,2026-08-13
domain,rakhoixk[.]vip,malicious,2026-08-13
domain,xoilacwxt[.]cc,malicious,2026-08-13
domain,veboxvc[.]cc,malicious,2026-08-13
domain,xoilacxaz[.]cc,malicious,2026-08-13
domain,caheoxvu[.]cc,malicious,2026-08-13
domain,90phutx2[.]info,malicious,2026-08-13
domain,vaoroixvc[.]cc,malicious,2026-08-13
domain,rakhoivxs[.]cc,malicious,2026-08-13
domain,cakhiaxd[.]cc,malicious,2026-08-13
domain,xoilacgra[.]tv,malicious,2026-08-13
domain,vaoroixva[.]cc,malicious,2026-08-13
domain,soikeonapoli[.]online,malicious,2026-08-13
domain,xoilacgk[.]cc,malicious,2026-08-13
domain,xoilac90[.]online,malicious,2026-08-13
domain,mitomxvr[.]cc,malicious,2026-08-13
domain,caheoxz[.]cc,malicious,2026-08-13
domain,mitomxvh[.]cc,malicious,2026-08-13
domain,xoilactvs7[.]cc,malicious,2026-08-13
domain,xoilackc[.]cc,malicious,2026-08-13
domain,socolivexb[.]cc,malicious,2026-08-13
domain,caheotv2[.]me,malicious,2026-08-13
domain,vsbet108[.]com,malicious,2026-08-13
domain,vaoroixvu[.]cc,malicious,2026-08-13
domain,caheoxv[.]top,malicious,2026-08-13
domain,cakhiakg[.]cc,malicious,2026-08-13
domain,vebotv[.]digital,malicious,2026-08-13
domain,nhandinhroma[.]xyz,malicious,2026-08-13
domain,vsbet128[.]com,malicious,2026-08-13
domain,xoilacvxe[.]cc,malicious,2026-08-13
domain,cakhiaxt[.]cc,malicious,2026-08-13
domain,rakhoitvx4[.]cc,malicious,2026-08-13
domain,xoilacxad[.]cc,malicious,2026-08-13
domain,rakhoivxv[.]cc,malicious,2026-08-13
domain,rakhoitvxa[.]cc,malicious,2026-08-13
domain,90phutxve[.]cc,malicious,2026-08-13
domain,rakhoi88xr[.]cc,malicious,2026-08-13
domain,colatvxn[.]cc,malicious,2026-08-13
domain,caheox5[.]cc,malicious,2026-08-13
domain,vaoroitvx1[.]cc,malicious,2026-08-13
domain,caheotvxc[.]cc,malicious,2026-08-13
domain,vaoroixvt[.]cc,malicious,2026-08-13
domain,xoilacmya[.]cc,malicious,2026-08-13
domain,xoilacmyb[.]cc,malicious,2026-08-13
domain,socolivexvi[.]cc,malicious,2026-08-13
domain,cakhiakvz[.]top,malicious,2026-08-13
domain,vaoroixt[.]cc,malicious,2026-08-13
domain,90phutxvg[.]cc,malicious,2026-08-13
domain,nhandinhkeonhacai[.]site,malicious,2026-08-13
domain,socolivexf[.]cc,malicious,2026-08-13
domain,caheo2[.]homes,malicious,2026-08-13
domain,colatvxt[.]cc,malicious,2026-08-13
domain,rakhoivxa[.]cc,malicious,2026-08-13
domain,cakhiaxl[.]vip,malicious,2026-08-13
domain,nhandinhastonvilla[.]xyz,malicious,2026-08-13
domain,xoilactvb9[.]cc,malicious,2026-08-13
domain,vaoroitvx3[.]cc,malicious,2026-08-13
domain,caheoxvl[.]cc,malicious,2026-08-13
domain,cakhiake[.]cc,malicious,2026-08-13
domain,caheo88xk[.]cc,malicious,2026-08-13
domain,xoilactvbab[.]cc,malicious,2026-08-13
domain,cakhiakvv[.]cc,malicious,2026-08-13
domain,vaoroi3[.]live,malicious,2026-08-13
domain,socolivexvk[.]cc,malicious,2026-08-13
domain,veboxb[.]cc,malicious,2026-08-13
domain,nhandinhfulham[.]online,malicious,2026-08-13
domain,thapcamvsa[.]cc,malicious,2026-08-13
domain,vsbet10[.]net,malicious,2026-08-13
domain,nhandinhkeobongda[.]xyz,malicious,2026-08-13
domain,xoilactvb5[.]cc,malicious,2026-08-13
domain,veboxve[.]cc,malicious,2026-08-13
domain,veboxt[.]cc,malicious,2026-08-13
domain,xoilacvx17[.]cc,malicious,2026-08-13
domain,xoilacmyd[.]cc,malicious,2026-08-13
domain,socolivexzg[.]cc,malicious,2026-08-13
domain,xoilacwab[.]cc,malicious,2026-08-13
domain,xoilacwaf[.]cc,malicious,2026-08-13
domain,xoilactvx10[.]club,malicious,2026-08-13
domain,vebo3[.]one,malicious,2026-08-13
domain,6686live[.]cc,malicious,2026-08-13
domain,xoilackzz[.]top,malicious,2026-08-13
domain,vaoroi88xn[.]cc,malicious,2026-08-13
domain,rakhoi88xc[.]cc,malicious,2026-08-13
domain,cakhiaxm[.]biz,malicious,2026-08-13
domain,socolive88xd[.]cc,malicious,2026-08-13
domain,xoilactvx5[.]club,malicious,2026-08-13
domain,nhandinhbongdaaegoal[.]xyz,malicious,2026-08-13
domain,cakhiakz[.]top,malicious,2026-08-13
domain,socolivexz[.]top,malicious,2026-08-13
domain,saokex6[.]cc,malicious,2026-08-13
domain,colatvz[.]top,malicious,2026-08-13
domain,veboxvz[.]cc,malicious,2026-08-13
domain,caheoxvi[.]cc,malicious,2026-08-13
domain,mitomxvs[.]cc,malicious,2026-08-13
domain,xoilacwk[.]cc,malicious,2026-08-13
domain,socolivexa[.]cc,malicious,2026-08-13
domain,mitomtvxb[.]cc,malicious,2026-08-13
domain,vsbet103[.]com,malicious,2026-08-13
domain,vsbet150[.]com,malicious,2026-08-13
domain,gavang33[.]tv,malicious,2026-08-13
domain,mitomxh[.]cc,malicious,2026-08-13
domain,caheotvxb[.]cc,malicious,2026-08-13
domain,vaoroi88xo[.]cc,malicious,2026-08-13
domain,colatvxh[.]cc,malicious,2026-08-13
domain,xoilactvs6[.]cc,malicious,2026-08-13
domain,90phutxvs[.]cc,malicious,2026-08-13
domain,vsbet133[.]com,malicious,2026-08-13
domain,colatvxk[.]vip,malicious,2026-08-13
domain,socolivexv[.]cc,malicious,2026-08-13
domain,nhandinhchelsea[.]online,malicious,2026-08-13
domain,xoilac88d[.]cc,malicious,2026-08-13
domain,cakhia8[.]online,malicious,2026-08-13
domain,vsbet129[.]com,malicious,2026-08-13
domain,xoilactvbb[.]cc,malicious,2026-08-13
domain,socolivexvd[.]cc,malicious,2026-08-13
domain,xoilac88u[.]cc,malicious,2026-08-13
domain,rakhoi88xm[.]cc,malicious,2026-08-13
domain,cakhia88xb[.]cc,malicious,2026-08-13
domain,mitomxvi[.]cc,malicious,2026-08-13
domain,tylesoikeo[.]site,malicious,2026-08-13
domain,xoilacsosb[.]live,malicious,2026-08-13
domain,colatvxs[.]cc,malicious,2026-08-13
domain,xoilactvl8[.]cc,malicious,2026-08-13
domain,xoilackk[.]top,malicious,2026-08-13
domain,xoilactvs2[.]cc,malicious,2026-08-13
domain,cakhiaxvv[.]cc,malicious,2026-08-13
domain,rakhoivxh[.]cc,malicious,2026-08-13
domain,xoilac10[.]store,malicious,2026-08-13
domain,xoilacwf[.]cc,malicious,2026-08-13
domain,xoilacww[.]cc,malicious,2026-08-13
domain,cakhiaxvz[.]cc,malicious,2026-08-13
domain,cakhiabongda[.]online,malicious,2026-08-13
domain,saokexd[.]cc,malicious,2026-08-13
domain,xoilackvf[.]cc,malicious,2026-08-13
domain,xoilacane[.]live,malicious,2026-08-13
domain,mitomxz[.]cc,malicious,2026-08-13
domain,mitomtvxa[.]cc,malicious,2026-08-13
domain,rakhoitvxc[.]cc,malicious,2026-08-13
domain,caheo88xe[.]cc,malicious,2026-08-13
domain,xoilactvbah[.]cc,malicious,2026-08-13
domain,socolivezx[.]cc,malicious,2026-08-13
domain,vebovb[.]cc,malicious,2026-08-13
domain,xoilactv[.]lat,malicious,2026-08-13
domain,xoilactvbai[.]cc,malicious,2026-08-13
domain,socolivenet6[.]cc,malicious,2026-08-13
domain,socolive88xb[.]cc,malicious,2026-08-13
domain,xoilactvbq[.]cc,malicious,2026-08-13
domain,xoilac88va[.]cc,malicious,2026-08-13
domain,colatv88xe[.]cc,malicious,2026-08-13
domain,cakhiakc[.]cc,malicious,2026-08-13
domain,xoilaccka[.]biz,malicious,2026-08-13
domain,cakhiaxcn[.]cc,malicious,2026-08-13
domain,xoilactvbg[.]cc,malicious,2026-08-13
domain,colatvxi[.]cc,malicious,2026-08-13
domain,vaoroixvo[.]cc,malicious,2026-08-13
domain,caheotvxk[.]cc,malicious,2026-08-13
domain,xoilactvs5[.]cc,malicious,2026-08-13
domain,caheoxvz[.]cc,malicious,2026-08-13
domain,nhandinhngoaihanganh[.]site,malicious,2026-08-13
domain,mitomxvq[.]cc,malicious,2026-08-13
domain,xoilactvx2[.]club,malicious,2026-08-13
domain,xoilacana[.]live,malicious,2026-08-13
domain,xoilac88c[.]cc,malicious,2026-08-13
domain,xoilactvbam[.]cc,malicious,2026-08-13
domain,colatvxz[.]cc,malicious,2026-08-13
domain,vaoroi88xi[.]cc,malicious,2026-08-13
domain,rakhoitvva[.]cc,malicious,2026-08-13
domain,rakhoi88xt[.]cc,malicious,2026-08-13
domain,nhandinhpsg[.]online,malicious,2026-08-13
domain,mitom[.]world,malicious,2026-08-13
domain,xoilackvd[.]cc,malicious,2026-08-13
domain,rakhoixvl[.]cc,malicious,2026-08-13
domain,lichthidauliverpool[.]online,malicious,2026-08-13
domain,vsbet05[.]net,malicious,2026-08-13
domain,rakhoitvv3[.]cc,malicious,2026-08-13
domain,cakhia88xa[.]cc,malicious,2026-08-13
domain,xoilactvle[.]cc,malicious,2026-08-13
domain,xoilackzz[.]cc,malicious,2026-08-13
domain,xoilactvbs[.]cc,malicious,2026-08-13
domain,xoilactvbal[.]cc,malicious,2026-08-13
domain,xoilacsaa[.]cc,malicious,2026-08-13
domain,nhandinhrealmadrid[.]xyz,malicious,2026-08-13
domain,nhandinhbenfica[.]online,malicious,2026-08-13
domain,xoilactvk8[.]cc,malicious,2026-08-13
domain,cakhiaxzd[.]cc,malicious,2026-08-13
domain,rakhoitvzc[.]cc,malicious,2026-08-13
domain,vaoroixvg[.]cc,malicious,2026-08-13
domain,xoilacxyz[.]xyz,malicious,2026-08-13
domain,90phutxvh[.]cc,malicious,2026-08-13
domain,rakhoi88xf[.]cc,malicious,2026-08-13
domain,xoilacsad[.]cc,malicious,2026-08-13
domain,cakhiaxvd[.]cc,malicious,2026-08-13
domain,xoilactvbad[.]cc,malicious,2026-08-13
domain,cakhiaxa[.]cc,malicious,2026-08-13
domain,vsbet114[.]com,malicious,2026-08-13
domain,caheotvxz[.]cc,malicious,2026-08-13
domain,soikeoargentina[.]fun,malicious,2026-08-13
domain,colatvx[.]com,malicious,2026-08-13
domain,xoilacsaf[.]cc,malicious,2026-08-13
domain,xoilackzs[.]cc,malicious,2026-08-13
domain,xoilaczvsb[.]cc,malicious,2026-08-13
domain,mitomxvn[.]cc,malicious,2026-08-13
domain,mitomxg[.]cc,malicious,2026-08-13
domain,cakhiaxvf[.]cc,malicious,2026-08-13
domain,rakhoitvv4[.]cc,malicious,2026-08-13
domain,90phut-tv[.]online,malicious,2026-08-13
domain,saoke2[.]world,malicious,2026-08-13
domain,soikeoaegoal[.]site,malicious,2026-08-13
domain,nhandinhmc[.]xyz,malicious,2026-08-13
domain,cakhiakt[.]cc,malicious,2026-08-13
domain,vaoroi2[.]online,malicious,2026-08-13
domain,xoilacsab[.]cc,malicious,2026-08-13
domain,xoilactvx6[.]club,malicious,2026-08-13
domain,cakhiaxv[.]cc,malicious,2026-08-13
domain,xoilacvxt[.]cc,malicious,2026-08-13
domain,xoilacwae[.]cc,malicious,2026-08-13
domain,rakhoivxc[.]cc,malicious,2026-08-13
domain,veboxvf[.]cc,malicious,2026-08-13
domain,socolivexvb[.]cc,malicious,2026-08-13
domain,veboxza[.]cc,malicious,2026-08-13
domain,socolivexvz[.]cc,malicious,2026-08-13
domain,vaoroixc[.]cc,malicious,2026-08-13
domain,cakhiaxzc[.]cc,malicious,2026-08-13
domain,veboxvi[.]cc,malicious,2026-08-13
domain,90phutza[.]cc,malicious,2026-08-13
domain,cakhia6tv[.]online,malicious,2026-08-13
domain,veboxvx[.]cc,malicious,2026-08-13
domain,rakhoitvxf[.]cc,malicious,2026-08-13
domain,vaoroi10[.]cc,malicious,2026-08-13
domain,vsbet07[.]net,malicious,2026-08-13
domain,caheotvxe[.]cc,malicious,2026-08-13
domain,cakhia88xe[.]cc,malicious,2026-08-13
domain,rakhoi88xo[.]cc,malicious,2026-08-13
domain,nhandinhbongdaduc[.]xyz,malicious,2026-08-13
domain,soikeopsg[.]online,malicious,2026-08-13
domain,nhandinharsenal[.]site,malicious,2026-08-13
domain,nhandinhinter[.]online,malicious,2026-08-13
domain,rakhoivxe[.]cc,malicious,2026-08-13
domain,cakhiaka[.]cc,malicious,2026-08-13
domain,veboxvk[.]cc,malicious,2026-08-13
domain,cakhiavc[.]cc,malicious,2026-08-13
domain,cakhiaxb[.]cc,malicious,2026-08-13
domain,cakhiaxf[.]cc,malicious,2026-08-13
domain,vaoroixve[.]cc,malicious,2026-08-13
domain,caheo88xn[.]cc,malicious,2026-08-13
domain,xoilactvld[.]cc,malicious,2026-08-13
domain,mitomtvka[.]cc,malicious,2026-08-13
domain,xoilactvb11[.]cc,malicious,2026-08-13
domain,colatv48[.]live,malicious,2026-08-13
domain,nhandinhnewcastle[.]site,malicious,2026-08-13
domain,xoilackg[.]cc,malicious,2026-08-13
domain,xoilactvbf[.]cc,malicious,2026-08-13
domain,veboxvg[.]cc,malicious,2026-08-13
domain,xoilactvx7[.]club,malicious,2026-08-13
domain,xoilacsx[.]cc,malicious,2026-08-13
domain,colatvxl[.]cc,malicious,2026-08-13
domain,xoilactvs3[.]cc,malicious,2026-08-13
domain,xoilacwag[.]cc,malicious,2026-08-13
domain,xoilaccka[.]vip,malicious,2026-08-13
domain,cakhiaxve[.]cc,malicious,2026-08-13
domain,xoilactvl5[.]cc,malicious,2026-08-13
domain,vebotv1[.]asia,malicious,2026-08-13
domain,ketquabundesliga[.]online,malicious,2026-08-13
domain,colatvxx[.]biz,malicious,2026-08-13
domain,nhandinhbongdawap[.]xyz,malicious,2026-08-13
domain,mitomxvo[.]cc,malicious,2026-08-13
domain,xoilacvsa[.]cc,malicious,2026-08-13
domain,xoilactvs1[.]cc,malicious,2026-08-13
domain,90phutxvd[.]cc,malicious,2026-08-13
domain,xoilacwxa[.]cc,malicious,2026-08-13
domain,cakhiaxvc[.]cc,malicious,2026-08-13
domain,xoilaczvsa[.]cc,malicious,2026-08-13
domain,cakhiakv[.]top,malicious,2026-08-13
domain,90phutlive[.]xyz,malicious,2026-08-13
domain,xoilac88xe[.]cc,malicious,2026-08-13
domain,vaoroivc[.]cc,malicious,2026-08-13
domain,mitomxa[.]cc,malicious,2026-08-13
domain,saoketvx7[.]cc,malicious,2026-08-13
domain,xoilacwaa[.]cc,malicious,2026-08-13
domain,caheotvxd[.]cc,malicious,2026-08-13
domain,xoilacgrb[.]tv,malicious,2026-08-13
domain,xoilacw[.]com,malicious,2026-08-13
domain,veboxd[.]cc,malicious,2026-08-13
domain,socolivexvs[.]cc,malicious,2026-08-13
domain,veboxvl[.]cc,malicious,2026-08-13
domain,xoilactvb7[.]cc,malicious,2026-08-13
domain,vsbet17[.]net,malicious,2026-08-13
domain,xoilacsac[.]cc,malicious,2026-08-13
domain,mitomxvm[.]cc,malicious,2026-08-13
domain,vaoroixg[.]cc,malicious,2026-08-13
domain,rakhoixv[.]com,malicious,2026-08-13
domain,xoilackz[.]cc,malicious,2026-08-13
domain,colatvxa[.]cc,malicious,2026-08-13
domain,nhandinhbongdaphap[.]site,malicious,2026-08-13
domain,cakhiaxvk[.]cc,malicious,2026-08-13
domain,colatvxz[.]top,malicious,2026-08-13
domain,cakhiakx[.]cc,malicious,2026-08-13
domain,rakhoitvxe[.]cc,malicious,2026-08-13
domain,cakhia10tv[.]xyz,malicious,2026-08-13
domain,cakhiaxvx[.]cc,malicious,2026-08-13
domain,xoilac-live[.]org,malicious,2026-08-13
domain,veboxvh[.]cc,malicious,2026-08-13
domain,nhandinhwestham[.]online,malicious,2026-08-13
domain,mitomxf[.]cc,malicious,2026-08-13
domain,nhandinhbongdanhacai[.]site,malicious,2026-08-13
domain,mitomxvd[.]cc,malicious,2026-08-13
domain,xoilacxze[.]cc,malicious,2026-08-13
domain,xoilaczvsb[.]tv,malicious,2026-08-13
domain,xoilactvbaa[.]cc,malicious,2026-08-13
domain,xoilacsv[.]cc,malicious,2026-08-13
domain,caheo5[.]homes,malicious,2026-08-13
domain,cakhiakzx[.]cc,malicious,2026-08-13
domain,xoilackf[.]cc,malicious,2026-08-13
domain,caheotvxf[.]cc,malicious,2026-08-13
domain,cakhia13[.]lol,malicious,2026-08-13
domain,xoilac88v[.]cc,malicious,2026-08-13
domain,rakhoi88xh[.]cc,malicious,2026-08-13
domain,colatv7[.]cc,malicious,2026-08-13
domain,mitomxve[.]cc,malicious,2026-08-13
domain,nhandinhaegoal[.]site,malicious,2026-08-13
domain,xoilactvbd[.]cc,malicious,2026-08-13
domain,caheo88xa[.]cc,malicious,2026-08-13
domain,caheo88xo[.]cc,malicious,2026-08-13
domain,mitomxvl[.]cc,malicious,2026-08-13
domain,xoilack10[.]cc,malicious,2026-08-13
domain,caheoxa[.]cc,malicious,2026-08-13
domain,xoilactvl6[.]cc,malicious,2026-08-13
domain,90phutx1[.]info,malicious,2026-08-13
domain,vaoroi88xa[.]cc,malicious,2026-08-13
domain,colatvxv[.]vip,malicious,2026-08-13
domain,xoilactvlf[.]cc,malicious,2026-08-13
domain,colatv88xa[.]cc,malicious,2026-08-13
domain,vaoroi88xk[.]cc,malicious,2026-08-13
domain,veboxz[.]top,malicious,2026-08-13
domain,vaoroi88xb[.]cc,malicious,2026-08-13
domain,90phutxvf[.]cc,malicious,2026-08-13
domain,vsbet147[.]com,malicious,2026-08-13
domain,gavangvsc[.]cc,malicious,2026-08-13
domain,xoilacwac[.]cc,malicious,2026-08-13
domain,rakhoitvvd[.]cc,malicious,2026-08-13
domain,xoilacvxi[.]cc,malicious,2026-08-13
domain,soikeowestham[.]online,malicious,2026-08-13
domain,nhandinhkeohomnay[.]online,malicious,2026-08-13
domain,vaoroi88xl[.]cc,malicious,2026-08-13
domain,rakhoitvv1[.]cc,malicious,2026-08-13
domain,vaoroixk[.]top,malicious,2026-08-13
domain,caheoxvk[.]cc,malicious,2026-08-13
domain,xoilac88e[.]cc,malicious,2026-08-13
domain,xoilacxvx[.]cc,malicious,2026-08-13
domain,saoketvxa[.]cc,malicious,2026-08-13
domain,90phutxvc[.]cc,malicious,2026-08-13
domain,nhandinhbongda24h[.]xyz,malicious,2026-08-13
domain,xoilacxae[.]cc,malicious,2026-08-13
domain,90phut-xyz[.]online,malicious,2026-08-13
domain,xoilactvs4[.]cc,malicious,2026-08-13
domain,vebotv5[.]asia,malicious,2026-08-13
domain,vsbet04[.]net,malicious,2026-08-13
domain,xoilactvb6[.]cc,malicious,2026-08-13
domain,xoilacxab[.]cc,malicious,2026-08-13
domain,xoilactvb8[.]cc,malicious,2026-08-13
domain,cakhiakvv[.]top,malicious,2026-08-13
domain,xoilactvbx[.]cc,malicious,2026-08-13
domain,xoilacvsa[.]tv,malicious,2026-08-13
domain,vsbet123[.]com,malicious,2026-08-13
domain,xoilackx[.]cc,malicious,2026-08-13
domain,rakhoixy[.]top,malicious,2026-08-13
domain,xoilac88vb[.]cc,malicious,2026-08-13
domain,rakhoitvkz[.]vip,malicious,2026-08-13
domain,caheoxva[.]cc,malicious,2026-08-13
domain,mitomxvb[.]cc,malicious,2026-08-13
domain,caheo88xc[.]cc,malicious,2026-08-13
domain,xoilack9[.]cc,malicious,2026-08-13
domain,xoilacvxm[.]cc,malicious,2026-08-13
domain,nhandinhbangdatoinay[.]xyz,malicious,2026-08-13
domain,nhandinheverton[.]online,malicious,2026-08-13
domain,vaoroixt[.]vip,malicious,2026-08-13
domain,veboxv[.]cc,malicious,2026-08-13
domain,colatvxv[.]top,malicious,2026-08-13
domain,cakhiaxe[.]cc,malicious,2026-08-13
domain,veboxva[.]cc,malicious,2026-08-13
domain,xoilacxzv[.]win,malicious,2026-08-13
domain,xoilactvbak[.]cc,malicious,2026-08-13
domain,caheoxvm[.]cc,malicious,2026-08-13
domain,xoilacvxx[.]cc,malicious,2026-08-13
domain,socolivexg[.]cc,malicious,2026-08-13
domain,cakhiavb[.]cc,malicious,2026-08-13
domain,mitomxd[.]cc,malicious,2026-08-13
domain,90phutxva[.]cc,malicious,2026-08-13
domain,vsbet11[.]net,malicious,2026-08-13
domain,caheo88xd[.]cc,malicious,2026-08-13
domain,cakhiakd[.]cc,malicious,2026-08-13
domain,soikeojuventus[.]online,malicious,2026-08-13
domain,socolivexva[.]cc,malicious,2026-08-13
domain,vsbet08[.]net,malicious,2026-08-13
domain,mitomxvf[.]cc,malicious,2026-08-13
domain,xoilacgd[.]cc,malicious,2026-08-13
domain,caheoxvb[.]cc,malicious,2026-08-13
domain,caheo4[.]homes,malicious,2026-08-13
domain,nhandinhjuventus[.]site,malicious,2026-08-13
domain,vsbet16[.]net,malicious,2026-08-13
domain,6686club[.]com,malicious,2026-08-13
domain,mitomxvp[.]cc,malicious,2026-08-13
domain,xoilacgl[.]cc,malicious,2026-08-13
domain,caheox4[.]cc,malicious,2026-08-13
domain,nhandinhbongday[.]xyz,malicious,2026-08-13
domain,caheoxz[.]top,malicious,2026-08-13
domain,vaoroixsa[.]cc,malicious,2026-08-13
domain,cakhiavd[.]cc,malicious,2026-08-13
domain,xoilacvxv[.]cc,malicious,2026-08-13
domain,nhandinhnapoli[.]online,malicious,2026-08-13
domain,cakhiaxvh[.]cc,malicious,2026-08-13
domain,rakhoivxi[.]cc,malicious,2026-08-13
domain,xoilactv247[.]io,malicious,2026-08-13
domain,mitomx5[.]cc,malicious,2026-08-13
domain,cakhiakl[.]cc,malicious,2026-08-13
domain,cakhia15[.]vip,malicious,2026-08-13
domain,rakhoitvzg[.]cc,malicious,2026-08-13
domain,xoilacwxv[.]cc,malicious,2026-08-13
domain,vaoroi12[.]cc,malicious,2026-08-13
domain,xoilacxzs[.]cc,malicious,2026-08-13
domain,soikeoliverpool[.]club,malicious,2026-08-13
domain,cakhiatv-link9[.]cc,malicious,2026-08-13
domain,90phutze[.]cc,malicious,2026-08-13
domain,socolivex5[.]cc,malicious,2026-08-13
domain,socolivexze[.]cc,malicious,2026-08-13
domain,soikeogoc[.]online,malicious,2026-08-13
domain,xoilacsz[.]cc,malicious,2026-08-13
domain,vaoroitvx4[.]cc,malicious,2026-08-13
domain,xoilacxx10[.]cc,malicious,2026-08-13
domain,vaoroixvh[.]cc,malicious,2026-08-13
domain,xoilacsv[.]vip,malicious,2026-08-13
domain,xoilacwi[.]cc,malicious,2026-08-13
domain,xoilacvxh[.]cc,malicious,2026-08-13
domain,caheoka[.]cc,malicious,2026-08-13
domain,rakhoi88xa[.]cc,malicious,2026-08-13
domain,xoilactvban[.]cc,malicious,2026-08-13
domain,cakhiaxvl[.]cc,malicious,2026-08-13
domain,xoilac88z[.]cc,malicious,2026-08-13
domain,xoilaccka[.]cc,malicious,2026-08-13
domain,socolivexe[.]cc,malicious,2026-08-13
domain,vaoroi88xc[.]cc,malicious,2026-08-13
domain,xoilacxx9[.]cc,malicious,2026-08-13
domain,saoketvc[.]world,malicious,2026-08-13
domain,cakhiaxx[.]cc,malicious,2026-08-13
domain,socolivex7[.]cc,malicious,2026-08-13
domain,cakhiatvx[.]black,malicious,2026-08-13
domain,xoilacvsb[.]tv,malicious,2026-08-13
domain,xoilactvl4[.]cc,malicious,2026-08-13
domain,xoilac88a[.]cc,malicious,2026-08-13
domain,xoilactvbp[.]cc,malicious,2026-08-13
domain,rakhoitvkz[.]cc,malicious,2026-08-13
domain,vebotv2[.]asia,malicious,2026-08-13
domain,saokexa[.]cc,malicious,2026-08-13
domain,nhandinhkeobongdahomnay[.]site,malicious,2026-08-13
domain,vaoroi88xh[.]cc,malicious,2026-08-13
domain,colatv5[.]cc,malicious,2026-08-13
domain,xoilacke[.]cc,malicious,2026-08-13
domain,xoilackz[.]top,malicious,2026-08-13
domain,rakhoitvze[.]cc,malicious,2026-08-13
domain,xoilactvbm[.]cc,malicious,2026-08-13
domain,caheoxvo[.]cc,malicious,2026-08-13
domain,nhandinhbongdademnay[.]site,malicious,2026-08-13
domain,cakhiaxvn[.]cc,malicious,2026-08-13
domain,xoilacwad[.]cc,malicious,2026-08-13
domain,vebova[.]cc,malicious,2026-08-13
domain,cakhiaxvm[.]cc,malicious,2026-08-13
domain,cakhia88xd[.]cc,malicious,2026-08-13
domain,nhandinhbongdanet[.]online,malicious,2026-08-13
domain,rakhoitvzd[.]cc,malicious,2026-08-13
domain,xoilac88xf[.]cc,malicious,2026-08-13
domain,soikeophatgochomnay[.]online,malicious,2026-08-13
domain,soikeonhacaihomnay[.]store,malicious,2026-08-13
domain,rakhoixt[.]cc,malicious,2026-08-13
domain,vsbet15[.]net,malicious,2026-08-13
domain,rakhoixvt[.]cc,malicious,2026-08-13
domain,xoilackb[.]cc,malicious,2026-08-13
domain,xoilactvbz[.]cc,malicious,2026-08-13
domain,xoilacxah[.]cc,malicious,2026-08-13
domain,socolivext[.]cc,malicious,2026-08-13
domain,soikeotoinay[.]site,malicious,2026-08-13
domain,xoilactvx3[.]club,malicious,2026-08-13
domain,colatvxk[.]cc,malicious,2026-08-13
domain,caheo88xp[.]cc,malicious,2026-08-13
domain,nhandinhbongdagoal[.]xyz,malicious,2026-08-13
domain,xoilacvsba[.]tv,malicious,2026-08-13
domain,xoilaclg[.]cc,malicious,2026-08-13
domain,colatv5[.]live,malicious,2026-08-13
domain,xoilacwzx[.]cc,malicious,2026-08-13
domain,cakhiaxsa[.]cc,malicious,2026-08-13
domain,90-phut[.]online,malicious,2026-08-13
domain,socolivexzl[.]cc,malicious,2026-08-13
domain,vsbet115[.]com,malicious,2026-08-13
domain,soikeophap[.]online,malicious,2026-08-13
domain,xoilactvbe[.]cc,malicious,2026-08-13
domain,xoilactvbk[.]cc,malicious,2026-08-13
domain,xoilacvsc[.]tv,malicious,2026-08-13
domain,xoilacwzx[.]top,malicious,2026-08-13
domain,caheotvxg[.]cc,malicious,2026-08-13
domain,vsbet144[.]com,malicious,2026-08-13
domain,caheotvx4[.]cc,malicious,2026-08-13
domain,xoilackd[.]cc,malicious,2026-08-13
domain,xoilactvx4[.]club,malicious,2026-08-13
domain,xoilacks[.]cc,malicious,2026-08-13
domain,nhandinhagoal[.]online,malicious,2026-08-13
domain,xoilac88xg[.]cc,malicious,2026-08-13
domain,xoilackv[.]cc,malicious,2026-08-13
domain,tylekeochaua[.]live,malicious,2026-08-13
domain,vaoroitv[.]digital,malicious,2026-08-13
domain,mitomxvk[.]cc,malicious,2026-08-13
domain,nhandinhacmilan[.]xyz,malicious,2026-08-13
domain,caheo1[.]homes,malicious,2026-08-13
domain,xoilacka[.]cc,malicious,2026-08-13
domain,vaoroixf[.]cc,malicious,2026-08-13
domain,socolivexc[.]top,malicious,2026-08-13
domain,xoilac88xa[.]cc,malicious,2026-08-13
domain,rakhoivxf[.]cc,malicious,2026-08-13
domain,mitomxz[.]top,malicious,2026-08-13
domain,rakhoixvk[.]cc,malicious,2026-08-13
domain,saoketvx6[.]cc,malicious,2026-08-13
domain,rakhoivxx[.]cc,malicious,2026-08-13
domain,vaoroi13[.]cc,malicious,2026-08-13
domain,xoilacxvv[.]cc,malicious,2026-08-13
domain,vsbet03[.]net,malicious,2026-08-13
domain,caheo3[.]homes,malicious,2026-08-13
domain,socolive88xa[.]cc,malicious,2026-08-13
domain,veboxzd[.]cc,malicious,2026-08-13
domain,cakhiaxvi[.]cc,malicious,2026-08-13
domain,xoilacvxg[.]cc,malicious,2026-08-13
domain,vsbet13[.]net,malicious,2026-08-13
domain,cakhiavsb[.]tv,malicious,2026-08-13
domain,soikeohomnay[.]shop,malicious,2026-08-13
domain,xoilacwxz[.]cc,malicious,2026-08-13
domain,cakhia15tv[.]online,malicious,2026-08-13
domain,ketquaseriea[.]online,malicious,2026-08-13
domain,rakhoi88xd[.]cc,malicious,2026-08-13
domain,xoilacwzz[.]top,malicious,2026-08-13
domain,vaoroixsv[.]cc,malicious,2026-08-13
domain,socolivexvc[.]cc,malicious,2026-08-13
domain,nhandinhbongda247[.]online,malicious,2026-08-13
domain,xoilacvxn[.]cc,malicious,2026-08-13
domain,cakhiaxvs[.]cc,malicious,2026-08-13
domain,xoilac88g[.]cc,malicious,2026-08-13
domain,vaoroixh[.]cc,malicious,2026-08-13
domain,caheo88xb[.]cc,malicious,2026-08-13
domain,colatvxu[.]cc,malicious,2026-08-13
domain,xoilac88x[.]cc,malicious,2026-08-13
domain,nhandinhbdhomnay[.]online,malicious,2026-08-13
domain,vaoroixzs[.]cc,malicious,2026-08-13
domain,veboxvv[.]cc,malicious,2026-08-13
domain,xoilac88m[.]cc,malicious,2026-08-13
domain,cakhiatv-link8[.]cc,malicious,2026-08-13
domain,vaoroixd[.]cc,malicious,2026-08-13
domain,cakhiaxvw[.]cc,malicious,2026-08-13
domain,cakhiaxc[.]cc,malicious,2026-08-13
domain,cakhiakk[.]cc,malicious,2026-08-13
domain,rakhoitv8[.]today,malicious,2026-08-13
domain,soikeobongda5s[.]shop,malicious,2026-08-13
domain,xoilac88xd[.]cc,malicious,2026-08-13
domain,cakhia88xc[.]cc,malicious,2026-08-13
domain,xoilacsah[.]cc,malicious,2026-08-13
domain,xoilactvbac[.]cc,malicious,2026-08-13
domain,xoilactvb10[.]cc,malicious,2026-08-13
domain,gavangtv[.]space,malicious,2026-08-13
domain,xoilacgb[.]cc,malicious,2026-08-13
domain,xoilacvxb[.]cc,malicious,2026-08-13
domain,cakhiakb[.]cc,malicious,2026-08-13
domain,cakhiaxva[.]cc,malicious,2026-08-13
domain,vsbet106[.]com,malicious,2026-08-13
domain,socolive88xc[.]cc,malicious,2026-08-13
domain,xoilactvb12[.]cc,malicious,2026-08-13
domain,colatv88xb[.]cc,malicious,2026-08-13
domain,vaoroixb[.]cc,malicious,2026-08-13
domain,rakhoitvxv[.]top,malicious,2026-08-13
domain,rakhoitvx3[.]cc,malicious,2026-08-13
domain,rakhoivxg[.]cc,malicious,2026-08-13
domain,socolivexzc[.]cc,malicious,2026-08-13
domain,cakhiakzc[.]cc,malicious,2026-08-13
domain,socolivex6[.]cc,malicious,2026-08-13
domain,vebotv3[.]asia,malicious,2026-08-13
domain,nhandinhliverpool[.]online,malicious,2026-08-13
domain,nhandinhbd[.]xyz,malicious,2026-08-13
domain,rakhoi88xb[.]cc,malicious,2026-08-13
domain,saokexb[.]cc,malicious,2026-08-13
domain,xoilac88f[.]cc,malicious,2026-08-13
domain,tructiepbongdacakhiatv[.]xyz,malicious,2026-08-13
domain,rakhoitvxb[.]cc,malicious,2026-08-13
domain,socolivexzd[.]cc,malicious,2026-08-13
domain,colatv88xc[.]cc,malicious,2026-08-13
domain,xoilac88xc[.]cc,malicious,2026-08-13
domain,90phutzb[.]cc,malicious,2026-08-13
domain,6686viet18[.]com,malicious,2026-08-13
domain,colatv[.]team,malicious,2026-08-13
domain,colatv[.]design,malicious,2026-08-13
domain,vaoroi88xg[.]cc,malicious,2026-08-13
domain,vebo4[.]club,malicious,2026-08-13
domain,xoilac6[.]store,malicious,2026-08-13
domain,xoilacgc[.]cc,malicious,2026-08-13
domain,admincltvio[.]com,malicious,2026-08-13
domain,vaoroi88xf[.]cc,malicious,2026-08-13
domain,xoilac90phut[.]site,malicious,2026-08-13
domain,6686viet20[.]com,malicious,2026-08-13
domain,nhacaikhuyenmai[.]org,malicious,2026-08-13
domain,soikeobongdademnay[.]xyz,malicious,2026-08-13
domain,colatvxx[.]com,malicious,2026-08-13
domain,xoilacsz[.]top,malicious,2026-08-13
domain,vebo5[.]org,malicious,2026-08-13
domain,caheotv3[.]me,malicious,2026-08-13
domain,xoilac88ve[.]cc,malicious,2026-08-13
domain,90phutzd[.]cc,malicious,2026-08-13
domain,cakhialinktructiep[.]com,malicious,2026-08-13
domain,rakhoi88xp[.]cc,malicious,2026-08-13
domain,cakhiavs[.]com,malicious,2026-08-13
domain,90phutx4[.]cc,malicious,2026-08-13
domain,xoilactv5[.]online,malicious,2026-08-13
domain,rakhoitv5[.]today,malicious,2026-08-13
domain,rakhoitv3[.]today,malicious,2026-08-13
domain,ketquavodichy[.]co,malicious,2026-08-13
domain,rakhoitvv[.]cc,malicious,2026-08-13
domain,cakhia10-link[.]com,malicious,2026-08-13
domain,socolivex4[.]cc,malicious,2026-08-13
domain,cakhia11[.]lol,malicious,2026-08-13
domain,adminxltvlive[.]com,malicious,2026-08-13
domain,xoilactv2[.]online,malicious,2026-08-13
domain,cakhia2[.]lol,malicious,2026-08-13
domain,mitomxv[.]com,malicious,2026-08-13
domain,xoilactvlb[.]cc,malicious,2026-08-13
domain,90phut9[.]store,malicious,2026-08-13
domain,cakhiatv-link3[.]site,malicious,2026-08-13
domain,xoilac88i[.]cc,malicious,2026-08-13
domain,rakhoi88xq[.]cc,malicious,2026-08-13
domain,xoilacwc[.]com,malicious,2026-08-13
domain,xoilac7net[.]info,malicious,2026-08-13
domain,admin90pst[.]com,malicious,2026-08-13
domain,xoilactvbl[.]cc,malicious,2026-08-13
domain,colatv88xg[.]cc,malicious,2026-08-13
domain,nhatthanhhr[.]com,malicious,2026-08-13
domain,cakhiatv-link4[.]cc,malicious,2026-08-13
domain,adminmypham[.]site,malicious,2026-08-13
domain,xembongda90phut[.]com,malicious,2026-08-13
domain,rakhoi88xi[.]cc,malicious,2026-08-13
domain,cakhia10link[.]xyz,malicious,2026-08-13
domain,colatv[.]center,malicious,2026-08-13
domain,vsbet[.]win,malicious,2026-08-13
domain,soikeotottenham[.]site,malicious,2026-08-13
domain,nhandinhnhacai[.]website,malicious,2026-08-13
domain,xoilacsosd[.]live,malicious,2026-08-13
domain,mitom3[.]agency,malicious,2026-08-13
domain,xembongdacola[.]com,malicious,2026-08-13
domain,soikeobongdatructuyen[.]club,malicious,2026-08-13
domain,rakhoitvzb[.]cc,malicious,2026-08-13
domain,xembongdacola[.]live,malicious,2026-08-13
domain,cakhia-17[.]com,malicious,2026-08-13
domain,ketqualiverpool[.]com,malicious,2026-08-13
domain,vebox10[.]cc,malicious,2026-08-13
domain,mitomtv5[.]work,malicious,2026-08-13
domain,6686viet17[.]com,malicious,2026-08-13
domain,adminphongkham[.]site,malicious,2026-08-13
domain,xoilacgh[.]cc,malicious,2026-08-13
domain,cakhiakze[.]cc,malicious,2026-08-13
domain,vsbet88[.]net,malicious,2026-08-13
domain,xoilactv[.]solutions,malicious,2026-08-13
domain,mitomtv8[.]work,malicious,2026-08-13
domain,nhandinhbongdaanh[.]website,malicious,2026-08-13
domain,90phutx3[.]cc,malicious,2026-08-13
domain,xoilactv90phut[.]xyz,malicious,2026-08-13
domain,colatv[.]com[.]co,malicious,2026-08-13
domain,6686viet15[.]com,malicious,2026-08-13
domain,cakhiakt[.]biz,malicious,2026-08-13
domain,cakhiatv-link7[.]cc,malicious,2026-08-13
domain,90phutx[.]info,malicious,2026-08-13
domain,rakhoitvx[.]cc,malicious,2026-08-13
domain,soikeointer[.]xyz,malicious,2026-08-13
domain,6686test[.]lat,malicious,2026-08-13
domain,socolivex1[.]cc,malicious,2026-08-13
domain,xoilacxac[.]cc,malicious,2026-08-13
domain,rakhoitvv5[.]cc,malicious,2026-08-13
domain,xoilactvk[.]site,malicious,2026-08-13
domain,xoilac-tv2[.]buzz,malicious,2026-08-13
domain,vaoroi11[.]cc,malicious,2026-08-13
domain,xoilacpkc[.]live,malicious,2026-08-13
domain,soikeomancity[.]club,malicious,2026-08-13
domain,cakhia7[.]lol,malicious,2026-08-13
domain,soikeolazio[.]fun,malicious,2026-08-13
domain,xoilacsae[.]cc,malicious,2026-08-13
domain,xoilacwg[.]com,malicious,2026-08-13
domain,vaoroi88xe[.]cc,malicious,2026-08-13
domain,rakhoitvxd[.]cc,malicious,2026-08-13
domain,cakhiave[.]cc,malicious,2026-08-13
domain,xoilacmpb[.]live,malicious,2026-08-13
domain,nhandinhbongday[.]com,malicious,2026-08-13
domain,colatv[.]blog,malicious,2026-08-13
domain,caheo88xq[.]cc,malicious,2026-08-13
domain,cakhia9[.]lol,malicious,2026-08-13
domain,ketquavongloaieuro[.]com,malicious,2026-08-13
domain,xoilacwd[.]com,malicious,2026-08-13
domain,90-link[.]xyz,malicious,2026-08-13
domain,soikeoworldcup[.]website,malicious,2026-08-13
domain,soikeotructuyen[.]online,malicious,2026-08-13
domain,xoilactvb2[.]fun,malicious,2026-08-13
domain,xoilac-tv3[.]club,malicious,2026-08-13
domain,90phutnet[.]com,malicious,2026-08-13
domain,admintctvcab[.]com,malicious,2026-08-13
domain,admincktvx[.]com,malicious,2026-08-13
domain,mitom2[.]agency,malicious,2026-08-13
domain,saoketvh[.]world,malicious,2026-08-13
domain,xoilacsv[.]top,malicious,2026-08-13
domain,soikeoreal[.]site,malicious,2026-08-13
domain,rakhoitv4[.]today,malicious,2026-08-13
domain,xoilac11[.]store,malicious,2026-08-13
domain,6686viet16[.]com,malicious,2026-08-13
domain,xoilactv7[.]online,malicious,2026-08-13
domain,colatv88xf[.]cc,malicious,2026-08-13
domain,admingvtvfun[.]com,malicious,2026-08-13
domain,xoilactvbi[.]cc,malicious,2026-08-13
domain,vebo8[.]site,malicious,2026-08-13
domain,nhandinhlazio[.]website,malicious,2026-08-13
domain,saoke5[.]agency,malicious,2026-08-13
domain,xoilac88vf[.]cc,malicious,2026-08-13
domain,6686viet10[.]com,malicious,2026-08-13
domain,mitomtv4[.]work,malicious,2026-08-13
domain,cakhiatvx1[.]life,malicious,2026-08-13
domain,vebotv9[.]asia,malicious,2026-08-13
domain,xoilac7[.]lol,malicious,2026-08-13
domain,ketquacupc1[.]online,malicious,2026-08-13
domain,cakhia14[.]lol,malicious,2026-08-13
domain,socolive5[.]life,malicious,2026-08-13
domain,vebox9[.]cc,malicious,2026-08-13
domain,xoilacwh[.]com,malicious,2026-08-13
domain,nhandinh[.]website,malicious,2026-08-13
domain,vaochoingay[.]com,malicious,2026-08-13
domain,xoilactvl3[.]online,malicious,2026-08-13
domain,adminsclop[.]com,malicious,2026-08-13
domain,admincltvws[.]com,malicious,2026-08-13
domain,adminxltvttbd[.]com,malicious,2026-08-13
domain,cakhiatv-link6[.]cc,malicious,2026-08-13
domain,cakhiavsa[.]tv,malicious,2026-08-13
domain,nhacaiuytin[.]guru,malicious,2026-08-13
domain,vaoroitvx5[.]cc,malicious,2026-08-13
domain,cakhiatv-link5[.]site,malicious,2026-08-13
domain,xoilacmpa[.]live,malicious,2026-08-13
domain,xoilacvxa[.]win,malicious,2026-08-13
domain,rakhoitv1[.]today,malicious,2026-08-13
domain,xoilacsag[.]cc,malicious,2026-08-13
domain,socolivexz[.]cc,malicious,2026-08-13
domain,nhandinhintermilan[.]website,malicious,2026-08-13
domain,colatvz2[.]cc,malicious,2026-08-13
domain,caheo88xl[.]cc,malicious,2026-08-13
domain,6686viet13[.]com,malicious,2026-08-13
domain,saoketvb[.]agency,malicious,2026-08-13
domain,socolive1[.]life,malicious,2026-08-13
domain,xoilac-tv1[.]buzz,malicious,2026-08-13
domain,soikeoarsenal[.]online,malicious,2026-08-13
domain,mitomtv6[.]work,malicious,2026-08-13
domain,nhacaiuytinpro[.]com,malicious,2026-08-13
domain,xoilactv247[.]com,malicious,2026-08-13
domain,cakhiaxk[.]cc,malicious,2026-08-13
domain,xoilacpka[.]live,malicious,2026-08-13
domain,colatv88xh[.]cc,malicious,2026-08-13
domain,xoilactvk5[.]cc,malicious,2026-08-13
domain,vaoroi5[.]site,malicious,2026-08-13
domain,xoilactvb3[.]fun,malicious,2026-08-13
domain,soikeochelsea[.]com,malicious,2026-08-13
domain,nhandinhbongdaduc[.]co,malicious,2026-08-13
domain,xoilactvhdxf[.]io,malicious,2026-08-13
domain,rakhoitvza[.]cc,malicious,2026-08-13
domain,xoilac12[.]store,malicious,2026-08-13
domain,cakhialinh[.]com,malicious,2026-08-13
domain,mitomxe[.]cc,malicious,2026-08-13
domain,saoketvf[.]world,malicious,2026-08-13
domain,cakhia6[.]lol,malicious,2026-08-13
domain,rakhoi88xs[.]cc,malicious,2026-08-13
domain,xoilac-bongdatructuyen[.]com,malicious,2026-08-13
domain,ketquacupc2[.]com,malicious,2026-08-13
domain,nhandinhbongdaphap[.]com,malicious,2026-08-13
domain,xoilacxai[.]cc,malicious,2026-08-13
domain,cakhiakzg[.]cc,malicious,2026-08-13
domain,xoilactv8[.]solutions,malicious,2026-08-13
domain,cakhiavs[.]io,malicious,2026-08-13
domain,cakhia10[.]lol,malicious,2026-08-13
domain,soikeodortmund[.]site,malicious,2026-08-13
domain,90phutx1[.]cc,malicious,2026-08-13
domain,cakhiavsa[.]cc,malicious,2026-08-13
domain,vsbet19[.]net,malicious,2026-08-13
domain,caheo88xg[.]cc,malicious,2026-08-13
domain,xoilac8[.]store,malicious,2026-08-13
domain,vaoroi4[.]site,malicious,2026-08-13
domain,xoilacwe[.]com,malicious,2026-08-13
domain,mitom1[.]agency,malicious,2026-08-13
domain,xoilac88vi[.]cc,malicious,2026-08-13
domain,mitomtv[.]agency,malicious,2026-08-13
domain,colatvx1[.]cc,malicious,2026-08-13
domain,xoilacwl1[.]cc,malicious,2026-08-13
domain,saoke4[.]agency,malicious,2026-08-13
domain,mitomtv[.]work,malicious,2026-08-13
domain,90phut-tivi[.]com,malicious,2026-08-13
domain,vsbet09[.]net,malicious,2026-08-13
domain,vebo5[.]site,malicious,2026-08-13
domain,90phut2[.]store,malicious,2026-08-13
domain,vebotvx9[.]cc,malicious,2026-08-13
domain,xoilactv6[.]solutions,malicious,2026-08-13
domain,colatvhda[.]live,malicious,2026-08-13
domain,mitomx4[.]cc,malicious,2026-08-13
domain,90phutttbd[.]live,malicious,2026-08-13
domain,xoilacsosa[.]live,malicious,2026-08-13
domain,xoilactvl[.]online,malicious,2026-08-13
domain,cakhia16[.]lol,malicious,2026-08-13
domain,rakhoixx[.]com,malicious,2026-08-13
domain,xoilac-tv[.]agency,malicious,2026-08-13
domain,cakhia12[.]lol,malicious,2026-08-13
domain,90phut6[.]store,malicious,2026-08-13
domain,cakhia20tv[.]co,malicious,2026-08-13
domain,xoilaclive247hd[.]tv,malicious,2026-08-13
domain,colatvx[.]cc,malicious,2026-08-13
domain,xoilac5[.]store,malicious,2026-08-13
domain,caheo88xi[.]cc,malicious,2026-08-13
domain,xoilactvx15[.]club,malicious,2026-08-13
domain,xembongda[.]pw,malicious,2026-08-13
domain,adminxltvcul[.]com,malicious,2026-08-13
domain,xoilac88vg[.]cc,malicious,2026-08-13
domain,90phutzc[.]cc,malicious,2026-08-13
domain,colatvxb[.]cc,malicious,2026-08-13
domain,cakhiatvx[.]life,malicious,2026-08-13
domain,colatv4[.]cc,malicious,2026-08-13
domain,90phutx2[.]cc,malicious,2026-08-13
domain,xoilactvk2[.]site,malicious,2026-08-13
domain,xoilacvx1[.]win,malicious,2026-08-13
domain,colatv8[.]live,malicious,2026-08-13
domain,soikeo[.]space,malicious,2026-08-13
domain,6686viet11[.]com,malicious,2026-08-13
domain,colatvz1[.]cc,malicious,2026-08-13
domain,90phutxc[.]cc,malicious,2026-08-13
domain,cakhiatv-link[.]com,malicious,2026-08-13
domain,colatvhd[.]live,malicious,2026-08-13
domain,socolive2[.]life,malicious,2026-08-13
domain,6686viet19[.]com,malicious,2026-08-13
domain,nhandinhkeo[.]xyz,malicious,2026-08-13
domain,soikeotructiepbongda[.]website,malicious,2026-08-13
domain,soikeobrazil[.]xyz,malicious,2026-08-13
domain,xembongdacola[.]site,malicious,2026-08-13
domain,xoilaczvsa[.]tv,malicious,2026-08-13
domain,ketquacupfa[.]com,malicious,2026-08-13
domain,tructiep90phut[.]com,malicious,2026-08-13
domain,soikeonewcastle[.]site,malicious,2026-08-13
domain,vaoroixe[.]cc,malicious,2026-08-13
domain,xoilactv8[.]online,malicious,2026-08-13
domain,xoilactvb4[.]fun,malicious,2026-08-13
domain,soikeobongdatv[.]online,malicious,2026-08-13
domain,vebo6[.]site,malicious,2026-08-13
domain,rakhoixg[.]cc,malicious,2026-08-13
domain,xoilactvbag[.]cc,malicious,2026-08-13
domain,colatvz[.]cc,malicious,2026-08-13
domain,xoilacwa[.]com,malicious,2026-08-13
domain,xoilac-tv5[.]buzz,malicious,2026-08-13
domain,vebotvx8[.]cc,malicious,2026-08-13
domain,90phut3[.]store,malicious,2026-08-13
domain,colatv[.]group,malicious,2026-08-13
domain,xoilacvxv[.]win,malicious,2026-08-13
domain,xn--xilac-6ta[.]com,malicious,2026-08-13
domain,90phut8[.]store,malicious,2026-08-13
domain,cakhiatv-link2[.]site,malicious,2026-08-13
domain,luongsontv[.]blue,malicious,2026-08-13
domain,saoke3[.]agency,malicious,2026-08-13
domain,vaoroitv[.]space,malicious,2026-08-13
domain,soikeobongdahomnay[.]site,malicious,2026-08-13
domain,cakhiatvtructiepbongda[.]site,malicious,2026-08-13
domain,soikeochelsea[.]online,malicious,2026-08-13
domain,xoilactvbaf[.]cc,malicious,2026-08-13
domain,vebotv8[.]asia,malicious,2026-08-13
domain,rakhoi88xg[.]cc,malicious,2026-08-13
domain,rakhoitvx2[.]cc,malicious,2026-08-13
domain,vsbet-vbs1[.]co[.]com,malicious,2026-08-13
domain,vaoroi7[.]site,malicious,2026-08-13
domain,saoketvg[.]world,malicious,2026-08-13
domain,cakhia8[.]lol,malicious,2026-08-13
domain,vaoroi9[.]site,malicious,2026-08-13
domain,thegioiapple[.]net,malicious,2026-08-13
domain,cakhia1[.]lol,malicious,2026-08-13
domain,mitomtv9[.]work,malicious,2026-08-13
domain,xoilacsose[.]live,malicious,2026-08-13
domain,caheotvx5[.]cc,malicious,2026-08-13
domain,mitomtvxd[.]cc,malicious,2026-08-13
domain,xoilactvl2[.]online,malicious,2026-08-13
domain,cakhiakzf[.]cc,malicious,2026-08-13
domain,xoilactv10[.]online,malicious,2026-08-13
domain,colatv1[.]net,malicious,2026-08-13
domain,vaoroitvx[.]cc,malicious,2026-08-13
domain,cakhia4[.]lol,malicious,2026-08-13
domain,xoilacand[.]live,malicious,2026-08-13
domain,saoketvd[.]world,malicious,2026-08-13
domain,colatv-live[.]com,malicious,2026-08-13
domain,vaoroitv[.]cloud,malicious,2026-08-13
domain,lichthidauchelsea[.]com,malicious,2026-08-13
domain,cakhiakzd[.]cc,malicious,2026-08-13
domain,mitomtv1[.]work,malicious,2026-08-13
domain,soikeobongda[.]monster,malicious,2026-08-13
domain,adminsosmap[.]site,malicious,2026-08-13
domain,vebotv7[.]asia,malicious,2026-08-13
domain,vsbet14[.]net,malicious,2026-08-13
domain,saoke6[.]agency,malicious,2026-08-13
domain,soikeodemnay[.]fun,malicious,2026-08-13
domain,rakhoitv2[.]today,malicious,2026-08-13
domain,vebo7[.]site,malicious,2026-08-13
domain,lichthidaucupfa[.]co,malicious,2026-08-13
domain,socolivenet1[.]cc,malicious,2026-08-13
domain,xoilacwb[.]com,malicious,2026-08-13
domain,cakhiatv-link5[.]cc,malicious,2026-08-13
domain,cakhiatvxa[.]live,malicious,2026-08-13
domain,colatvx2[.]cc,malicious,2026-08-13
domain,90phutxd[.]cc,malicious,2026-08-13
domain,cakhiatvx2[.]life,malicious,2026-08-13
domain,xoilactvl1[.]online,malicious,2026-08-13
domain,xoilacwf[.]com,malicious,2026-08-13
domain,ketquabongdamu[.]com,malicious,2026-08-13
domain,xoilacmpc[.]live,malicious,2026-08-13
domain,colatv6[.]cc,malicious,2026-08-13
domain,vaoroi88xm[.]cc,malicious,2026-08-13
domain,soikeobodaonha[.]live,malicious,2026-08-13
domain,xoilac-tv[.]baby,malicious,2026-08-13
domain,socolive4[.]life,malicious,2026-08-13
domain,xoilactvbh[.]cc,malicious,2026-08-13
domain,lichthidaueuro[.]co,malicious,2026-08-13
domain,thegioivothuat[.]net,malicious,2026-08-13
domain,vebotv[.]cloud,malicious,2026-08-13
domain,cakhia10tv[.]online,malicious,2026-08-13
domain,vsbet3[.]co[.]com,malicious,2026-08-13
domain,xoilac9[.]store,malicious,2026-08-13
domain,veboxvm[.]cc,malicious,2026-08-13
domain,xembongda[.]world,malicious,2026-08-13
domain,saoke8[.]agency,malicious,2026-08-13
domain,soikeohalan[.]lol,malicious,2026-08-13
domain,vaoroi8[.]site,malicious,2026-08-13
domain,vsbet365[.]io,malicious,2026-08-13
domain,lichthidauligue1[.]online,malicious,2026-08-13
domain,mitomtv3[.]work,malicious,2026-08-13
domain,socolivenet2[.]cc,malicious,2026-08-13
domain,xoilactvx[.]com,malicious,2026-08-13
domain,xoilackvh[.]cc,malicious,2026-08-13
domain,saoketva[.]site,malicious,2026-08-13
domain,rakhoi88xl[.]cc,malicious,2026-08-13
domain,xoilactvk1[.]site,malicious,2026-08-13
domain,soikeochuan[.]site,malicious,2026-08-13
domain,xoilactvk3[.]site,malicious,2026-08-13
domain,soikeongoaihanganh[.]online,malicious,2026-08-13
domain,vaoroi6[.]site,malicious,2026-08-13
domain,cakhiatv-link4[.]site,malicious,2026-08-13
domain,90phut7[.]store,malicious,2026-08-13
domain,adminxltvgphd[.]com,malicious,2026-08-13
domain,rakhoi88xk[.]cc,malicious,2026-08-13
domain,xoilactvb1[.]fun,malicious,2026-08-13
domain,cakhiakza[.]cc,malicious,2026-08-13
domain,adminanstad[.]site,malicious,2026-08-13
domain,socolivenet4[.]cc,malicious,2026-08-13
domain,xoilactv4[.]online,malicious,2026-08-13
domain,soikeo88[.]site,malicious,2026-08-13
domain,6686viet12[.]com,malicious,2026-08-13
domain,xoilactvk6[.]cc,malicious,2026-08-13
domain,socolivenet7[.]cc,malicious,2026-08-13
domain,90phutk[.]online,malicious,2026-08-13
domain,xoilacanb[.]live,malicious,2026-08-13
domain,6686vn[.]biz,malicious,2026-08-13
domain,caheo88xm[.]cc,malicious,2026-08-13
domain,mitomtv7[.]work,malicious,2026-08-13
domain,xoilacxva[.]cc,malicious,2026-08-13
domain,socolivenet3[.]cc,malicious,2026-08-13
domain,90phutxf[.]cc,malicious,2026-08-13
domain,socolivexx[.]vip,malicious,2026-08-13
domain,cakhiakf[.]cc,malicious,2026-08-13
domain,saoke1[.]life,malicious,2026-08-13
domain,xoilacwl2[.]cc,malicious,2026-08-13
domain,caheoxvf[.]cc,malicious,2026-08-13
domain,xoilacmyc[.]cc,malicious,2026-08-13
domain,vsbet135[.]com,malicious,2026-08-13
domain,mitomxc[.]cc,malicious,2026-08-13
domain,90phutlink[.]xyz,malicious,2026-08-13
domain,xoilacvxf[.]cc,malicious,2026-08-13
domain,socolivexc[.]cc,malicious,2026-08-13
domain,rakhoivxm[.]cc,malicious,2026-08-13
domain,veboxc[.]cc,malicious,2026-08-13
domain,vsbet113[.]com,malicious,2026-08-13
domain,veboxvd[.]cc,malicious,2026-08-13
domain,caheo88xf[.]cc,malicious,2026-08-13
domain,xoilactvx8[.]club,malicious,2026-08-13
domain,xoilacvx16[.]cc,malicious,2026-08-13
domain,xoilactvbn[.]cc,malicious,2026-08-13
domain,cakhiakx[.]top,malicious,2026-08-13
domain,rakhoitvvc[.]cc,malicious,2026-08-13
domain,veboxvn[.]cc,malicious,2026-08-13
domain,vaoroixa[.]cc,malicious,2026-08-13
domain,caheoxvd[.]cc,malicious,2026-08-13
domain,vsbet18[.]net,malicious,2026-08-13
domain,xoilactvba[.]cc,malicious,2026-08-13
domain,xoilacwl3[.]cc,malicious,2026-08-13
domain,mitom[.]digital,malicious,2026-08-13
domain,vaoroitvx2[.]cc,malicious,2026-08-13
domain,socolivexzh[.]cc,malicious,2026-08-13
domain,xoilacsx[.]top,malicious,2026-08-13
domain,xoilactvl7[.]cc,malicious,2026-08-13
domain,xoilacvxd[.]cc,malicious,2026-08-13
domain,caheotvxa[.]cc,malicious,2026-08-13
domain,saokexc[.]cc,malicious,2026-08-13
domain,socolivexd[.]cc,malicious,2026-08-13
domain,xoilacvxs[.]cc,malicious,2026-08-13
domain,rakhoivxd[.]cc,malicious,2026-08-13
domain,cakhiavf[.]cc,malicious,2026-08-13
domain,xoilacwxy[.]cc,malicious,2026-08-13
domain,rakhoixz[.]vip,malicious,2026-08-13
domain,xoilacga[.]cc,malicious,2026-08-13
domain,veboxzb[.]cc,malicious,2026-08-13
domain,xoilacgi[.]cc,malicious,2026-08-13
domain,adminxoilac1[.]site,malicious,2026-08-13
domain,90phutxvb[.]cc,malicious,2026-08-13
domain,cakhiaxvb[.]cc,malicious,2026-08-13
domain,xoilac88xb[.]cc,malicious,2026-08-13
domain,colatvx[.]top,malicious,2026-08-13
domain,90phutxe[.]cc,malicious,2026-08-13
domain,xoilackvg[.]cc,malicious,2026-08-13
domain,vebotv4[.]asia,malicious,2026-08-13
domain,xoilac88h[.]cc,malicious,2026-08-13
domain,cakhiava[.]cc,malicious,2026-08-13
domain,cakhiakh[.]cc,malicious,2026-08-13
domain,mitomzx[.]cc,malicious,2026-08-13
domain,nhandinhbarca[.]online,malicious,2026-08-13
domain,vsbet142[.]com,malicious,2026-08-13
domain,vsbet102[.]com,malicious,2026-08-13
domain,veboxvb[.]cc,malicious,2026-08-13
domain,rakhoivxz[.]cc,malicious,2026-08-13
domain,vsbet145[.]com,malicious,2026-08-13
domain,colatvxc[.]cc,malicious,2026-08-13
domain,vaoroixvf[.]cc,malicious,2026-08-13
domain,veboxzc[.]cc,malicious,2026-08-13
domain,xoilac88l[.]cc,malicious,2026-08-13
domain,vaoroivb[.]cc,malicious,2026-08-13
domain,nhandinhmancity[.]site,malicious,2026-08-13
domain,soikeomu[.]live,malicious,2026-08-13
domain,saokex7[.]cc,malicious,2026-08-13
domain,cakhiaki[.]cc,malicious,2026-08-13
domain,caheotvx[.]cc,malicious,2026-08-13
domain,socolivexzk[.]cc,malicious,2026-08-13
domain,vsbet112[.]com,malicious,2026-08-13
domain,xoilactvbae[.]cc,malicious,2026-08-13
domain,vaoroiva[.]cc,malicious,2026-08-13
domain,nhandinhreal[.]online,malicious,2026-08-13
domain,vaoroi88xd[.]cc,malicious,2026-08-13
domain,cakhiaxg[.]cc,malicious,2026-08-13
domain,xoilaczvsc[.]cc,malicious,2026-08-13
domain,xoilac88b[.]cc,malicious,2026-08-13
domain,soikeonhacai[.]store,malicious,2026-08-13
domain,xoilac88xh[.]cc,malicious,2026-08-13
domain,rakhoitvv6[.]cc,malicious,2026-08-13
domain,xoilactvla[.]cc,malicious,2026-08-13
domain,xoilac88vd[.]cc,malicious,2026-08-13
domain,cakhiaxzb[.]cc,malicious,2026-08-13
domain,rakhoi88xn[.]cc,malicious,2026-08-13
domain,cakhiaxza[.]cc,malicious,2026-08-13
domain,rakhoitvvb[.]cc,malicious,2026-08-13
domain,veboxa[.]cc,malicious,2026-08-13
domain,90phutxvz[.]cc,malicious,2026-08-13
domain,xoilacgg[.]cc,malicious,2026-08-13
domain,nhandinhbayen[.]xyz,malicious,2026-08-13
domain,caheokb[.]cc,malicious,2026-08-13
domain,xoilac88vc[.]cc,malicious,2026-08-13
domain,colatvxm[.]cc,malicious,2026-08-13
domain,xoilacxaf[.]cc,malicious,2026-08-13
domain,vsbet131[.]com,malicious,2026-08-13
domain,cakhiatv-link1[.]site,malicious,2026-08-13
domain,90phutxa[.]cc,malicious,2026-08-13
domain,6686bet[.]in,malicious,2026-08-13
domain,vsbet01[.]net,malicious,2026-08-13
domain,socolivenet5[.]cc,malicious,2026-08-13
domain,mitomtvxc[.]cc,malicious,2026-08-13
domain,xoilac13[.]store,malicious,2026-08-13
domain,xoilacgf[.]cc,malicious,2026-08-13
domain,soikeobarca[.]xyz,malicious,2026-08-13
domain,xoilactvk7[.]cc,malicious,2026-08-13
domain,xoilac-tv2[.]club,malicious,2026-08-13
domain,tructiepbongdacakhia[.]com,malicious,2026-08-13
domain,xoilac3[.]store,malicious,2026-08-13
domain,xoilactv5[.]solutions,malicious,2026-08-13
domain,mitom[.]agency,malicious,2026-08-13
domain,admincktvorg[.]com,malicious,2026-08-13
domain,nhandinhatalanta[.]website,malicious,2026-08-13
domain,admingreenpark[.]site,malicious,2026-08-13
domain,cakhiatvttbd[.]live,malicious,2026-08-13
domain,xoilac-tv[.]buzz,malicious,2026-08-13
domain,cakhia-79[.]com,malicious,2026-08-13
domain,xoilac7[.]online,malicious,2026-08-13
domain,cakhia3[.]lol,malicious,2026-08-13
domain,xoilac-tv3[.]buzz,malicious,2026-08-13
domain,xoilacpk[.]cc,malicious,2026-08-13
domain,soikeobongdatoinay[.]xyz,malicious,2026-08-13
domain,rakhoitvv2[.]cc,malicious,2026-08-13
domain,vebotv10[.]asia,malicious,2026-08-13
domain,xoilac-tv4[.]buzz,malicious,2026-08-13
domain,90phut1[.]store,malicious,2026-08-13
domain,soikeoacmilan[.]xyz,malicious,2026-08-13
domain,soikeorealmadrid[.]website,malicious,2026-08-13
domain,xoilactv6[.]online,malicious,2026-08-13
domain,colatvddos[.]com,malicious,2026-08-13
domain,xoilactvx1[.]online,malicious,2026-08-13
domain,nicevn6686vip[.]com,malicious,2026-08-13
domain,soikeotaybannha[.]xyz,malicious,2026-08-13
domain,90phutxb[.]cc,malicious,2026-08-13
domain,xoilactvk4[.]site,malicious,2026-08-13
domain,6686viet14[.]com,malicious,2026-08-13
domain,vsbet109[.]com,malicious,2026-08-13
domain,vsbet02[.]net,malicious,2026-08-13
domain,lichthidaucupc1[.]com,malicious,2026-08-13
domain,caheo88xr[.]cc,malicious,2026-08-13
domain,vebotv[.]asia,malicious,2026-08-13
domain,xoilactvb[.]fun,malicious,2026-08-13
domain,xoilac4[.]store,malicious,2026-08-13
domain,mitomtv2[.]work,malicious,2026-08-13
domain,vsbet12[.]net,malicious,2026-08-13
domain,soikeotructiep[.]live,malicious,2026-08-13
domain,socolive3[.]life,malicious,2026-08-13
domain,xoilac88vh[.]cc,malicious,2026-08-13
domain,90phuttructiepbongda[.]co,malicious,2026-08-13
domain,xoilacge[.]cc,malicious,2026-08-13
domain,vsbetz[.]net,malicious,2026-08-13
domain,soikeobdhomnay[.]website,malicious,2026-08-13
domain,vebotv6[.]asia,malicious,2026-08-13
domain,xoilacxag[.]cc,malicious,2026-08-13
domain,saoke7[.]agency,malicious,2026-08-13
domain,xoilacsosc[.]live,malicious,2026-08-13
domain,evriabe[.]homes,malicious,2026-08-13
domain,xoilaczzp[.]com,malicious,2026-08-13
domain,xoilaczze[.]com,malicious,2026-08-13
domain,xoilaczzrr[.]cc,malicious,2026-08-13
domain,xoilaczzy[.]com,malicious,2026-08-13
domain,xoilaczzo[.]com,malicious,2026-08-13
domain,evriabc[.]homes,malicious,2026-08-13
domain,xoilaczzq[.]com,malicious,2026-08-13
domain,xoilaczh[.]mobi,malicious,2026-08-13
domain,xoilaczm[.]mobi,malicious,2026-08-13
domain,universalfloorinc[.]com,malicious,2026-08-13
domain,xoilaclinkg[.]cc,malicious,2026-08-13
domain,xoilaczzh[.]com,malicious,2026-08-13
domain,xoilaclinkh[.]cc,malicious,2026-08-13
domain,evriabb[.]homes,malicious,2026-08-13
domain,xoilaczzd[.]com,malicious,2026-08-13
domain,xoilaczg[.]mobi,malicious,2026-08-13
domain,xoilaczi[.]mobi,malicious,2026-08-13
domain,xoilaczy[.]mobi,malicious,2026-08-13
domain,xoilaczztzz[.]com,malicious,2026-08-13
domain,xoilacza5[.]live,malicious,2026-08-13
domain,xoilaczzk[.]com,malicious,2026-08-13
domain,xoilaczzs[.]com,malicious,2026-08-13
domain,xoilaczu[.]mobi,malicious,2026-08-13
domain,xoilaczzww[.]cc,malicious,2026-08-13
domain,xoilaczz32[.]live,malicious,2026-08-13
domain,xoilaczz60[.]live,malicious,2026-08-13
domain,xoilaczzm[.]com,malicious,2026-08-13
domain,evriaba[.]homes,malicious,2026-08-13
domain,xoilaczzn[.]com,malicious,2026-08-13
domain,xoilaclinkb[.]cc,malicious,2026-08-13
domain,xoilaczzhh[.]cc,malicious,2026-08-13
domain,xoilaczzjj[.]cc,malicious,2026-08-13
domain,xoilaclinkd[.]cc,malicious,2026-08-13
domain,xoilaczzl[.]com,malicious,2026-08-13
domain,xoilaczzr[.]com,malicious,2026-08-13
domain,xoilaczw[.]mobi,malicious,2026-08-13
domain,xoilaczf[.]mobi,malicious,2026-08-13
domain,xoilaclinke[.]cc,malicious,2026-08-13
domain,xoilaczzj[.]com,malicious,2026-08-13
domain,xoilaczzu[.]com,malicious,2026-08-13
domain,xoilaczr[.]mobi,malicious,2026-08-13
domain,xoilaczzb[.]com,malicious,2026-08-13
domain,xoilacza4[.]live,malicious,2026-08-13
domain,xoilaczo[.]mobi,malicious,2026-08-13
domain,xoilaclinki[.]cc,malicious,2026-08-13
domain,xoilaczj[.]mobi,malicious,2026-08-13
domain,xoilaczzt[.]com,malicious,2026-08-13
domain,xoilaczs[.]mobi,malicious,2026-08-13
domain,xoilaczn[.]mobi,malicious,2026-08-13
domain,xoilaczzw[.]com,malicious,2026-08-13
domain,xoilaclinkj[.]cc,malicious,2026-08-13
domain,xoilaczq[.]mobi,malicious,2026-08-13
domain,xoilacza3[.]live,malicious,2026-08-13
domain,milannaillounge[.]com,malicious,2026-08-13
domain,allenparkbulldogs[.]com,malicious,2026-08-13
domain,bigguysmovingllc[.]com,malicious,2026-08-13
domain,southbaypartyrentals[.]com,malicious,2026-08-13
domain,proserviceappeal[.]com,malicious,2026-08-13
domain,tordx[.]com,malicious,2026-08-13
domain,timothystractors[.]com,malicious,2026-08-13
domain,mtzionlions[.]com,malicious,2026-08-13
domain,cleanlivingair[.]com,malicious,2026-08-13
domain,goddesswaxsalem[.]com,malicious,2026-08-13
domain,eagleguttersllc[.]com,malicious,2026-08-13
domain,aarthiq[.]in,malicious,2026-08-13
domain,earthtechspaphx[.]com,malicious,2026-08-13
domain,90phutao[.]cc,malicious,2026-08-13
domain,xoilaczhc[.]tv,malicious,2026-08-13
domain,xoilaczzn[.]cc,malicious,2026-08-13
domain,xoilaczzkk[.]tv,malicious,2026-08-13
domain,soullmax[.]top,malicious,2026-08-13
domain,blueangelstays[.]com,malicious,2026-08-13
domain,siashmed[.]com,malicious,2026-08-13
domain,quiet-disk-62f9[.]hrmcxaeel[.]workers[.]dev,malicious,2026-08-13
domain,tk88betvn[.]com,malicious,2026-08-13
domain,fun88-th[.]net,malicious,2026-08-13
domain,anue[.]org,malicious,2026-08-13
domain,prstatushub[.]biz,malicious,2026-08-13
domain,lifeabroadvisa[.]biz,malicious,2026-08-13
domain,easyresidencyvip[.]biz,malicious,2026-08-13
domain,90phutxxa[.]cc,malicious,2026-08-13
domain,socolive-affcup2026a[.]live,malicious,2026-08-13
domain,yaziyorum[.]io,malicious,2026-08-13
domain,liveliness[.]io,malicious,2026-08-13
domain,allforms[.]io,malicious,2026-08-13
domain,gacor25a[.]online,malicious,2026-08-13
domain,msrktz[.]app,malicious,2026-08-13
domain,vsbet276[.]com,malicious,2026-08-13
domain,8x255[.]com,malicious,2026-08-13
domain,msdht[.]app,malicious,2026-08-13
domain,ws-xyz[.]com,malicious,2026-08-13
domain,meung[.]app,malicious,2026-08-13
domain,colascore[.]com,malicious,2026-08-13
domain,koepgd[.]app,malicious,2026-08-13
domain,gvapi[.]cc,malicious,2026-08-13
domain,heybet2026[.]vip,malicious,2026-08-13
domain,mitom[.]vip,malicious,2026-08-13
domain,simplegiftsfarmcsa[.]com,malicious,2026-08-13
domain,ynottix[.]com,malicious,2026-08-13
domain,kemper-snowboards[.]com,malicious,2026-08-13
domain,argentas[.]io,malicious,2026-08-13
domain,cakhiazzff[.]cc,malicious,2026-08-13
domain,scientech-inc[.]com,malicious,2026-08-13
domain,xoilac365xn[.]tv,malicious,2026-08-13
domain,madeinkibera[.]org,malicious,2026-08-13
domain,mynft[.]io,malicious,2026-08-13
domain,powersj[.]io,malicious,2026-08-13
domain,xoilacxtz[.]tv,malicious,2026-08-13
domain,allstonsfinest[.]com,malicious,2026-08-13
domain,socolivell[.]tv,malicious,2026-08-13
domain,glassticwaterbottle[.]com,malicious,2026-08-13
domain,cakhiazzyy[.]cc,malicious,2026-08-13
domain,switch-witch[.]com,malicious,2026-08-13
domain,xoilacsb[.]cc,malicious,2026-08-13
domain,worstideaofalltime[.]com,malicious,2026-08-13
domain,xoilac86sb[.]tv,malicious,2026-08-13
domain,socolivejj[.]io,malicious,2026-08-13
domain,90phutsk[.]cc,malicious,2026-08-13
domain,90phutan[.]cc,malicious,2026-08-13
domain,messico[.]io,malicious,2026-08-13
domain,clitoris[.]io,malicious,2026-08-13
domain,huefestival[.]com,malicious,2026-08-13
domain,tylekeongoaihanganh[.]co,malicious,2026-08-13
domain,90phutxxb[.]cc,malicious,2026-08-13
domain,neworleanssoulfood[.]com,malicious,2026-08-13
domain,xoilackvo[.]tv,malicious,2026-08-13
domain,vapeview[.]co,malicious,2026-08-13
domain,cakhiatvf[.]com,malicious,2026-08-13
domain,cakhiazvk[.]tv,malicious,2026-08-13
domain,most-media[.]io,malicious,2026-08-13
domain,xoilacxyw[.]io,malicious,2026-08-13
domain,cakhiazvb[.]tv,malicious,2026-08-13
domain,xoilacxtu[.]tv,malicious,2026-08-13
domain,socolivekz[.]cc,malicious,2026-08-13
domain,xoilac365ii[.]cc,malicious,2026-08-13
domain,xoilacxtx[.]tv,malicious,2026-08-13
domain,xoilaczzb[.]io,malicious,2026-08-13
domain,theculinarytrail[.]com,malicious,2026-08-13
domain,es2017[.]io,malicious,2026-08-13
domain,libreriavicensviveschile[.]com,malicious,2026-08-13
domain,buildernation[.]io,malicious,2026-08-13
domain,hotelkrcpalace[.]com,malicious,2026-08-13
domain,xoilactivi[.]site,malicious,2026-08-13
domain,animegames[.]io,malicious,2026-08-13
domain,xoilacbongda-affcup2026[.]tv,malicious,2026-08-13
domain,instantnodes[.]co,malicious,2026-08-13
domain,stevedavisexcavating[.]com,malicious,2026-08-13
domain,dreami[.]io,malicious,2026-08-13
domain,kdewebdev[.]org,malicious,2026-08-13
domain,saivu[.]com,malicious,2026-08-13
domain,magiarecord-en[.]com,malicious,2026-08-13
domain,konkrete[.]io,malicious,2026-08-13
domain,scgames[.]io,malicious,2026-08-13
domain,getchargehubgo[.]io,malicious,2026-08-13
domain,cesvisalvamentos[.]com,malicious,2026-08-13
domain,skilab[.]com,malicious,2026-08-13
domain,fastfocus[.]io,malicious,2026-08-13
domain,middleoak[.]com,malicious,2026-08-13
domain,xoilachd-affcup2026[.]tv,malicious,2026-08-13
domain,emule[.]com,malicious,2026-08-13
domain,socolivell[.]io,malicious,2026-08-13
domain,lumbinirestaurant[.]com,malicious,2026-08-13
domain,xoilackvl[.]tv,malicious,2026-08-13
domain,pubwest[.]org,malicious,2026-08-13
domain,colourblender[.]io,malicious,2026-08-13
domain,geekbits[.]io,malicious,2026-08-13
domain,koleg[.]io,malicious,2026-08-13
domain,socolivemm[.]tv,malicious,2026-08-13
domain,xoilaczzllz[.]tv,malicious,2026-08-13
domain,ok-google[.]io,malicious,2026-08-13
domain,cakhiazvt[.]tv,malicious,2026-08-13
domain,tonibrisland[.]com,malicious,2026-08-13
domain,xoilaclinkf[.]cc,malicious,2026-08-13
domain,xoilactivil[.]cc,malicious,2026-08-13
domain,xoilactivio[.]cc,malicious,2026-08-13
domain,xoilactivip[.]cc,malicious,2026-08-13
domain,xoilactiviq[.]cc,malicious,2026-08-13
domain,xoilactivir[.]cc,malicious,2026-08-13
domain,xoilactiviu[.]cc,malicious,2026-08-13
domain,xoilactiviw[.]cc,malicious,2026-08-13
domain,xoilactiviy[.]cc,malicious,2026-08-13
domain,xoilacvzi[.]cc,malicious,2026-08-13
domain,uchicagogate[.]com,malicious,2026-08-13
domain,90phutbv[.]cc,malicious,2026-08-13
domain,90phut1[.]live,malicious,2026-08-13
domain,90phuta[.]live,malicious,2026-08-13
domain,90phuta[.]tv,malicious,2026-08-13
domain,90phutb[.]live,malicious,2026-08-13
domain,90phutcf[.]cc,malicious,2026-08-13
domain,90phutc[.]tv,malicious,2026-08-13
domain,90phutd[.]live,malicious,2026-08-13
domain,90phute[.]live,malicious,2026-08-13
domain,90phutf[.]live,malicious,2026-08-13
domain,90phutf[.]tv,malicious,2026-08-13
domain,90phuti[.]net,malicious,2026-08-13
domain,90phuti[.]tv,malicious,2026-08-13
domain,90phutk[.]live,malicious,2026-08-13
domain,90phutk[.]tv,malicious,2026-08-13
domain,90phutm2[.]live,malicious,2026-08-13
domain,90phutm[.]live,malicious,2026-08-13
domain,90phutn[.]live,malicious,2026-08-13
domain,90phuto[.]live,malicious,2026-08-13
domain,90phutp[.]live,malicious,2026-08-13
domain,90phutq[.]live,malicious,2026-08-13
domain,90phutq[.]tv,malicious,2026-08-13
domain,90phutr[.]live,malicious,2026-08-13
domain,90phutr[.]tv,malicious,2026-08-13
domain,90phuts[.]live,malicious,2026-08-13
domain,90phuts[.]tv,malicious,2026-08-13
domain,90phutsz[.]cc,malicious,2026-08-13
domain,90phutt[.]com,malicious,2026-08-13
domain,90phutt[.]live,malicious,2026-08-13
domain,90phutt[.]net,malicious,2026-08-13
domain,90phutt[.]tv,malicious,2026-08-13
domain,90phutu[.]live,malicious,2026-08-13
domain,90phutv[.]com,malicious,2026-08-13
domain,90phutve[.]cc,malicious,2026-08-13
domain,90phutvi[.]cc,malicious,2026-08-13
domain,90phutvk[.]cc,malicious,2026-08-13
domain,90phutv[.]net,malicious,2026-08-13
domain,90phutvo[.]cc,malicious,2026-08-13
domain,90phutvp[.]cc,malicious,2026-08-13
domain,90phutvq[.]cc,malicious,2026-08-13
domain,90phutvr[.]cc,malicious,2026-08-13
domain,90phutvt[.]cc,malicious,2026-08-13
domain,90phutv[.]tv,malicious,2026-08-13
domain,90phutvu[.]cc,malicious,2026-08-13
domain,90phutvy[.]cc,malicious,2026-08-13
domain,90phutxk[.]cc,malicious,2026-08-13
domain,90phutx10[.]live,malicious,2026-08-13
domain,90phutxl[.]cc,malicious,2026-08-13
domain,90phutx4[.]live,malicious,2026-08-13
domain,90phutx5[.]live,malicious,2026-08-13
domain,90phutx6[.]live,malicious,2026-08-13
domain,90phutx7[.]live,malicious,2026-08-13
domain,90phutx[.]live,malicious,2026-08-13
domain,90phutx8[.]live,malicious,2026-08-13
domain,90phutx9[.]live,malicious,2026-08-13
domain,90phutxg[.]cc,malicious,2026-08-13
domain,90phutxh[.]cc,malicious,2026-08-13
domain,90phutxj[.]cc,malicious,2026-08-13
domain,90phutxm[.]cc,malicious,2026-08-13
domain,90phutxn[.]cc,malicious,2026-08-13
domain,90phutxo[.]cc,malicious,2026-08-13
domain,90phutxp[.]cc,malicious,2026-08-13
domain,90phutxq[.]cc,malicious,2026-08-13
domain,90phutxr[.]cc,malicious,2026-08-13
domain,90phutxs[.]cc,malicious,2026-08-13
domain,90phutxt[.]cc,malicious,2026-08-13
domain,90phutx[.]tv,malicious,2026-08-13
domain,90phutxu[.]cc,malicious,2026-08-13
domain,90phutxw[.]cc,malicious,2026-08-13
domain,90phutxx[.]cc,malicious,2026-08-13
domain,90phutxy[.]cc,malicious,2026-08-13
domain,90phuty[.]live,malicious,2026-08-13
domain,90phutz10[.]live,malicious,2026-08-13
domain,90phutz11[.]live,malicious,2026-08-13
domain,90phutz12[.]live,malicious,2026-08-13
domain,90phutz13[.]live,malicious,2026-08-13
domain,90phutz14[.]live,malicious,2026-08-13
domain,90phutz15[.]live,malicious,2026-08-13
domain,90phutz16[.]live,malicious,2026-08-13
domain,90phutz17[.]live,malicious,2026-08-13
domain,90phutz1[.]live,malicious,2026-08-13
domain,90phutz27[.]live,malicious,2026-08-13
domain,90phutz2[.]live,malicious,2026-08-13
domain,90phutz3[.]live,malicious,2026-08-13
domain,90phutz4[.]live,malicious,2026-08-13
domain,90phutz5[.]live,malicious,2026-08-13
domain,90phutz6[.]live,malicious,2026-08-13
domain,90phutz7[.]live,malicious,2026-08-13
domain,90phutz8[.]live,malicious,2026-08-13
domain,90phutz9[.]live,malicious,2026-08-13
domain,90phutzf[.]cc,malicious,2026-08-13
domain,90phutzg[.]cc,malicious,2026-08-13
domain,90phutzh[.]cc,malicious,2026-08-13
domain,90phutzi[.]cc,malicious,2026-08-13
domain,90phutzj[.]cc,malicious,2026-08-13
domain,90phutzk[.]cc,malicious,2026-08-13
domain,90phutzl[.]cc,malicious,2026-08-13
domain,90phutzm[.]cc,malicious,2026-08-13
domain,90phutzn[.]cc,malicious,2026-08-13
domain,90phutzo[.]cc,malicious,2026-08-13
domain,90phutzp[.]cc,malicious,2026-08-13
domain,90phutzq[.]cc,malicious,2026-08-13
domain,90phutzr[.]cc,malicious,2026-08-13
domain,90phutzs[.]cc,malicious,2026-08-13
domain,90phutzt[.]cc,malicious,2026-08-13
domain,90phutzv[.]cc,malicious,2026-08-13
domain,90phutzw[.]cc,malicious,2026-08-13
domain,90phutzx[.]cc,malicious,2026-08-13
domain,90phutzy[.]cc,malicious,2026-08-13
domain,90phutzz[.]com,malicious,2026-08-13
domain,90phutzz[.]live,malicious,2026-08-13
domain,90phutzz[.]net,malicious,2026-08-13
domain,90phutzz[.]tv,malicious,2026-08-13
domain,90p-tv[.]com,malicious,2026-08-13
domain,90ptv[.]com,malicious,2026-08-13
domain,90p-tv[.]live,malicious,2026-08-13
domain,91phut1[.]live,malicious,2026-08-13
domain,91phut1[.]tv,malicious,2026-08-13
domain,91phut2[.]live,malicious,2026-08-13
domain,91phut[.]com,malicious,2026-08-13
domain,91phutz[.]com,malicious,2026-08-13
domain,91phutz[.]net,malicious,2026-08-13
domain,93phut[.]tv,malicious,2026-08-13
domain,93p[.]live,malicious,2026-08-13
domain,95phut[.]live,malicious,2026-08-13
domain,allegiant-airlinesreservations[.]com,malicious,2026-08-13
domain,andromda[.]org,malicious,2026-08-13
domain,api-score[.]com,malicious,2026-08-13
domain,bassatine[.]net,malicious,2026-08-13
domain,bennettsfreshroast[.]com,malicious,2026-08-13
domain,bevshots[.]com,malicious,2026-08-13
domain,bongdainfo1[.]com,malicious,2026-08-13
domain,bongdainfo2[.]com,malicious,2026-08-13
domain,bongdainfoc[.]tv,malicious,2026-08-13
domain,bongdainfo[.]net,malicious,2026-08-13
domain,bongdainfoo[.]com,malicious,2026-08-13
domain,bongdainfoo[.]net,malicious,2026-08-13
domain,bongdainfoo[.]tv,malicious,2026-08-13
domain,bongdainfor[.]net,malicious,2026-08-13
domain,bongdainfor[.]tv,malicious,2026-08-13
domain,bongdainfov[.]net,malicious,2026-08-13
domain,bongdainfov[.]tv,malicious,2026-08-13
domain,bongdainfox[.]tv,malicious,2026-08-13
domain,bongdainfoz[.]com,malicious,2026-08-13
domain,bongdainfoz[.]net,malicious,2026-08-13
domain,bongdainfoz[.]tv,malicious,2026-08-13
domain,bongdalu[.]social,malicious,2026-08-13
domain,bossanovacivicclub[.]com,malicious,2026-08-13
domain,buffalomarket[.]com,malicious,2026-08-13
domain,cakhia11[.]vip,malicious,2026-08-13
domain,cakhia14[.]live,malicious,2026-08-13
domain,cakhia1[.]net,malicious,2026-08-13
domain,cakhia247[.]tv,malicious,2026-08-13
domain,cakhia24[.]com,malicious,2026-08-13
domain,cakhia2[.]com,malicious,2026-08-13
domain,cakhia31[.]com,malicious,2026-08-13
domain,cakhia365z[.]com,malicious,2026-08-13
domain,cakhia365z[.]live,malicious,2026-08-13
domain,cakhia365z[.]net,malicious,2026-08-13
domain,cakhia5[.]net,malicious,2026-08-13
domain,cakhia77[.]com,malicious,2026-08-13
domain,cakhia77[.]live,malicious,2026-08-13
domain,cakhia77[.]tv,malicious,2026-08-13
domain,cakhia8[.]net,malicious,2026-08-13
domain,cakhia8[.]vip,malicious,2026-08-13
domain,cakhia9[.]vip,malicious,2026-08-13
domain,cakhiaai[.]cc,malicious,2026-08-13
domain,cakhiaa[.]top,malicious,2026-08-13
domain,cakhiab[.]top,malicious,2026-08-13
domain,cakhiaca[.]cc,malicious,2026-08-13
domain,cakhiacb[.]cc,malicious,2026-08-13
domain,cakhiacd[.]cc,malicious,2026-08-13
domain,cakhiace[.]cc,malicious,2026-08-13
domain,cakhiacg[.]cc,malicious,2026-08-13
domain,cakhiack[.]cc,malicious,2026-08-13
domain,cakhiact[.]cc,malicious,2026-08-13
domain,cakhiac[.]top,malicious,2026-08-13
domain,cakhiacv[.]cc,malicious,2026-08-13
domain,cakhiacx[.]cc,malicious,2026-08-13
domain,cakhiad[.]top,malicious,2026-08-13
domain,cakhiad[.]tv,malicious,2026-08-13
domain,cakhiae[.]top,malicious,2026-08-13
domain,cakhiaf[.]top,malicious,2026-08-13
domain,cakhiaf[.]tv,malicious,2026-08-13
domain,cakhiag[.]top,malicious,2026-08-13
domain,cakhiag[.]tv,malicious,2026-08-13
domain,cakhiah[.]top,malicious,2026-08-13
domain,cakhiah[.]tv,malicious,2026-08-13
domain,cakhia[.]io,malicious,2026-08-13
domain,cakhiai[.]top,malicious,2026-08-13
domain,cakhiai[.]tv,malicious,2026-08-13
domain,cakhiaj[.]top,malicious,2026-08-13
domain,cakhiaj[.]tv,malicious,2026-08-13
domain,cakhiak[.]top,malicious,2026-08-13
domain,cakhia[.]la,malicious,2026-08-13
domain,cakhia[.]ltd,malicious,2026-08-13
domain,cakhial[.]top,malicious,2026-08-13
domain,cakhia[.]mx,malicious,2026-08-13
domain,ca-khia[.]net,malicious,2026-08-13
domain,cakhiaq[.]tv,malicious,2026-08-13
domain,cakhian[.]top,malicious,2026-08-13
domain,cakhiao[.]top,malicious,2026-08-13
domain,cakhiao[.]tv,malicious,2026-08-13
domain,cakhiap[.]top,malicious,2026-08-13
domain,cakhiap[.]tv,malicious,2026-08-13
domain,cakhiaq[.]top,malicious,2026-08-13
domain,cakhiar[.]top,malicious,2026-08-13
domain,cakhias[.]top,malicious,2026-08-13
domain,cakhias[.]tv,malicious,2026-08-13
domain,cakhiat[.]top,malicious,2026-08-13
domain,cakhiat[.]tv,malicious,2026-08-13
domain,cakhiau[.]top,malicious,2026-08-13
domain,cakhiau[.]tv,malicious,2026-08-13
domain,cakhiav[.]cc,malicious,2026-08-13
domain,cakhiav[.]com,malicious,2026-08-13
domain,cakhiav[.]live,malicious,2026-08-13
domain,cakhiav[.]net,malicious,2026-08-13
domain,cakhiav[.]tv,malicious,2026-08-13
domain,cakhiaxm[.]cc,malicious,2026-08-13
domain,cakhiazzz[.]tv,malicious,2026-08-13
domain,cakhiaw[.]top,malicious,2026-08-13
domain,cakhiaxh[.]cc,malicious,2026-08-13
domain,cakhiaxj[.]cc,malicious,2026-08-13
domain,cakhiaxo[.]cc,malicious,2026-08-13
domain,cakhiaxp[.]cc,malicious,2026-08-13
domain,cakhiaxq[.]cc,malicious,2026-08-13
domain,cakhiaxr[.]cc,malicious,2026-08-13
domain,cakhiax[.]top,malicious,2026-08-13
domain,cakhiaztv[.]tv,malicious,2026-08-13
domain,cakhiaxy[.]cc,malicious,2026-08-13
domain,cakhiaxz[.]cc,malicious,2026-08-13
domain,cakhiay[.]top,malicious,2026-08-13
domain,cakhiay[.]tv,malicious,2026-08-13
domain,cakhiaz100[.]live,malicious,2026-08-13
domain,cakhiaz10[.]live,malicious,2026-08-13
domain,cakhiaz11[.]live,malicious,2026-08-13
domain,cakhiaz12[.]live,malicious,2026-08-13
domain,cakhiaz13[.]live,malicious,2026-08-13
domain,cakhiaz14[.]live,malicious,2026-08-13
domain,cakhiaz15[.]live,malicious,2026-08-13
domain,cakhiaz16[.]live,malicious,2026-08-13
domain,cakhiaz17[.]live,malicious,2026-08-13
domain,cakhiaz18[.]live,malicious,2026-08-13
domain,cakhiaz19[.]live,malicious,2026-08-13
domain,cakhiaz1[.]live,malicious,2026-08-13
domain,cakhiaz21[.]live,malicious,2026-08-13
domain,cakhiaz22[.]live,malicious,2026-08-13
domain,cakhiaz25[.]live,malicious,2026-08-13
domain,cakhiaz26[.]live,malicious,2026-08-13
domain,cakhiaz27[.]live,malicious,2026-08-13
domain,cakhiaz28[.]live,malicious,2026-08-13
domain,cakhiaz29[.]live,malicious,2026-08-13
domain,cakhiaz2[.]live,malicious,2026-08-13
domain,cakhiaz31[.]live,malicious,2026-08-13
domain,cakhiaz32[.]live,malicious,2026-08-13
domain,cakhiaz33[.]live,malicious,2026-08-13
domain,cakhiaz34[.]live,malicious,2026-08-13
domain,cakhiaz35[.]live,malicious,2026-08-13
domain,cakhiaz36[.]live,malicious,2026-08-13
domain,cakhiaz37[.]live,malicious,2026-08-13
domain,cakhiaz38[.]live,malicious,2026-08-13
domain,cakhiaz39[.]live,malicious,2026-08-13
domain,cakhiaz3[.]live,malicious,2026-08-13
domain,cakhiaz45[.]live,malicious,2026-08-13
domain,cakhiaz46[.]live,malicious,2026-08-13
domain,cakhiaz47[.]live,malicious,2026-08-13
domain,cakhiaz48[.]live,malicious,2026-08-13
domain,cakhiaz49[.]live,malicious,2026-08-13
domain,cakhiaz4[.]live,malicious,2026-08-13
domain,cakhiaz50[.]live,malicious,2026-08-13
domain,cakhiaz51[.]live,malicious,2026-08-13
domain,cakhiaz52[.]live,malicious,2026-08-13
domain,cakhiaz53[.]live,malicious,2026-08-13
domain,cakhiaz54[.]live,malicious,2026-08-13
domain,cakhiaz57[.]live,malicious,2026-08-13
domain,cakhiaz58[.]live,malicious,2026-08-13
domain,cakhiaz59[.]live,malicious,2026-08-13
domain,cakhiaz5[.]live,malicious,2026-08-13
domain,cakhiaz60[.]live,malicious,2026-08-13
domain,cakhiaz6[.]live,malicious,2026-08-13
domain,cakhiaz7[.]live,malicious,2026-08-13
domain,cakhiaz8[.]live,malicious,2026-08-13
domain,cakhiaz92[.]live,malicious,2026-08-13
domain,cakhiaz94[.]live,malicious,2026-08-13
domain,cakhiaz95[.]live,malicious,2026-08-13
domain,cakhiaztv[.]vip,malicious,2026-08-13
domain,cakhiaz9[.]live,malicious,2026-08-13
domain,cakhiaz[.]co,malicious,2026-08-13
domain,cakhiazd[.]cc,malicious,2026-08-13
domain,cakhiaz[.]net,malicious,2026-08-13
domain,cakhiaz[.]top,malicious,2026-08-13
domain,cakhiaz[.]tv,malicious,2026-08-13
domain,cakhiaztv[.]com,malicious,2026-08-13
domain,cakhiaztv[.]live,malicious,2026-08-13
domain,cakhiaztv[.]net,malicious,2026-08-13
domain,cakhiazz10[.]live,malicious,2026-08-13
domain,cakhiazz1[.]live,malicious,2026-08-13
domain,cakhiazz2[.]live,malicious,2026-08-13
domain,cakhiazz3[.]live,malicious,2026-08-13
domain,cakhiazzz[.]net,malicious,2026-08-13
domain,cakhiazz4[.]live,malicious,2026-08-13
domain,cakhiazz5[.]live,malicious,2026-08-13
domain,cakhiazz6[.]live,malicious,2026-08-13
domain,cakhiazz7[.]live,malicious,2026-08-13
domain,cakhiazz8[.]live,malicious,2026-08-13
domain,cakhiazz9[.]live,malicious,2026-08-13
domain,cakhiazz[.]com,malicious,2026-08-13
domain,cakhiazz[.]live,malicious,2026-08-13
domain,cakhiazz[.]net,malicious,2026-08-13
domain,cakhiazz[.]vip,malicious,2026-08-13
domain,cakhiazzz[.]com,malicious,2026-08-13
domain,cakhiazzz[.]live,malicious,2026-08-13
domain,cakhiazzz[.]vip,malicious,2026-08-13
domain,catalystcon[.]com,malicious,2026-08-13
domain,chatboxn[.]com,malicious,2026-08-13
domain,churchofreality[.]org,malicious,2026-08-13
domain,cloudpeakenergy[.]com,malicious,2026-08-13
domain,curedboulder[.]com,malicious,2026-08-13
domain,dontchooseextinction[.]com,malicious,2026-08-13
domain,douglas-hibbs[.]com,malicious,2026-08-13
domain,d-rev[.]org,malicious,2026-08-13
domain,gamethenews[.]net,malicious,2026-08-13
domain,gimpfr[.]org,malicious,2026-08-13
domain,harvardjsel[.]com,malicious,2026-08-13
domain,healthweather[.]us,malicious,2026-08-13
domain,ibongda[.]tv,malicious,2026-08-13
domain,ice-energy[.]com,malicious,2026-08-13
domain,ikorglobal[.]com,malicious,2026-08-13
domain,ilcorvopasta[.]com,malicious,2026-08-13
domain,massivehealth[.]com,malicious,2026-08-13
domain,millionairecorner[.]com,malicious,2026-08-13
domain,mitom10[.]com,malicious,2026-08-13
domain,mitom3[.]com,malicious,2026-08-13
domain,mitom6[.]live,malicious,2026-08-13
domain,mitoma[.]tv,malicious,2026-08-13
domain,mitom[.]bio,malicious,2026-08-13
domain,mitomb[.]tv,malicious,2026-08-13
domain,mitomc[.]tv,malicious,2026-08-13
domain,mitome[.]tv,malicious,2026-08-13
domain,mitomf[.]com,malicious,2026-08-13
domain,mitomf[.]net,malicious,2026-08-13
domain,mitom[.]io,malicious,2026-08-13
domain,mitomi[.]tv,malicious,2026-08-13
domain,mitomk[.]net,malicious,2026-08-13
domain,mitomk[.]tv,malicious,2026-08-13
domain,mitomme[.]cc,malicious,2026-08-13
domain,mitommh[.]cc,malicious,2026-08-13
domain,mitommi[.]cc,malicious,2026-08-13
domain,mitommk[.]cc,malicious,2026-08-13
domain,mitomml[.]cc,malicious,2026-08-13
domain,mitomms[.]cc,malicious,2026-08-13
domain,mitomp[.]tv,malicious,2026-08-13
domain,mitommt[.]cc,malicious,2026-08-13
domain,mitommu[.]cc,malicious,2026-08-13
domain,mitommy[.]cc,malicious,2026-08-13
domain,mitommz[.]cc,malicious,2026-08-13
domain,mi-tom[.]net,malicious,2026-08-13
domain,mitomnz[.]cc,malicious,2026-08-13
domain,mitomsa[.]cc,malicious,2026-08-13
domain,mitomsb[.]cc,malicious,2026-08-13
domain,mitomsc[.]cc,malicious,2026-08-13
domain,mitomsd[.]cc,malicious,2026-08-13
domain,mitomse[.]cc,malicious,2026-08-13
domain,mitomsf[.]cc,malicious,2026-08-13
domain,mitomsg[.]cc,malicious,2026-08-13
domain,mitomsh[.]cc,malicious,2026-08-13
domain,mitomsi[.]cc,malicious,2026-08-13
domain,mitomsj[.]cc,malicious,2026-08-13
domain,mitomsk[.]cc,malicious,2026-08-13
domain,mitomt[.]net,malicious,2026-08-13
domain,mitomsl[.]cc,malicious,2026-08-13
domain,mitomsm[.]cc,malicious,2026-08-13
domain,mitomsn[.]cc,malicious,2026-08-13
domain,mitomso[.]cc,malicious,2026-08-13
domain,mitom[.]soccer,malicious,2026-08-13
domain,mitomsp[.]cc,malicious,2026-08-13
domain,mitomt[.]tv,malicious,2026-08-13
domain,mitomsq[.]cc,malicious,2026-08-13
domain,mitomsr[.]cc,malicious,2026-08-13
domain,mitomss[.]cc,malicious,2026-08-13
domain,mitomst[.]cc,malicious,2026-08-13
domain,mitoms[.]tv,malicious,2026-08-13
domain,mitomsu[.]cc,malicious,2026-08-13
domain,mitomsv[.]cc,malicious,2026-08-13
domain,mitomsx[.]cc,malicious,2026-08-13
domain,mitomsy[.]cc,malicious,2026-08-13
domain,mitomsz[.]cc,malicious,2026-08-13
domain,mitomt[.]live,malicious,2026-08-13
domain,mitomtvo[.]cc,malicious,2026-08-13
domain,mitomtvp[.]cc,malicious,2026-08-13
domain,mitomtvr[.]cc,malicious,2026-08-13
domain,mitomtvv[.]cc,malicious,2026-08-13
domain,mitomtvx[.]cc,malicious,2026-08-13
domain,mitomtvz[.]cc,malicious,2026-08-13
domain,mitomu[.]tv,malicious,2026-08-13
domain,mitomv1[.]live,malicious,2026-08-13
domain,mitomva[.]cc,malicious,2026-08-13
domain,mitomvb[.]cc,malicious,2026-08-13
domain,mitomvc[.]cc,malicious,2026-08-13
domain,mitomv[.]com,malicious,2026-08-13
domain,mitomve[.]cc,malicious,2026-08-13
domain,mitomvf[.]cc,malicious,2026-08-13
domain,mitomvg[.]cc,malicious,2026-08-13
domain,mitomvh[.]cc,malicious,2026-08-13
domain,mitomvi[.]cc,malicious,2026-08-13
domain,mitomvj[.]cc,malicious,2026-08-13
domain,mitomvk[.]cc,malicious,2026-08-13
domain,mitomvl[.]cc,malicious,2026-08-13
domain,mitomv[.]live,malicious,2026-08-13
domain,mitomvn[.]cc,malicious,2026-08-13
domain,mitomv[.]net,malicious,2026-08-13
domain,mitomvo[.]cc,malicious,2026-08-13
domain,mitomvp[.]cc,malicious,2026-08-13
domain,mitomvq[.]cc,malicious,2026-08-13
domain,mitomvr[.]cc,malicious,2026-08-13
domain,mitomvt[.]cc,malicious,2026-08-13
domain,mitomv[.]tv,malicious,2026-08-13
domain,mitomvu[.]cc,malicious,2026-08-13
domain,mitomvv[.]cc,malicious,2026-08-13
domain,mitomvx[.]cc,malicious,2026-08-13
domain,mitomvy[.]cc,malicious,2026-08-13
domain,mitomvz[.]cc,malicious,2026-08-13
domain,mitomx10[.]live,malicious,2026-08-13
domain,mitomx1[.]live,malicious,2026-08-13
domain,mitomx2[.]live,malicious,2026-08-13
domain,mitomx3[.]live,malicious,2026-08-13
domain,mitomx4[.]live,malicious,2026-08-13
domain,mitomx5[.]live,malicious,2026-08-13
domain,mitomx6[.]live,malicious,2026-08-13
domain,mitomx7[.]live,malicious,2026-08-13
domain,mitomx8[.]live,malicious,2026-08-13
domain,mitomx9[.]live,malicious,2026-08-13
domain,mitomz1[.]live,malicious,2026-08-13
domain,mitomz21[.]live,malicious,2026-08-13
domain,mitomz22[.]live,malicious,2026-08-13
domain,mitomz23[.]live,malicious,2026-08-13
domain,mitomz24[.]live,malicious,2026-08-13
domain,mitomz25[.]live,malicious,2026-08-13
domain,mitomz26[.]live,malicious,2026-08-13
domain,mitomz27[.]live,malicious,2026-08-13
domain,mitomz28[.]live,malicious,2026-08-13
domain,mitomz29[.]live,malicious,2026-08-13
domain,mitomz2[.]live,malicious,2026-08-13
domain,mitomz30[.]live,malicious,2026-08-13
domain,mitomz31[.]live,malicious,2026-08-13
domain,mitomz32[.]live,malicious,2026-08-13
domain,mitomz33[.]live,malicious,2026-08-13
domain,mitomz34[.]live,malicious,2026-08-13
domain,mitomz35[.]live,malicious,2026-08-13
domain,mitomz36[.]live,malicious,2026-08-13
domain,mitomz37[.]live,malicious,2026-08-13
domain,mitomz38[.]live,malicious,2026-08-13
domain,mitomz39[.]live,malicious,2026-08-13
domain,mitomz3[.]live,malicious,2026-08-13
domain,mitomz40[.]live,malicious,2026-08-13
domain,mitomz41[.]live,malicious,2026-08-13
domain,mitomz42[.]live,malicious,2026-08-13
domain,mitomz43[.]live,malicious,2026-08-13
domain,mitomz44[.]live,malicious,2026-08-13
domain,mitomz45[.]live,malicious,2026-08-13
domain,mitomz46[.]live,malicious,2026-08-13
domain,mitomz47[.]live,malicious,2026-08-13
domain,mitomz48[.]live,malicious,2026-08-13
domain,mitomz49[.]live,malicious,2026-08-13
domain,mitomz4[.]live,malicious,2026-08-13
domain,mitomz50[.]live,malicious,2026-08-13
domain,mitomz5[.]live,malicious,2026-08-13
domain,mitomz6[.]live,malicious,2026-08-13
domain,mitomz[.]co,malicious,2026-08-13
domain,mitomz[.]live,malicious,2026-08-13
domain,mitomz[.]tv,malicious,2026-08-13
domain,nationofbillions[.]com,malicious,2026-08-13
domain,ogres-crypt[.]com,malicious,2026-08-13
domain,plcdn[.]xyz,malicious,2026-08-13
domain,procdnlive[.]com,malicious,2026-08-13
domain,rakhoi365[.]tv,malicious,2026-08-13
domain,rakhoi365v[.]tv,malicious,2026-08-13
domain,rakhoic[.]live,malicious,2026-08-13
domain,rakhoic[.]tv,malicious,2026-08-13
domain,rakhoik[.]tv,malicious,2026-08-13
domain,rakhoii[.]live,malicious,2026-08-13
domain,rakhoitvf[.]cc,malicious,2026-08-13
domain,rakhoiiq[.]cc,malicious,2026-08-13
domain,rakhoiit[.]cc,malicious,2026-08-13
domain,rakhoik[.]live,malicious,2026-08-13
domain,rakhoim[.]live,malicious,2026-08-13
domain,rakhoir[.]live,malicious,2026-08-13
domain,rakhois[.]tv,malicious,2026-08-13
domain,rakhoit[.]live,malicious,2026-08-13
domain,rakhoit[.]tv,malicious,2026-08-13
domain,rakhoitva[.]cc,malicious,2026-08-13
domain,rakhoitvb[.]cc,malicious,2026-08-13
domain,rakhoitvc[.]cc,malicious,2026-08-13
domain,rakhoitvd[.]cc,malicious,2026-08-13
domain,rakhoitve[.]cc,malicious,2026-08-13
domain,rakhoitvg[.]cc,malicious,2026-08-13
domain,rakhoitvh[.]cc,malicious,2026-08-13
domain,rakhoitvi[.]cc,malicious,2026-08-13
domain,rakhoitvj[.]cc,malicious,2026-08-13
domain,rakhoitvk[.]cc,malicious,2026-08-13
domain,rakhoitvl[.]cc,malicious,2026-08-13
domain,rakhoitvm[.]cc,malicious,2026-08-13
domain,rakhoitvn[.]cc,malicious,2026-08-13
domain,rakhoitvo[.]cc,malicious,2026-08-13
domain,rakhoitvp[.]cc,malicious,2026-08-13
domain,rakhoiz3[.]live,malicious,2026-08-13
domain,rakhoitvq[.]cc,malicious,2026-08-13
domain,rakhoitvs[.]cc,malicious,2026-08-13
domain,rakhoitvt[.]cc,malicious,2026-08-13
domain,rakhoitvu[.]cc,malicious,2026-08-13
domain,rakhoitvw[.]cc,malicious,2026-08-13
domain,rakhoitvy[.]cc,malicious,2026-08-13
domain,rakhoitvz[.]cc,malicious,2026-08-13
domain,rakhoiv[.]live,malicious,2026-08-13
domain,rakhoiv[.]tv,malicious,2026-08-13
domain,rakhoix10[.]live,malicious,2026-08-13
domain,rakhoix1[.]live,malicious,2026-08-13
domain,rakhoix2[.]live,malicious,2026-08-13
domain,rakhoix3[.]live,malicious,2026-08-13
domain,rakhoix4[.]live,malicious,2026-08-13
domain,rakhoix6[.]live,malicious,2026-08-13
domain,rakhoix7[.]live,malicious,2026-08-13
domain,rakhoix8[.]live,malicious,2026-08-13
domain,rakhoix9[.]live,malicious,2026-08-13
domain,rakhoix[.]tv,malicious,2026-08-13
domain,rakhoiz1[.]live,malicious,2026-08-13
domain,socolive2[.]org,malicious,2026-08-13
domain,rakhoiz41[.]live,malicious,2026-08-13
domain,rakhoiz42[.]live,malicious,2026-08-13
domain,rakhoiz43[.]live,malicious,2026-08-13
domain,rakhoiz44[.]live,malicious,2026-08-13
domain,rakhoiz4[.]live,malicious,2026-08-13
domain,rakhoiz61[.]live,malicious,2026-08-13
domain,rakhoiz62[.]live,malicious,2026-08-13
domain,rakhoiz63[.]live,malicious,2026-08-13
domain,rakhoiz64[.]live,malicious,2026-08-13
domain,rakhoiz65[.]live,malicious,2026-08-13
domain,rakhoiz66[.]live,malicious,2026-08-13
domain,rakhoiz67[.]live,malicious,2026-08-13
domain,rakhoiz68[.]live,malicious,2026-08-13
domain,rakhoiz69[.]live,malicious,2026-08-13
domain,rakhoiz6[.]live,malicious,2026-08-13
domain,rakhoiz70[.]live,malicious,2026-08-13
domain,rakhoiz71[.]live,malicious,2026-08-13
domain,rakhoiz72[.]live,malicious,2026-08-13
domain,rakhoiz73[.]live,malicious,2026-08-13
domain,rakhoiz74[.]live,malicious,2026-08-13
domain,rakhoiz75[.]live,malicious,2026-08-13
domain,rakhoiz76[.]live,malicious,2026-08-13
domain,rakhoiz77[.]live,malicious,2026-08-13
domain,rakhoiz78[.]live,malicious,2026-08-13
domain,rakhoiz79[.]live,malicious,2026-08-13
domain,rakhoiz80[.]live,malicious,2026-08-13
domain,rakhoiz83[.]live,malicious,2026-08-13
domain,rakhoiz8[.]live,malicious,2026-08-13
domain,rakhoiz92[.]live,malicious,2026-08-13
domain,rakhoiz9[.]live,malicious,2026-08-13
domain,rakhoizb[.]live,malicious,2026-08-13
domain,rakhoizi[.]cc,malicious,2026-08-13
domain,rakhoizk[.]live,malicious,2026-08-13
domain,rakhoiz[.]live,malicious,2026-08-13
domain,rakhoiz[.]net,malicious,2026-08-13
domain,rakhoizs[.]live,malicious,2026-08-13
domain,rakhoiz[.]tv,malicious,2026-08-13
domain,rakhoizz[.]live,malicious,2026-08-13
domain,rakhoizz[.]tv,malicious,2026-08-13
domain,salesjobs[.]org,malicious,2026-08-13
domain,samefacts[.]com,malicious,2026-08-13
domain,screenbid[.]com,malicious,2026-08-13
domain,socolive365[.]tv,malicious,2026-08-13
domain,socolivec[.]live,malicious,2026-08-13
domain,socolivek[.]live,malicious,2026-08-13
domain,socolivek[.]tv,malicious,2026-08-13
domain,socolivem[.]live,malicious,2026-08-13
domain,socolivem[.]tv,malicious,2026-08-13
domain,socoliven[.]live,malicious,2026-08-13
domain,socoliveq[.]live,malicious,2026-08-13
domain,socolives[.]live,malicious,2026-08-13
domain,socolivet[.]live,malicious,2026-08-13
domain,socolivevn[.]co,malicious,2026-08-13
domain,socolivetvi[.]cc,malicious,2026-08-13
domain,socolivetvx[.]top,malicious,2026-08-13
domain,socolivev[.]live,malicious,2026-08-13
domain,socolivev[.]net,malicious,2026-08-13
domain,socolivevn[.]live,malicious,2026-08-13
domain,socolivev[.]tv,malicious,2026-08-13
domain,socolivez11[.]live,malicious,2026-08-13
domain,socolivez12[.]live,malicious,2026-08-13
domain,socolivez13[.]live,malicious,2026-08-13
domain,socolivez14[.]live,malicious,2026-08-13
domain,socolivez15[.]live,malicious,2026-08-13
domain,socolivez16[.]live,malicious,2026-08-13
domain,socolivez17[.]live,malicious,2026-08-13
domain,socolivez18[.]live,malicious,2026-08-13
domain,socolivez19[.]live,malicious,2026-08-13
domain,socolivez20[.]live,malicious,2026-08-13
domain,socolivez21[.]live,malicious,2026-08-13
domain,socolivez22[.]live,malicious,2026-08-13
domain,socolivez23[.]live,malicious,2026-08-13
domain,socolivez24[.]live,malicious,2026-08-13
domain,socolivez25[.]live,malicious,2026-08-13
domain,socolivez26[.]live,malicious,2026-08-13
domain,socolivez27[.]live,malicious,2026-08-13
domain,socolivez28[.]live,malicious,2026-08-13
domain,socolivez29[.]live,malicious,2026-08-13
domain,socolivez30[.]live,malicious,2026-08-13
domain,socolivez31[.]live,malicious,2026-08-13
domain,socolivez32[.]live,malicious,2026-08-13
domain,socolivez33[.]live,malicious,2026-08-13
domain,socolivez34[.]live,malicious,2026-08-13
domain,socolivez36[.]live,malicious,2026-08-13
domain,socolivez37[.]live,malicious,2026-08-13
domain,socolivez38[.]live,malicious,2026-08-13
domain,socolivez39[.]live,malicious,2026-08-13
domain,socolivez40[.]live,malicious,2026-08-13
domain,socoliveza[.]live,malicious,2026-08-13
domain,socolivezb[.]live,malicious,2026-08-13
domain,socolivez[.]net,malicious,2026-08-13
domain,socolivez[.]tv,malicious,2026-08-13
domain,socolivezz[.]live,malicious,2026-08-13
domain,socolivezzx[.]cc,malicious,2026-08-13
domain,swradioafrica[.]com,malicious,2026-08-13
domain,texasrosefestival[.]com,malicious,2026-08-13
domain,thebreastcancercharities[.]org,malicious,2026-08-13
domain,theflstandard[.]com,malicious,2026-08-13
domain,thuckhuya1[.]net,malicious,2026-08-13
domain,thuckhuya[.]live,malicious,2026-08-13
domain,thuckhuya[.]tv,malicious,2026-08-13
domain,tructiep365[.]tv,malicious,2026-08-13
domain,vaoroi14[.]live,malicious,2026-08-13
domain,vaoroi19[.]live,malicious,2026-08-13
domain,vaoroi20[.]live,malicious,2026-08-13
domain,vaoroi26[.]live,malicious,2026-08-13
domain,vaoroi27[.]live,malicious,2026-08-13
domain,vaoroi7[.]live,malicious,2026-08-13
domain,vaoroia[.]tv,malicious,2026-08-13
domain,vaoroib[.]tv,malicious,2026-08-13
domain,vaoroic[.]tv,malicious,2026-08-13
domain,vaoroid[.]tv,malicious,2026-08-13
domain,vaoroie[.]tv,malicious,2026-08-13
domain,vaoroif[.]tv,malicious,2026-08-13
domain,vaoroig[.]tv,malicious,2026-08-13
domain,vaoroih[.]tv,malicious,2026-08-13
domain,vaoroij[.]cc,malicious,2026-08-13
domain,vaoroij[.]tv,malicious,2026-08-13
domain,vaoroiq[.]tv,malicious,2026-08-13
domain,vaoroik[.]tv,malicious,2026-08-13
domain,vaoroil[.]tv,malicious,2026-08-13
domain,vaoroim[.]tv,malicious,2026-08-13
domain,vaoroin[.]cc,malicious,2026-08-13
domain,vaoroin[.]tv,malicious,2026-08-13
domain,vaoroio[.]tv,malicious,2026-08-13
domain,vaoroip[.]tv,malicious,2026-08-13
domain,vaoroir[.]tv,malicious,2026-08-13
domain,vaorois[.]tv,malicious,2026-08-13
domain,vaoroit[.]tv,malicious,2026-08-13
domain,vaoroi[.]tv,malicious,2026-08-13
domain,vaoroitv[.]com,malicious,2026-08-13
domain,vaoroiu[.]tv,malicious,2026-08-13
domain,vaoroiw[.]cc,malicious,2026-08-13
domain,vaoroiw[.]tv,malicious,2026-08-13
domain,vaoroiy[.]tv,malicious,2026-08-13
domain,veboc[.]tv,malicious,2026-08-13
domain,vaoroizi[.]cc,malicious,2026-08-13
domain,vebo12[.]live,malicious,2026-08-13
domain,vebo17[.]live,malicious,2026-08-13
domain,vebo1[.]live,malicious,2026-08-13
domain,vebo2[.]tv,malicious,2026-08-13
domain,veboca[.]cc,malicious,2026-08-13
domain,vebocb[.]cc,malicious,2026-08-13
domain,vebocc[.]cc,malicious,2026-08-13
domain,vebocd[.]cc,malicious,2026-08-13
domain,veboct[.]cc,malicious,2026-08-13
domain,vebocv[.]cc,malicious,2026-08-13
domain,vebof[.]live,malicious,2026-08-13
domain,vebom[.]live,malicious,2026-08-13
domain,vebon[.]live,malicious,2026-08-13
domain,vebooa[.]cc,malicious,2026-08-13
domain,veboob[.]cc,malicious,2026-08-13
domain,veboo[.]live,malicious,2026-08-13
domain,vebos[.]live,malicious,2026-08-13
domain,vebot1[.]live,malicious,2026-08-13
domain,vebozb[.]live,malicious,2026-08-13
domain,vebotvzi[.]cc,malicious,2026-08-13
domain,vebou[.]live,malicious,2026-08-13
domain,vebov1[.]live,malicious,2026-08-13
domain,vebovc[.]cc,malicious,2026-08-13
domain,vebovd[.]cc,malicious,2026-08-13
domain,vebove[.]cc,malicious,2026-08-13
domain,vebovf[.]cc,malicious,2026-08-13
domain,vebovg[.]cc,malicious,2026-08-13
domain,vebovh[.]cc,malicious,2026-08-13
domain,vebovi[.]cc,malicious,2026-08-13
domain,vebovj[.]cc,malicious,2026-08-13
domain,vebovk[.]cc,malicious,2026-08-13
domain,vebovl[.]cc,malicious,2026-08-13
domain,vebov[.]live,malicious,2026-08-13
domain,vebovm[.]cc,malicious,2026-08-13
domain,vebovn[.]cc,malicious,2026-08-13
domain,vebovo[.]cc,malicious,2026-08-13
domain,vebovp[.]cc,malicious,2026-08-13
domain,vebovq[.]cc,malicious,2026-08-13
domain,vebovr[.]cc,malicious,2026-08-13
domain,vebovs[.]cc,malicious,2026-08-13
domain,vebovt[.]cc,malicious,2026-08-13
domain,vebovu[.]cc,malicious,2026-08-13
domain,vebovw[.]cc,malicious,2026-08-13
domain,vebovy[.]cc,malicious,2026-08-13
domain,vebovz[.]cc,malicious,2026-08-13
domain,vebox10[.]live,malicious,2026-08-13
domain,vebox1[.]live,malicious,2026-08-13
domain,vebox6[.]live,malicious,2026-08-13
domain,veboz[.]net,malicious,2026-08-13
domain,veboxe[.]cc,malicious,2026-08-13
domain,veboxf[.]cc,malicious,2026-08-13
domain,veboxh[.]cc,malicious,2026-08-13
domain,vebozo[.]cc,malicious,2026-08-13
domain,veboxj[.]cc,malicious,2026-08-13
domain,veboxk[.]cc,malicious,2026-08-13
domain,veboxl[.]cc,malicious,2026-08-13
domain,vebox[.]live,malicious,2026-08-13
domain,veboxm[.]cc,malicious,2026-08-13
domain,xoilac06[.]tv,malicious,2026-08-13
domain,veboxn[.]cc,malicious,2026-08-13
domain,veboxo[.]cc,malicious,2026-08-13
domain,veboxp[.]cc,malicious,2026-08-13
domain,veboxq[.]cc,malicious,2026-08-13
domain,veboxr[.]cc,malicious,2026-08-13
domain,veboxu[.]cc,malicious,2026-08-13
domain,veboxw[.]cc,malicious,2026-08-13
domain,veboz10[.]live,malicious,2026-08-13
domain,xoilac07[.]live,malicious,2026-08-13
domain,veboz11[.]live,malicious,2026-08-13
domain,veboz12[.]live,malicious,2026-08-13
domain,veboz13[.]live,malicious,2026-08-13
domain,veboz14[.]live,malicious,2026-08-13
domain,veboz15[.]live,malicious,2026-08-13
domain,veboz16[.]live,malicious,2026-08-13
domain,veboz17[.]live,malicious,2026-08-13
domain,veboz18[.]live,malicious,2026-08-13
domain,veboz19[.]live,malicious,2026-08-13
domain,veboz1[.]live,malicious,2026-08-13
domain,xoilac07[.]tv,malicious,2026-08-13
domain,veboz20[.]live,malicious,2026-08-13
domain,veboz26[.]live,malicious,2026-08-13
domain,veboz2[.]live,malicious,2026-08-13
domain,veboz3[.]live,malicious,2026-08-13
domain,veboz45[.]live,malicious,2026-08-13
domain,veboz46[.]live,malicious,2026-08-13
domain,veboz47[.]live,malicious,2026-08-13
domain,veboz48[.]live,malicious,2026-08-13
domain,veboz49[.]live,malicious,2026-08-13
domain,veboz4[.]live,malicious,2026-08-13
domain,veboz50[.]live,malicious,2026-08-13
domain,veboz51[.]live,malicious,2026-08-13
domain,veboz5[.]live,malicious,2026-08-13
domain,veboz6[.]live,malicious,2026-08-13
domain,veboz7[.]live,malicious,2026-08-13
domain,veboz8[.]live,malicious,2026-08-13
domain,veboz9[.]live,malicious,2026-08-13
domain,veboza[.]cc,malicious,2026-08-13
domain,veboz[.]co,malicious,2026-08-13
domain,veboze[.]cc,malicious,2026-08-13
domain,xoilac08[.]live,malicious,2026-08-13
domain,vebozi[.]live,malicious,2026-08-13
domain,xoilac08[.]tv,malicious,2026-08-13
domain,vebozl[.]cc,malicious,2026-08-13
domain,veboz[.]live,malicious,2026-08-13
domain,vebozm[.]cc,malicious,2026-08-13
domain,vebozm[.]live,malicious,2026-08-13
domain,vebozp[.]cc,malicious,2026-08-13
domain,vebozq[.]cc,malicious,2026-08-13
domain,vebozr[.]cc,malicious,2026-08-13
domain,vebozs[.]live,malicious,2026-08-13
domain,vebozt[.]cc,malicious,2026-08-13
domain,veboz[.]tv,malicious,2026-08-13
domain,vebozu[.]cc,malicious,2026-08-13
domain,vebozx[.]live,malicious,2026-08-13
domain,xoilac09[.]live,malicious,2026-08-13
domain,vebozz[.]cc,malicious,2026-08-13
domain,vebozz[.]live,malicious,2026-08-13
domain,vokrugsveta[.]com,malicious,2026-08-13
domain,wemakeevents[.]org,malicious,2026-08-13
domain,whatrecovery[.]org,malicious,2026-08-13
domain,win9999[.]ink,malicious,2026-08-13
domain,xembongda[.]net,malicious,2026-08-13
domain,xoilac09[.]tv,malicious,2026-08-13
domain,xoilac100[.]live,malicious,2026-08-13
domain,xoilac100[.]tv,malicious,2026-08-13
domain,xoilac101[.]tv,malicious,2026-08-13
domain,xoilac102[.]tv,malicious,2026-08-13
domain,xoilac103[.]tv,malicious,2026-08-13
domain,xoilac104[.]tv,malicious,2026-08-13
domain,xoilac105[.]tv,malicious,2026-08-13
domain,xoilac106[.]tv,malicious,2026-08-13
domain,xoilac107[.]tv,malicious,2026-08-13
domain,xoilac108[.]tv,malicious,2026-08-13
domain,xoilac109[.]tv,malicious,2026-08-13
domain,xoilac110[.]tv,malicious,2026-08-13
domain,xoilac111[.]tv,malicious,2026-08-13
domain,xoilac11[.]net,malicious,2026-08-13
domain,xoilac14[.]live,malicious,2026-08-13
domain,xoilac1[.]tv,malicious,2026-08-13
domain,xoilac20[.]live,malicious,2026-08-13
domain,xoilac15[.]live,malicious,2026-08-13
domain,xoilac16[.]live,malicious,2026-08-13
domain,xoilac18[.]net,malicious,2026-08-13
domain,xoilac19[.]com,malicious,2026-08-13
domain,xoilac19[.]net,malicious,2026-08-13
domain,xoilac1[.]com,malicious,2026-08-13
domain,xoilac1[.]net,malicious,2026-08-13
domain,xoilac23[.]tv,malicious,2026-08-13
domain,xoilac247[.]live,malicious,2026-08-13
domain,xoilac247[.]vip,malicious,2026-08-13
domain,xoilac24[.]com,malicious,2026-08-13
domain,xoilac26[.]tv,malicious,2026-08-13
domain,xoilac28[.]net,malicious,2026-08-13
domain,xoilac31[.]live,malicious,2026-08-13
domain,xoilac33[.]tv,malicious,2026-08-13
domain,xoilac365a[.]live,malicious,2026-08-13
domain,xoilac365a[.]tv,malicious,2026-08-13
domain,xoilac365[.]bet,malicious,2026-08-13
domain,xoilac365[.]bio,malicious,2026-08-13
domain,xoilac365f[.]tv,malicious,2026-08-13
domain,xoilac365b[.]live,malicious,2026-08-13
domain,xoilac365b[.]tv,malicious,2026-08-13
domain,xoilac365[.]cc,malicious,2026-08-13
domain,xoilac365c[.]live,malicious,2026-08-13
domain,xoilac365d[.]live,malicious,2026-08-13
domain,xoilac365f[.]live,malicious,2026-08-13
domain,xoilac365[.]fun,malicious,2026-08-13
domain,xoilac365g[.]live,malicious,2026-08-13
domain,xoilac365g[.]tv,malicious,2026-08-13
domain,xoilac365h[.]live,malicious,2026-08-13
domain,xoilac365h[.]tv,malicious,2026-08-13
domain,xoilac365i[.]live,malicious,2026-08-13
domain,xoilac365i[.]tv,malicious,2026-08-13
domain,xoilac365j[.]live,malicious,2026-08-13
domain,xoilac365k[.]live,malicious,2026-08-13
domain,xoilac365k[.]tv,malicious,2026-08-13
domain,xoilac365[.]live,malicious,2026-08-13
domain,xoilac365m2[.]live,malicious,2026-08-13
domain,xoilac365m7[.]live,malicious,2026-08-13
domain,xoilac365[.]me,malicious,2026-08-13
domain,xoilac365m[.]live,malicious,2026-08-13
domain,xoilac365m[.]tv,malicious,2026-08-13
domain,xoilac365[.]news,malicious,2026-08-13
domain,xoilac365n[.]live,malicious,2026-08-13
domain,xoilac365n[.]tv,malicious,2026-08-13
domain,xoilac365o[.]live,malicious,2026-08-13
domain,xoilac365o[.]tv,malicious,2026-08-13
domain,xoilac365p[.]live,malicious,2026-08-13
domain,xoilac365p[.]tv,malicious,2026-08-13
domain,xoilac365tv2[.]live,malicious,2026-08-13
domain,xoilac365q[.]live,malicious,2026-08-13
domain,xoilac365q[.]tv,malicious,2026-08-13
domain,xoilac365r[.]live,malicious,2026-08-13
domain,xoilac365r[.]tv,malicious,2026-08-13
domain,xoilac365s[.]com,malicious,2026-08-13
domain,xoilac365[.]site,malicious,2026-08-13
domain,xoilac365x10[.]live,malicious,2026-08-13
domain,xoilac365s[.]live,malicious,2026-08-13
domain,xoilac365s[.]tv,malicious,2026-08-13
domain,xoilac365t[.]live,malicious,2026-08-13
domain,xoilac365t[.]tv,malicious,2026-08-13
domain,xoilac365tv10[.]live,malicious,2026-08-13
domain,xoilac365tv1[.]live,malicious,2026-08-13
domain,xoilac365z4[.]live,malicious,2026-08-13
domain,xoilac365tv3[.]live,malicious,2026-08-13
domain,xoilac365tv5[.]live,malicious,2026-08-13
domain,xoilac365tv6[.]live,malicious,2026-08-13
domain,xoilac365tv7[.]live,malicious,2026-08-13
domain,xoilac365tv8[.]live,malicious,2026-08-13
domain,xoilac365tv9[.]live,malicious,2026-08-13
domain,xoilac365tv[.]io,malicious,2026-08-13
domain,xoilac365tv[.]live,malicious,2026-08-13
domain,xoilac365tv[.]net,malicious,2026-08-13
domain,xoilac365tv[.]tv,malicious,2026-08-13
domain,xoilac365tv[.]vip,malicious,2026-08-13
domain,xoilac365u[.]live,malicious,2026-08-13
domain,xoilac365[.]us,malicious,2026-08-13
domain,xoilac365v[.]cc,malicious,2026-08-13
domain,xoilac365v[.]com,malicious,2026-08-13
domain,xoilac365[.]vin,malicious,2026-08-13
domain,xoilac365v[.]net,malicious,2026-08-13
domain,xoilac365v[.]tv,malicious,2026-08-13
domain,xoilac365x1[.]live,malicious,2026-08-13
domain,xoilac365x2[.]live,malicious,2026-08-13
domain,xoilac365x3[.]live,malicious,2026-08-13
domain,xoilac365x4[.]live,malicious,2026-08-13
domain,xoilac82[.]tv,malicious,2026-08-13
domain,xoilac365x5[.]live,malicious,2026-08-13
domain,xoilac365x7[.]live,malicious,2026-08-13
domain,xoilac365x8[.]live,malicious,2026-08-13
domain,xoilac83[.]net,malicious,2026-08-13
domain,xoilac365x[.]tv,malicious,2026-08-13
domain,xoilac365[.]xyz,malicious,2026-08-13
domain,xoilac365y[.]live,malicious,2026-08-13
domain,xoilac365z10[.]live,malicious,2026-08-13
domain,xoilac365z11[.]live,malicious,2026-08-13
domain,xoilac83[.]tv,malicious,2026-08-13
domain,xoilac365z12[.]live,malicious,2026-08-13
domain,xoilac365z13[.]live,malicious,2026-08-13
domain,xoilac365z14[.]live,malicious,2026-08-13
domain,xoilac365z15[.]live,malicious,2026-08-13
domain,xoilac365z16[.]live,malicious,2026-08-13
domain,xoilac365z17[.]live,malicious,2026-08-13
domain,xoilac365z1[.]live,malicious,2026-08-13
domain,xoilac365z20[.]live,malicious,2026-08-13
domain,xoilac84[.]tv,malicious,2026-08-13
domain,xoilac365z21[.]live,malicious,2026-08-13
domain,xoilac365z22[.]live,malicious,2026-08-13
domain,xoilac365z23[.]live,malicious,2026-08-13
domain,xoilac365z24[.]live,malicious,2026-08-13
domain,xoilac365z25[.]live,malicious,2026-08-13
domain,xoilac365z26[.]live,malicious,2026-08-13
domain,xoilac365z27[.]live,malicious,2026-08-13
domain,xoilac365z28[.]live,malicious,2026-08-13
domain,xoilac365z2[.]live,malicious,2026-08-13
domain,xoilac365z30[.]live,malicious,2026-08-13
domain,xoilac365z3[.]live,malicious,2026-08-13
domain,xoilac365z41[.]live,malicious,2026-08-13
domain,xoilac365z42[.]live,malicious,2026-08-13
domain,xoilac365z44[.]live,malicious,2026-08-13
domain,xoilac365z45[.]live,malicious,2026-08-13
domain,xoilac365z46[.]live,malicious,2026-08-13
domain,xoilac365z47[.]live,malicious,2026-08-13
domain,xoilac365z48[.]live,malicious,2026-08-13
domain,xoilac365z49[.]live,malicious,2026-08-13
domain,xoilac365z50[.]live,malicious,2026-08-13
domain,xoilac365z51[.]live,malicious,2026-08-13
domain,xoilac365z52[.]live,malicious,2026-08-13
domain,xoilac365z55[.]live,malicious,2026-08-13
domain,xoilac365z56[.]live,malicious,2026-08-13
domain,xoilac365z57[.]live,malicious,2026-08-13
domain,xoilac365z58[.]live,malicious,2026-08-13
domain,xoilac365z59[.]live,malicious,2026-08-13
domain,xoilac365z60[.]live,malicious,2026-08-13
domain,xoilac85[.]net,malicious,2026-08-13
domain,xoilac365z69[.]live,malicious,2026-08-13
domain,xoilac365z70[.]live,malicious,2026-08-13
domain,xoilac365z71[.]live,malicious,2026-08-13
domain,xoilac365z72[.]live,malicious,2026-08-13
domain,xoilac85[.]tv,malicious,2026-08-13
domain,xoilac365z73[.]live,malicious,2026-08-13
domain,xoilac365z74[.]live,malicious,2026-08-13
domain,xoilac365z75[.]live,malicious,2026-08-13
domain,xoilac365z76[.]live,malicious,2026-08-13
domain,xoilac365z77[.]live,malicious,2026-08-13
domain,xoilac365z78[.]live,malicious,2026-08-13
domain,xoilac365z79[.]live,malicious,2026-08-13
domain,xoilac365z7[.]live,malicious,2026-08-13
domain,xoilac365z80[.]live,malicious,2026-08-13
domain,xoilac365z81[.]live,malicious,2026-08-13
domain,xoilac365z82[.]live,malicious,2026-08-13
domain,xoilac365z83[.]live,malicious,2026-08-13
domain,xoilac365z84[.]live,malicious,2026-08-13
domain,xoilac365z85[.]live,malicious,2026-08-13
domain,xoilac365z86[.]live,malicious,2026-08-13
domain,xoilac365z87[.]live,malicious,2026-08-13
domain,xoilac365z88[.]live,malicious,2026-08-13
domain,xoilac365z89[.]live,malicious,2026-08-13
domain,xoilac365z90[.]live,malicious,2026-08-13
domain,xoilac365z9[.]live,malicious,2026-08-13
domain,xoilac365z[.]com,malicious,2026-08-13
domain,xoilac365z[.]net,malicious,2026-08-13
domain,xoilac365z[.]tv,malicious,2026-08-13
domain,xoilac365zz[.]com,malicious,2026-08-13
domain,xoilac365zz[.]live,malicious,2026-08-13
domain,xoilac365zz[.]net,malicious,2026-08-13
domain,xoilac365zz[.]tv,malicious,2026-08-13
domain,xoilac86[.]net,malicious,2026-08-13
domain,xoilac38[.]live,malicious,2026-08-13
domain,xoilac38[.]net,malicious,2026-08-13
domain,xoilac39[.]live,malicious,2026-08-13
domain,xoilac39[.]net,malicious,2026-08-13
domain,xoilac40[.]live,malicious,2026-08-13
domain,xoilac86[.]site,malicious,2026-08-13
domain,xoilac41[.]live,malicious,2026-08-13
domain,xoilac42[.]live,malicious,2026-08-13
domain,xoilac43[.]live,malicious,2026-08-13
domain,xoilac44[.]live,malicious,2026-08-13
domain,xoilac45[.]live,malicious,2026-08-13
domain,xoilac46[.]live,malicious,2026-08-13
domain,xoilac47[.]live,malicious,2026-08-13
domain,xoilac48[.]live,malicious,2026-08-13
domain,xoilac50[.]live,malicious,2026-08-13
domain,xoilac51[.]live,malicious,2026-08-13
domain,xoilac86[.]tv,malicious,2026-08-13
domain,xoilac52[.]live,malicious,2026-08-13
domain,xoilac53[.]live,malicious,2026-08-13
domain,xoilac55[.]net,malicious,2026-08-13
domain,xoilac55[.]tv,malicious,2026-08-13
domain,xoilac57[.]tv,malicious,2026-08-13
domain,xoilac58[.]net,malicious,2026-08-13
domain,xoilac5[.]tv,malicious,2026-08-13
domain,xoilac94[.]com,malicious,2026-08-13
domain,xoilac61[.]live,malicious,2026-08-13
domain,xoilac67[.]tv,malicious,2026-08-13
domain,xoilac68[.]tv,malicious,2026-08-13
domain,xoilac70[.]live,malicious,2026-08-13
domain,xoilac74[.]tv,malicious,2026-08-13
domain,xoilac76[.]tv,malicious,2026-08-13
domain,xoilac77[.]tv,malicious,2026-08-13
domain,xoilac86a[.]live,malicious,2026-08-13
domain,xoilac86[.]asia,malicious,2026-08-13
domain,xoilac86b[.]live,malicious,2026-08-13
domain,xoilac94[.]net,malicious,2026-08-13
domain,xoilac86c[.]live,malicious,2026-08-13
domain,xoilac86[.]com,malicious,2026-08-13
domain,xoilac86d[.]live,malicious,2026-08-13
domain,xoilac86e[.]live,malicious,2026-08-13
domain,xoilac95[.]net,malicious,2026-08-13
domain,xoilac86f[.]live,malicious,2026-08-13
domain,xoilac86[.]fun,malicious,2026-08-13
domain,xoilac86g[.]live,malicious,2026-08-13
domain,xoilac86h[.]live,malicious,2026-08-13
domain,xoilac86j[.]live,malicious,2026-08-13
domain,xoilac86k[.]live,malicious,2026-08-13
domain,xoilac86l[.]live,malicious,2026-08-13
domain,xoilac86m[.]live,malicious,2026-08-13
domain,xoilac86n[.]live,malicious,2026-08-13
domain,xoilac86o[.]live,malicious,2026-08-13
domain,xoilac86[.]one,malicious,2026-08-13
domain,xoilac86[.]org,malicious,2026-08-13
domain,xoilac86q[.]live,malicious,2026-08-13
domain,xoilac86r[.]live,malicious,2026-08-13
domain,xoilac86u[.]live,malicious,2026-08-13
domain,xoilac86v[.]live,malicious,2026-08-13
domain,xoilac86[.]win,malicious,2026-08-13
domain,xoilac86x10[.]live,malicious,2026-08-13
domain,xoilac95[.]tv,malicious,2026-08-13
domain,xoilac86x1[.]live,malicious,2026-08-13
domain,xoilac86x3[.]live,malicious,2026-08-13
domain,xoilac86x5[.]live,malicious,2026-08-13
domain,xoilac86x7[.]live,malicious,2026-08-13
domain,xoilac86x8[.]live,malicious,2026-08-13
domain,xoilac86x9[.]live,malicious,2026-08-13
domain,xoilac86x[.]live,malicious,2026-08-13
domain,xoilac86z11[.]live,malicious,2026-08-13
domain,xoilac86z12[.]live,malicious,2026-08-13
domain,xoilac86z13[.]live,malicious,2026-08-13
domain,xoilac86z14[.]live,malicious,2026-08-13
domain,xoilac86z15[.]live,malicious,2026-08-13
domain,xoilac86z16[.]live,malicious,2026-08-13
domain,xoilac86z1[.]live,malicious,2026-08-13
domain,xoilac86z21[.]live,malicious,2026-08-13
domain,xoilac86z22[.]live,malicious,2026-08-13
domain,xoilac86z23[.]live,malicious,2026-08-13
domain,xoilac86z24[.]live,malicious,2026-08-13
domain,xoilac86z25[.]live,malicious,2026-08-13
domain,xoilac86z26[.]live,malicious,2026-08-13
domain,xoilac86z29[.]live,malicious,2026-08-13
domain,xoilac86z2[.]live,malicious,2026-08-13
domain,xoilac86z30[.]live,malicious,2026-08-13
domain,xoilac86z31[.]live,malicious,2026-08-13
domain,xoilac86z32[.]live,malicious,2026-08-13
domain,xoilac86z34[.]live,malicious,2026-08-13
domain,xoilac86z35[.]live,malicious,2026-08-13
domain,xoilac86z38[.]live,malicious,2026-08-13
domain,xoilac86z39[.]live,malicious,2026-08-13
domain,xoilac86z3[.]live,malicious,2026-08-13
domain,xoilac86z4[.]live,malicious,2026-08-13
domain,xoilac86z53[.]live,malicious,2026-08-13
domain,xoilac86z5[.]live,malicious,2026-08-13
domain,xoilac86z6[.]live,malicious,2026-08-13
domain,xoilac86z71[.]live,malicious,2026-08-13
domain,xoilac86z72[.]live,malicious,2026-08-13
domain,xoilac86z73[.]live,malicious,2026-08-13
domain,xoilac86z74[.]live,malicious,2026-08-13
domain,xoilac86z75[.]live,malicious,2026-08-13
domain,xoilac86z76[.]live,malicious,2026-08-13
domain,xoilac86z78[.]live,malicious,2026-08-13
domain,xoilac86z79[.]live,malicious,2026-08-13
domain,xoilac86z7[.]live,malicious,2026-08-13
domain,xoilac86z80[.]live,malicious,2026-08-13
domain,xoilac86z81[.]live,malicious,2026-08-13
domain,xoilac86z82[.]live,malicious,2026-08-13
domain,xoilac86z83[.]live,malicious,2026-08-13
domain,xoilac86z84[.]live,malicious,2026-08-13
domain,xoilac86z85[.]live,malicious,2026-08-13
domain,xoilac86z86[.]live,malicious,2026-08-13
domain,xoilac86z87[.]live,malicious,2026-08-13
domain,xoilac86z88[.]live,malicious,2026-08-13
domain,xoilac86z89[.]live,malicious,2026-08-13
domain,xoilac86z8[.]live,malicious,2026-08-13
domain,xoilac86z90[.]live,malicious,2026-08-13
domain,xoilac86z9[.]live,malicious,2026-08-13
domain,xoilac86z[.]live,malicious,2026-08-13
domain,xoilac87[.]live,malicious,2026-08-13
domain,xoilac87[.]net,malicious,2026-08-13
domain,xoilac87[.]tv,malicious,2026-08-13
domain,xoilac89[.]tv,malicious,2026-08-13
domain,xoilac90[.]live,malicious,2026-08-13
domain,xoilac90[.]tv,malicious,2026-08-13
domain,xoilac93[.]tv,malicious,2026-08-13
domain,xoilac96[.]tv,malicious,2026-08-13
domain,xoilac97[.]live,malicious,2026-08-13
domain,xoilac97[.]net,malicious,2026-08-13
domain,xoilac97[.]tv,malicious,2026-08-13
domain,xoilac98[.]live,malicious,2026-08-13
domain,xoilac98[.]net,malicious,2026-08-13
domain,xoilac98[.]tv,malicious,2026-08-13
domain,xoilac99[.]live,malicious,2026-08-13
domain,xoilacbb[.]cc,malicious,2026-08-13
domain,xoilacc[.]cc,malicious,2026-08-13
domain,xoilaccham[.]com,malicious,2026-08-13
domain,xoilac[.]chat,malicious,2026-08-13
domain,xoilacf[.]cc,malicious,2026-08-13
domain,xoilacf[.]live,malicious,2026-08-13
domain,xoilach[.]cc,malicious,2026-08-13
domain,xoilacia[.]cc,malicious,2026-08-13
domain,xoilacia[.]top,malicious,2026-08-13
domain,xoilacib[.]cc,malicious,2026-08-13
domain,xoilacso[.]tv,malicious,2026-08-13
domain,xoilacib[.]top,malicious,2026-08-13
domain,xoilacic[.]cc,malicious,2026-08-13
domain,xoilacic[.]top,malicious,2026-08-13
domain,xoilacid[.]cc,malicious,2026-08-13
domain,xoilacid[.]top,malicious,2026-08-13
domain,xoilacie[.]cc,malicious,2026-08-13
domain,xoilacie[.]top,malicious,2026-08-13
domain,xoilacif[.]top,malicious,2026-08-13
domain,xoilacso[.]vip,malicious,2026-08-13
domain,xoilacig[.]cc,malicious,2026-08-13
domain,xoilacig[.]top,malicious,2026-08-13
domain,xoilacih[.]cc,malicious,2026-08-13
domain,xoilacih[.]top,malicious,2026-08-13
domain,xoilacii[.]cc,malicious,2026-08-13
domain,xoilacxv[.]cc,malicious,2026-08-13
domain,xoilacii[.]top,malicious,2026-08-13
domain,xoilacij[.]cc,malicious,2026-08-13
domain,xoilacij[.]top,malicious,2026-08-13
domain,xoilacik[.]cc,malicious,2026-08-13
domain,xoilacik[.]top,malicious,2026-08-13
domain,xoilacil[.]cc,malicious,2026-08-13
domain,xoilacil[.]top,malicious,2026-08-13
domain,xoilacim[.]cc,malicious,2026-08-13
domain,xoilacin[.]cc,malicious,2026-08-13
domain,xoilacin[.]top,malicious,2026-08-13
domain,xoilacio[.]cc,malicious,2026-08-13
domain,xoilacxxb[.]cc,malicious,2026-08-13
domain,xoilacio[.]top,malicious,2026-08-13
domain,xoilacip[.]cc,malicious,2026-08-13
domain,xoilacip[.]top,malicious,2026-08-13
domain,xoilaciq[.]cc,malicious,2026-08-13
domain,xoilaciq[.]top,malicious,2026-08-13
domain,xoilacir[.]cc,malicious,2026-08-13
domain,xoilacir[.]top,malicious,2026-08-13
domain,xoilacis[.]cc,malicious,2026-08-13
domain,xoilacis[.]top,malicious,2026-08-13
domain,xoilacit[.]cc,malicious,2026-08-13
domain,xoilacit[.]top,malicious,2026-08-13
domain,xoilaciu[.]cc,malicious,2026-08-13
domain,xoilaciu[.]top,malicious,2026-08-13
domain,xoilaciv[.]cc,malicious,2026-08-13
domain,xoilaciw[.]top,malicious,2026-08-13
domain,xoilacix[.]cc,malicious,2026-08-13
domain,xoilacix[.]top,malicious,2026-08-13
domain,xoilaciy[.]cc,malicious,2026-08-13
domain,xoilaciy[.]top,malicious,2026-08-13
domain,xoilaciz[.]cc,malicious,2026-08-13
domain,xoilaciz[.]top,malicious,2026-08-13
domain,xoilac[.]live,malicious,2026-08-13
domain,xoilac[.]media,malicious,2026-08-13
domain,xoilac[.]net,malicious,2026-08-13
domain,xoilacno[.]cc,malicious,2026-08-13
domain,xoilacnr[.]cc,malicious,2026-08-13
domain,xoilacns[.]cc,malicious,2026-08-13
domain,xoilacnt[.]cc,malicious,2026-08-13
domain,xoilacnu[.]cc,malicious,2026-08-13
domain,xoilacnv[.]cc,malicious,2026-08-13
domain,xoilacnx[.]cc,malicious,2026-08-13
domain,xoilacny[.]cc,malicious,2026-08-13
domain,xoilacnz[.]cc,malicious,2026-08-13
domain,xoilacov[.]cc,malicious,2026-08-13
domain,xoilacox[.]cc,malicious,2026-08-13
domain,xoilacoz[.]cc,malicious,2026-08-13
domain,xoilacp[.]cc,malicious,2026-08-13
domain,xoilacyyo[.]cc,malicious,2026-08-13
domain,xoilacsj[.]cc,malicious,2026-08-13
domain,xoilacsn[.]cc,malicious,2026-08-13
domain,xoilacyyp[.]cc,malicious,2026-08-13
domain,xoilac[.]soccer,malicious,2026-08-13
domain,xoilacso[.]co,malicious,2026-08-13
domain,xoilacso[.]com,malicious,2026-08-13
domain,xoilacso[.]io,malicious,2026-08-13
domain,xoilacso[.]live,malicious,2026-08-13
domain,xoilacso[.]net,malicious,2026-08-13
domain,xoilacs[.]tv,malicious,2026-08-13
domain,xoilacz5[.]com,malicious,2026-08-13
domain,xoilacvua[.]co,malicious,2026-08-13
domain,xoilacvua[.]com,malicious,2026-08-13
domain,xoilacvua[.]io,malicious,2026-08-13
domain,xoilacvua[.]live,malicious,2026-08-13
domain,xoilacvua[.]net,malicious,2026-08-13
domain,xoilacvua[.]tv,malicious,2026-08-13
domain,xoilacvua[.]vip,malicious,2026-08-13
domain,xoilacz7[.]tv,malicious,2026-08-13
domain,xoilacxxd[.]cc,malicious,2026-08-13
domain,xoilacxxe[.]cc,malicious,2026-08-13
domain,xoilacxxf[.]cc,malicious,2026-08-13
domain,xoilacxxg[.]cc,malicious,2026-08-13
domain,xoilaczb[.]tv,malicious,2026-08-13
domain,xoilacxxj[.]cc,malicious,2026-08-13
domain,xoilacxxk[.]cc,malicious,2026-08-13
domain,xoilacxxm[.]cc,malicious,2026-08-13
domain,xoilacxxn[.]cc,malicious,2026-08-13
domain,xoilacxxo[.]cc,malicious,2026-08-13
domain,xoilacxxp[.]cc,malicious,2026-08-13
domain,xoilacxxq[.]cc,malicious,2026-08-13
domain,xoilacxxr[.]cc,malicious,2026-08-13
domain,xoilacxxu[.]cc,malicious,2026-08-13
domain,xoilacxyd[.]cc,malicious,2026-08-13
domain,xoilacz[.]buzz,malicious,2026-08-13
domain,xoilacxye[.]cc,malicious,2026-08-13
domain,xoilaczc[.]com,malicious,2026-08-13
domain,xoilaczkd[.]tv,malicious,2026-08-13
domain,xoilaczke[.]tv,malicious,2026-08-13
domain,xoilacxyn[.]cc,malicious,2026-08-13
domain,xoilacxyn[.]tv,malicious,2026-08-13
domain,xoilacxyo[.]cc,malicious,2026-08-13
domain,xoilacxyp[.]cc,malicious,2026-08-13
domain,xoilaczkf[.]tv,malicious,2026-08-13
domain,xoilacxyq[.]cc,malicious,2026-08-13
domain,xoilaczkg[.]tv,malicious,2026-08-13
domain,xoilacxyt[.]cc,malicious,2026-08-13
domain,xoilacxyy[.]cc,malicious,2026-08-13
domain,xoilacxyz[.]tv,malicious,2026-08-13
domain,xoilacyya[.]cc,malicious,2026-08-13
domain,xoilacyyb[.]cc,malicious,2026-08-13
domain,xoilacyyc[.]cc,malicious,2026-08-13
domain,xoilacyyd[.]cc,malicious,2026-08-13
domain,xoilacyye[.]cc,malicious,2026-08-13
domain,xoilacyyg[.]cc,malicious,2026-08-13
domain,xoilacyyh[.]cc,malicious,2026-08-13
domain,xoilacyyi[.]cc,malicious,2026-08-13
domain,xoilacyyj[.]cc,malicious,2026-08-13
domain,xoilacyyk[.]cc,malicious,2026-08-13
domain,xoilacyym[.]cc,malicious,2026-08-13
domain,xoilacyyn[.]cc,malicious,2026-08-13
domain,xoilacyyq[.]cc,malicious,2026-08-13
domain,xoilacyyr[.]cc,malicious,2026-08-13
domain,xoilacyyt[.]cc,malicious,2026-08-13
domain,xoilacyyu[.]cc,malicious,2026-08-13
domain,xoilacyyv[.]cc,malicious,2026-08-13
domain,xoilacyyz[.]cc,malicious,2026-08-13
domain,xoilacz12[.]live,malicious,2026-08-13
domain,xoilacz13[.]live,malicious,2026-08-13
domain,xoilaczkh[.]tv,malicious,2026-08-13
domain,xoilacz14[.]live,malicious,2026-08-13
domain,xoilacz15[.]live,malicious,2026-08-13
domain,xoilacz16[.]live,malicious,2026-08-13
domain,xoilacz17[.]live,malicious,2026-08-13
domain,xoilacz18[.]live,malicious,2026-08-13
domain,xoilacz19[.]live,malicious,2026-08-13
domain,xoilacz1[.]tv,malicious,2026-08-13
domain,xoilacz20[.]live,malicious,2026-08-13
domain,xoilacz21[.]live,malicious,2026-08-13
domain,xoilacz22[.]live,malicious,2026-08-13
domain,xoilacz23[.]live,malicious,2026-08-13
domain,xoilacz24[.]live,malicious,2026-08-13
domain,xoilacz25[.]live,malicious,2026-08-13
domain,xoilacz26[.]live,malicious,2026-08-13
domain,xoilacz27[.]live,malicious,2026-08-13
domain,xoilacz28[.]live,malicious,2026-08-13
domain,xoilacz29[.]live,malicious,2026-08-13
domain,xoilacz2[.]com,malicious,2026-08-13
domain,xoilacz2[.]net,malicious,2026-08-13
domain,xoilacz2[.]tv,malicious,2026-08-13
domain,xoilacz30[.]live,malicious,2026-08-13
domain,xoilaczkj[.]tv,malicious,2026-08-13
domain,xoilacz31[.]live,malicious,2026-08-13
domain,xoilacz32[.]live,malicious,2026-08-13
domain,xoilacz33[.]live,malicious,2026-08-13
domain,xoilacz35[.]live,malicious,2026-08-13
domain,xoilacz36[.]live,malicious,2026-08-13
domain,xoilacz37[.]live,malicious,2026-08-13
domain,xoilacz38[.]live,malicious,2026-08-13
domain,xoilacz39[.]live,malicious,2026-08-13
domain,xoilacz3[.]com,malicious,2026-08-13
domain,xoilaczo[.]live,malicious,2026-08-13
domain,xoilacz3[.]live,malicious,2026-08-13
domain,xoilacz3[.]net,malicious,2026-08-13
domain,xoilacz3[.]tv,malicious,2026-08-13
domain,xoilacz40[.]live,malicious,2026-08-13
domain,xoilacz41[.]live,malicious,2026-08-13
domain,xoilacz42[.]live,malicious,2026-08-13
domain,xoilacz43[.]live,malicious,2026-08-13
domain,xoilacz44[.]live,malicious,2026-08-13
domain,xoilacz45[.]live,malicious,2026-08-13
domain,xoilacz46[.]live,malicious,2026-08-13
domain,xoilacz47[.]live,malicious,2026-08-13
domain,xoilacz48[.]live,malicious,2026-08-13
domain,xoilacz49[.]live,malicious,2026-08-13
domain,xoilacz4[.]com,malicious,2026-08-13
domain,xoilacz4[.]live,malicious,2026-08-13
domain,xoilacz4[.]net,malicious,2026-08-13
domain,xoilacz4[.]tv,malicious,2026-08-13
domain,xoilacz50[.]live,malicious,2026-08-13
domain,xoilacz51[.]live,malicious,2026-08-13
domain,xoilacz52[.]live,malicious,2026-08-13
domain,xoilacz53[.]live,malicious,2026-08-13
domain,xoilacz54[.]live,malicious,2026-08-13
domain,xoilacz55[.]live,malicious,2026-08-13
domain,xoilacz56[.]live,malicious,2026-08-13
domain,xoilacz57[.]live,malicious,2026-08-13
domain,xoilacz58[.]live,malicious,2026-08-13
domain,xoilacz59[.]live,malicious,2026-08-13
domain,xoilacz5[.]live,malicious,2026-08-13
domain,xoilacz5[.]net,malicious,2026-08-13
domain,xoilacz5[.]tv,malicious,2026-08-13
domain,xoilacz60[.]live,malicious,2026-08-13
domain,xoilacz61[.]live,malicious,2026-08-13
domain,xoilacz62[.]live,malicious,2026-08-13
domain,xoilacz63[.]live,malicious,2026-08-13
domain,xoilacz64[.]live,malicious,2026-08-13
domain,xoilacz65[.]live,malicious,2026-08-13
domain,xoilacz66[.]live,malicious,2026-08-13
domain,xoilacz67[.]live,malicious,2026-08-13
domain,xoilacz68[.]live,malicious,2026-08-13
domain,xoilacz69[.]live,malicious,2026-08-13
domain,xoilacz6[.]live,malicious,2026-08-13
domain,xoilacz6[.]tv,malicious,2026-08-13
domain,xoilacz70[.]live,malicious,2026-08-13
domain,xoilaczo[.]tv,malicious,2026-08-13
domain,xoilacz71[.]live,malicious,2026-08-13
domain,xoilacz72[.]live,malicious,2026-08-13
domain,xoilacz73[.]live,malicious,2026-08-13
domain,xoilacz74[.]live,malicious,2026-08-13
domain,xoilacz75[.]live,malicious,2026-08-13
domain,xoilacz76[.]live,malicious,2026-08-13
domain,xoilacz77[.]live,malicious,2026-08-13
domain,xoilacz78[.]live,malicious,2026-08-13
domain,xoilacz79[.]live,malicious,2026-08-13
domain,xoilacz7[.]live,malicious,2026-08-13
domain,xoilacz80[.]live,malicious,2026-08-13
domain,xoilacz81[.]live,malicious,2026-08-13
domain,xoilacz82[.]live,malicious,2026-08-13
domain,xoilacz84[.]live,malicious,2026-08-13
domain,xoilacz85[.]live,malicious,2026-08-13
domain,xoilacz89[.]live,malicious,2026-08-13
domain,xoilacz8[.]live,malicious,2026-08-13
domain,xoilacz90[.]live,malicious,2026-08-13
domain,xoilacz91[.]live,malicious,2026-08-13
domain,xoilacz92[.]live,malicious,2026-08-13
domain,xoilacz93[.]live,malicious,2026-08-13
domain,xoilacz94[.]live,malicious,2026-08-13
domain,xoilacz95[.]live,malicious,2026-08-13
domain,xoilacz96[.]live,malicious,2026-08-13
domain,xoilacz97[.]live,malicious,2026-08-13
domain,xoilacz99[.]live,malicious,2026-08-13
domain,xoilacz9[.]live,malicious,2026-08-13
domain,xoilacza10[.]live,malicious,2026-08-13
domain,xoilacza1[.]live,malicious,2026-08-13
domain,xoilacza2[.]live,malicious,2026-08-13
domain,xoilacza6[.]live,malicious,2026-08-13
domain,xoilacza7[.]live,malicious,2026-08-13
domain,xoilacza8[.]live,malicious,2026-08-13
domain,xoilacza9[.]live,malicious,2026-08-13
domain,xoilaczaa[.]tv,malicious,2026-08-13
domain,xoilacz[.]ac,malicious,2026-08-13
domain,xoilacza[.]live,malicious,2026-08-13
domain,xoilacz[.]app,malicious,2026-08-13
domain,xoilacz[.]asia,malicious,2026-08-13
domain,xoilaczoz[.]tv,malicious,2026-08-13
domain,xoilacza[.]top,malicious,2026-08-13
domain,xoilacza[.]tv,malicious,2026-08-13
domain,xoilaczbb[.]tv,malicious,2026-08-13
domain,xoilacz[.]biz,malicious,2026-08-13
domain,xoilaczb[.]top,malicious,2026-08-13
domain,xoilaczbz[.]tv,malicious,2026-08-13
domain,xoilaczc1[.]live,malicious,2026-08-13
domain,xoilaczc2[.]live,malicious,2026-08-13
domain,xoilaczc3[.]live,malicious,2026-08-13
domain,xoilaczc4[.]live,malicious,2026-08-13
domain,xoilaczc5[.]live,malicious,2026-08-13
domain,xoilaczc6[.]live,malicious,2026-08-13
domain,xoilaczc7[.]live,malicious,2026-08-13
domain,xoilaczc8[.]live,malicious,2026-08-13
domain,xoilaczcc[.]tv,malicious,2026-08-13
domain,xoilacz[.]ceo,malicious,2026-08-13
domain,xoilaczc[.]live,malicious,2026-08-13
domain,xoilacz[.]co,malicious,2026-08-13
domain,xoilaczco1[.]live,malicious,2026-08-13
domain,xoilaczc[.]top,malicious,2026-08-13
domain,xoilaczc[.]tv,malicious,2026-08-13
domain,xoilaczd[.]top,malicious,2026-08-13
domain,xoilaczd[.]tv,malicious,2026-08-13
domain,xoilaczdz[.]tv,malicious,2026-08-13
domain,xoilaczr[.]tv,malicious,2026-08-13
domain,xoilacze[.]live,malicious,2026-08-13
domain,xoilacze[.]top,malicious,2026-08-13
domain,xoilacze[.]tv,malicious,2026-08-13
domain,xoilaczf[.]com,malicious,2026-08-13
domain,xoilacz[.]fit,malicious,2026-08-13
domain,xoilaczf[.]live,malicious,2026-08-13
domain,xoilaczf[.]top,malicious,2026-08-13
domain,xoilaczf[.]tv,malicious,2026-08-13
domain,xoilacz[.]fun,malicious,2026-08-13
domain,xoilaczfz[.]tv,malicious,2026-08-13
domain,xoilaczg1[.]live,malicious,2026-08-13
domain,xoilaczg2[.]live,malicious,2026-08-13
domain,xoilaczg3[.]live,malicious,2026-08-13
domain,xoilaczg4[.]live,malicious,2026-08-13
domain,xoilaczg5[.]live,malicious,2026-08-13
domain,xoilaczg[.]cc,malicious,2026-08-13
domain,xoilaczg[.]com,malicious,2026-08-13
domain,xoilaczgg[.]tv,malicious,2026-08-13
domain,xoilaczg[.]live,malicious,2026-08-13
domain,xoilaczg[.]top,malicious,2026-08-13
domain,xoilaczgz[.]tv,malicious,2026-08-13
domain,xoilaczh1[.]tv,malicious,2026-08-13
domain,xoilaczh2[.]tv,malicious,2026-08-13
domain,xoilaczh3[.]tv,malicious,2026-08-13
domain,xoilaczh4[.]tv,malicious,2026-08-13
domain,xoilaczh5[.]tv,malicious,2026-08-13
domain,xoilaczh6[.]tv,malicious,2026-08-13
domain,xoilaczhh[.]tv,malicious,2026-08-13
domain,xoilaczh[.]top,malicious,2026-08-13
domain,xoilaczh[.]tv,malicious,2026-08-13
domain,xoilaczhz[.]tv,malicious,2026-08-13
domain,xoilacztj[.]tv,malicious,2026-08-13
domain,xoilaczi1[.]live,malicious,2026-08-13
domain,xoilaczi2[.]live,malicious,2026-08-13
domain,xoilaczi3[.]live,malicious,2026-08-13
domain,xoilaczi4[.]live,malicious,2026-08-13
domain,xoilaczi5[.]live,malicious,2026-08-13
domain,xoilaczi6[.]live,malicious,2026-08-13
domain,xoilaczi7[.]live,malicious,2026-08-13
domain,xoilaczi[.]com,malicious,2026-08-13
domain,xoilaczid[.]cc,malicious,2026-08-13
domain,xoilaczii[.]tv,malicious,2026-08-13
domain,xoilaczi[.]live,malicious,2026-08-13
domain,xoilacz[.]io,malicious,2026-08-13
domain,xoilaczi[.]top,malicious,2026-08-13
domain,xoilaczi[.]tv,malicious,2026-08-13
domain,xoilacziz[.]tv,malicious,2026-08-13
domain,xoilaczj[.]top,malicious,2026-08-13
domain,xoilaczj[.]tv,malicious,2026-08-13
domain,xoilaczjz[.]tv,malicious,2026-08-13
domain,xoilaczka[.]tv,malicious,2026-08-13
domain,xoilaczkb[.]tv,malicious,2026-08-13
domain,xoilaczkc[.]tv,malicious,2026-08-13
domain,xoilaczkk[.]tv,malicious,2026-08-13
domain,xoilaczkl[.]tv,malicious,2026-08-13
domain,xoilaczkm[.]tv,malicious,2026-08-13
domain,xoilaczko[.]tv,malicious,2026-08-13
domain,xoilaczkp[.]tv,malicious,2026-08-13
domain,xoilaczkq[.]tv,malicious,2026-08-13
domain,xoilaczkr[.]tv,malicious,2026-08-13
domain,xoilaczk[.]top,malicious,2026-08-13
domain,xoilaczkt[.]tv,malicious,2026-08-13
domain,xoilaczk[.]tv,malicious,2026-08-13
domain,xoilaczku[.]tv,malicious,2026-08-13
domain,xoilaczkw[.]tv,malicious,2026-08-13
domain,xoilaczkx[.]tv,malicious,2026-08-13
domain,xoilaczky[.]tv,malicious,2026-08-13
domain,xoilaczkz[.]tv,malicious,2026-08-13
domain,xoilacz[.]live,malicious,2026-08-13
domain,xoilaczl[.]live,malicious,2026-08-13
domain,xoilaczll[.]tv,malicious,2026-08-13
domain,xoilaczl[.]top,malicious,2026-08-13
domain,xoilaczl[.]tv,malicious,2026-08-13
domain,xoilaczlz[.]tv,malicious,2026-08-13
domain,xoilaczmm[.]tv,malicious,2026-08-13
domain,xoilaczmz[.]tv,malicious,2026-08-13
domain,xoilacznn[.]tv,malicious,2026-08-13
domain,xoilaczn[.]top,malicious,2026-08-13
domain,xoilaczn[.]tv,malicious,2026-08-13
domain,xoilacznz[.]tv,malicious,2026-08-13
domain,xoilaczo1[.]live,malicious,2026-08-13
domain,xoilaczo2[.]live,malicious,2026-08-13
domain,xoilaczo3[.]live,malicious,2026-08-13
domain,xoilaczo4[.]live,malicious,2026-08-13
domain,xoilaczo5[.]live,malicious,2026-08-13
domain,xoilaczo6[.]live,malicious,2026-08-13
domain,xoilaczp[.]live,malicious,2026-08-13
domain,xoilaczp[.]top,malicious,2026-08-13
domain,xoilaczp[.]tv,malicious,2026-08-13
domain,xoilaczpz[.]tv,malicious,2026-08-13
domain,xoilaczq[.]live,malicious,2026-08-13
domain,xoilaczqq[.]tv,malicious,2026-08-13
domain,xoilaczq[.]top,malicious,2026-08-13
domain,xoilaczqz[.]tv,malicious,2026-08-13
domain,xoilaczr[.]live,malicious,2026-08-13
domain,xoilaczr[.]top,malicious,2026-08-13
domain,xoilaczrz[.]tv,malicious,2026-08-13
domain,xoilaczs[.]com,malicious,2026-08-13
domain,xoilacz[.]shop,malicious,2026-08-13
domain,xoilaczs[.]net,malicious,2026-08-13
domain,xoilaczss[.]tv,malicious,2026-08-13
domain,xoilacz[.]store,malicious,2026-08-13
domain,xoilaczst[.]tv,malicious,2026-08-13
domain,xoilaczsv[.]tv,malicious,2026-08-13
domain,xoilaczsz[.]tv,malicious,2026-08-13
domain,xoilaczt1[.]live,malicious,2026-08-13
domain,xoilacztz[.]tv,malicious,2026-08-13
domain,xoilaczt2[.]live,malicious,2026-08-13
domain,xoilaczt3[.]live,malicious,2026-08-13
domain,xoilaczt4[.]live,malicious,2026-08-13
domain,xoilaczt5[.]live,malicious,2026-08-13
domain,xoilaczt6[.]live,malicious,2026-08-13
domain,xoilaczt[.]com,malicious,2026-08-13
domain,xoilacz[.]tech,malicious,2026-08-13
domain,xoilaczt[.]live,malicious,2026-08-13
domain,xoilacz[.]today,malicious,2026-08-13
domain,xoilaczt[.]top,malicious,2026-08-13
domain,xoilacztt[.]tv,malicious,2026-08-13
domain,xoilaczt[.]tv,malicious,2026-08-13
domain,xoilacztv[.]com,malicious,2026-08-13
domain,xoilacztv[.]net,malicious,2026-08-13
domain,xoilacztw[.]tv,malicious,2026-08-13
domain,xoilaczu[.]com,malicious,2026-08-13
domain,xoilacz[.]uk,malicious,2026-08-13
domain,xoilaczu[.]live,malicious,2026-08-13
domain,xoilacz[.]us,malicious,2026-08-13
domain,xoilaczu[.]top,malicious,2026-08-13
domain,xoilaczu[.]tv,malicious,2026-08-13
domain,xoilaczuu[.]tv,malicious,2026-08-13
domain,xoilaczuz[.]tv,malicious,2026-08-13
domain,xoilaczv11[.]live,malicious,2026-08-13
domain,xoilaczv12[.]live,malicious,2026-08-13
domain,xoilacz[.]vc,malicious,2026-08-13
domain,xoilaczv13[.]live,malicious,2026-08-13
domain,xoilaczv14[.]live,malicious,2026-08-13
domain,xoilaczv15[.]live,malicious,2026-08-13
domain,xoilaczv16[.]live,malicious,2026-08-13
domain,xoilaczv17[.]live,malicious,2026-08-13
domain,xoilaczv18[.]live,malicious,2026-08-13
domain,xoilaczv19[.]live,malicious,2026-08-13
domain,xoilaczv1[.]live,malicious,2026-08-13
domain,xoilaczv20[.]live,malicious,2026-08-13
domain,xoilaczv21[.]live,malicious,2026-08-13
domain,xoilaczv22[.]live,malicious,2026-08-13
domain,xoilaczv23[.]live,malicious,2026-08-13
domain,xoilaczv24[.]live,malicious,2026-08-13
domain,xoilaczv25[.]live,malicious,2026-08-13
domain,xoilaczv26[.]live,malicious,2026-08-13
domain,xoilaczv27[.]live,malicious,2026-08-13
domain,xoilaczv28[.]live,malicious,2026-08-13
domain,xoilaczv29[.]live,malicious,2026-08-13
domain,xoilaczv2[.]live,malicious,2026-08-13
domain,xoilaczv30[.]live,malicious,2026-08-13
domain,xoilaczv31[.]live,malicious,2026-08-13
domain,xoilaczv3[.]live,malicious,2026-08-13
domain,xoilaczv4[.]live,malicious,2026-08-13
domain,xoilaczv5[.]live,malicious,2026-08-13
domain,xoilaczv6[.]live,malicious,2026-08-13
domain,xoilaczva[.]cc,malicious,2026-08-13
domain,xoilaczva[.]tv,malicious,2026-08-13
domain,xoilaczvb[.]cc,malicious,2026-08-13
domain,xoilaczvb[.]tv,malicious,2026-08-13
domain,xoilaczvc[.]cc,malicious,2026-08-13
domain,xoilaczv[.]com,malicious,2026-08-13
domain,xoilaczvc[.]tv,malicious,2026-08-13
domain,xoilaczvd[.]tv,malicious,2026-08-13
domain,xoilaczve[.]tv,malicious,2026-08-13
domain,xoilaczvg[.]cc,malicious,2026-08-13
domain,xoilaczvg[.]tv,malicious,2026-08-13
domain,xoilaczvh[.]cc,malicious,2026-08-13
domain,xoilaczvh[.]tv,malicious,2026-08-13
domain,xoilaczvi[.]tv,malicious,2026-08-13
domain,xoilaczvj[.]tv,malicious,2026-08-13
domain,xoilaczvk[.]cc,malicious,2026-08-13
domain,xoilaczv[.]live,malicious,2026-08-13
domain,xoilaczvl[.]tv,malicious,2026-08-13
domain,xoilaczvm[.]cc,malicious,2026-08-13
domain,xoilaczv[.]net,malicious,2026-08-13
domain,xoilaczvn[.]tv,malicious,2026-08-13
domain,xoilaczvo[.]tv,malicious,2026-08-13
domain,xoilaczvp[.]cc,malicious,2026-08-13
domain,xoilaczvq[.]cc,malicious,2026-08-13
domain,xoilaczvq[.]tv,malicious,2026-08-13
domain,xoilaczvs[.]tv,malicious,2026-08-13
domain,xoilaczv[.]top,malicious,2026-08-13
domain,xoilaczvt[.]tv,malicious,2026-08-13
domain,xoilaczv[.]tv,malicious,2026-08-13
domain,xoilaczvu[.]cc,malicious,2026-08-13
domain,xoilaczvu[.]tv,malicious,2026-08-13
domain,xoilaczxt[.]tv,malicious,2026-08-13
domain,xoilaczvv[.]tv,malicious,2026-08-13
domain,xoilaczvw[.]cc,malicious,2026-08-13
domain,xoilaczvx[.]tv,malicious,2026-08-13
domain,xoilaczvy[.]tv,malicious,2026-08-13
domain,xoilaczvz[.]tv,malicious,2026-08-13
domain,xoilacz[.]win,malicious,2026-08-13
domain,xoilaczw[.]top,malicious,2026-08-13
domain,xoilaczxb[.]cc,malicious,2026-08-13
domain,xoilaczx[.]com,malicious,2026-08-13
domain,xoilaczxg[.]cc,malicious,2026-08-13
domain,xoilaczxj[.]cc,malicious,2026-08-13
domain,xoilaczx[.]tv,malicious,2026-08-13
domain,xoilaczx[.]live,malicious,2026-08-13
domain,xoilaczx[.]net,malicious,2026-08-13
domain,xoilaczxo[.]cc,malicious,2026-08-13
domain,xoilaczxq[.]cc,malicious,2026-08-13
domain,xoilaczzf[.]cc,malicious,2026-08-13
domain,xoilaczxs[.]cc,malicious,2026-08-13
domain,xoilaczxt[.]cc,malicious,2026-08-13
domain,xoilaczx[.]top,malicious,2026-08-13
domain,xoilaczxu[.]cc,malicious,2026-08-13
domain,xoilaczxx[.]tv,malicious,2026-08-13
domain,xoilaczxy[.]cc,malicious,2026-08-13
domain,xoilaczxz[.]tv,malicious,2026-08-13
domain,xoilaczy[.]com,malicious,2026-08-13
domain,xoilaczzk[.]tv,malicious,2026-08-13
domain,xoilaczy[.]live,malicious,2026-08-13
domain,xoilaczy[.]top,malicious,2026-08-13
domain,xoilaczy[.]tv,malicious,2026-08-13
domain,xoilaczyz[.]tv,malicious,2026-08-13
domain,xoilaczz10[.]live,malicious,2026-08-13
domain,xoilaczz12[.]live,malicious,2026-08-13
domain,xoilaczz13[.]live,malicious,2026-08-13
domain,xoilaczz14[.]live,malicious,2026-08-13
domain,xoilaczz15[.]live,malicious,2026-08-13
domain,xoilaczz16[.]live,malicious,2026-08-13
domain,xoilaczz17[.]live,malicious,2026-08-13
domain,xoilaczz18[.]live,malicious,2026-08-13
domain,xoilaczz19[.]live,malicious,2026-08-13
domain,xoilaczz1[.]live,malicious,2026-08-13
domain,xoilaczz20[.]live,malicious,2026-08-13
domain,xoilaczz21[.]live,malicious,2026-08-13
domain,xoilaczz22[.]live,malicious,2026-08-13
domain,xoilaczz23[.]live,malicious,2026-08-13
domain,xoilaczz24[.]live,malicious,2026-08-13
domain,xoilaczz25[.]live,malicious,2026-08-13
domain,xoilaczz26[.]live,malicious,2026-08-13
domain,xoilaczz27[.]live,malicious,2026-08-13
domain,xoilaczz28[.]live,malicious,2026-08-13
domain,xoilaczz29[.]live,malicious,2026-08-13
domain,xoilaczz2[.]live,malicious,2026-08-13
domain,xoilaczz30[.]live,malicious,2026-08-13
domain,xoilaczz31[.]live,malicious,2026-08-13
domain,xoilaczz33[.]live,malicious,2026-08-13
domain,xoilaczz34[.]live,malicious,2026-08-13
domain,xoilaczz35[.]live,malicious,2026-08-13
domain,xoilaczz36[.]live,malicious,2026-08-13
domain,xoilaczz37[.]live,malicious,2026-08-13
domain,xoilaczz38[.]live,malicious,2026-08-13
domain,xoilaczz39[.]live,malicious,2026-08-13
domain,xoilaczz3[.]live,malicious,2026-08-13
domain,xoilaczz40[.]live,malicious,2026-08-13
domain,xoilaczzp[.]tv,malicious,2026-08-13
domain,xoilaczz4[.]live,malicious,2026-08-13
domain,xoilaczzq[.]cc,malicious,2026-08-13
domain,xoilaczz5[.]live,malicious,2026-08-13
domain,xoilaczz69[.]live,malicious,2026-08-13
domain,xoilaczz6[.]live,malicious,2026-08-13
domain,xoilaczz87[.]live,malicious,2026-08-13
domain,xoilaczz88[.]live,malicious,2026-08-13
domain,xoilaczz89[.]live,malicious,2026-08-13
domain,xoilaczz8[.]live,malicious,2026-08-13
domain,xoilaczz9[.]live,malicious,2026-08-13
domain,xoilaczza[.]com,malicious,2026-08-13
domain,xoilaczza[.]tv,malicious,2026-08-13
domain,xoilaczzb[.]cc,malicious,2026-08-13
domain,xoilaczzb[.]tv,malicious,2026-08-13
domain,xoilaczzy[.]tv,malicious,2026-08-13
domain,xoilaczz[.]com,malicious,2026-08-13
domain,xoilaczzc[.]tv,malicious,2026-08-13
domain,xoilaczzd[.]tv,malicious,2026-08-13
domain,xoilaczze[.]tv,malicious,2026-08-13
domain,xoilaczzf[.]live,malicious,2026-08-13
domain,xoilaczzf[.]tv,malicious,2026-08-13
domain,xoilaczzg[.]cc,malicious,2026-08-13
domain,xoilaczzh[.]cc,malicious,2026-08-13
domain,xoilaczzh[.]tv,malicious,2026-08-13
domain,xoilaczzzt[.]cc,malicious,2026-08-13
domain,xoilaczzi[.]com,malicious,2026-08-13
domain,xoilaczzi[.]live,malicious,2026-08-13
domain,xoilaczzi[.]tv,malicious,2026-08-13
domain,xoilaczzj[.]cc,malicious,2026-08-13
domain,xoilaczzj[.]tv,malicious,2026-08-13
domain,xoilaczz[.]live,malicious,2026-08-13
domain,xoilaczzl[.]tv,malicious,2026-08-13
domain,xoilaczz[.]me,malicious,2026-08-13
domain,xoilaczzm[.]live,malicious,2026-08-13
domain,xoilaczzm[.]tv,malicious,2026-08-13
domain,xoilaczzn[.]live,malicious,2026-08-13
domain,xoilaczzn[.]tv,malicious,2026-08-13
domain,xoilaczzo[.]live,malicious,2026-08-13
domain,xoilaczzo[.]tv,malicious,2026-08-13
domain,xoilaczzp[.]cc,malicious,2026-08-13
domain,xoilaczzr[.]tv,malicious,2026-08-13
domain,xoilaczzs[.]live,malicious,2026-08-13
domain,xoilaczzs[.]tv,malicious,2026-08-13
domain,xoilaczzt[.]live,malicious,2026-08-13
domain,xoilaczzt[.]tv,malicious,2026-08-13
domain,xoilaczzu[.]tv,malicious,2026-08-13
domain,xoilaczzz[.]tv,malicious,2026-08-13
domain,xoilaczzv[.]live,malicious,2026-08-13
domain,xoilaczzv[.]tv,malicious,2026-08-13
domain,xoilaczzw[.]cc,malicious,2026-08-13
domain,xoilaczzy[.]cc,malicious,2026-08-13
domain,xoilaczzz[.]com,malicious,2026-08-13
domain,xoilaczzzd[.]cc,malicious,2026-08-13
domain,xoilaczzze[.]cc,malicious,2026-08-13
domain,xoilaczzzf[.]cc,malicious,2026-08-13
domain,xoilaczzzg[.]cc,malicious,2026-08-13
domain,xoilaczzzh[.]cc,malicious,2026-08-13
domain,xoilaczzzj[.]cc,malicious,2026-08-13
domain,xoilaczzzk[.]cc,malicious,2026-08-13
domain,xoilaczzz[.]live,malicious,2026-08-13
domain,xoilaczzzm[.]cc,malicious,2026-08-13
domain,xoilaczzz[.]me,malicious,2026-08-13
domain,xoilaczzzn[.]cc,malicious,2026-08-13
domain,xoilaczzz[.]net,malicious,2026-08-13
domain,xoilaczzzo[.]cc,malicious,2026-08-13
domain,xoilaczzzp[.]cc,malicious,2026-08-13
domain,xoilaczzzs[.]cc,malicious,2026-08-13
domain,xoilaczzzx[.]cc,malicious,2026-08-13
domain,xoilaczzzz[.]com,malicious,2026-08-13
domain,xoilaczzzz[.]live,malicious,2026-08-13
domain,xoilaczzzzl[.]tv,malicious,2026-08-13
domain,xoilaczzzzm[.]tv,malicious,2026-08-13
domain,xoilaczzzz[.]net,malicious,2026-08-13
domain,xoilaczzzzn[.]tv,malicious,2026-08-13
domain,xoilaczzzzo[.]tv,malicious,2026-08-13
domain,xoilaczzzzp[.]tv,malicious,2026-08-13
domain,xoilaczzzzq[.]tv,malicious,2026-08-13
domain,xoilaczzzzr[.]tv,malicious,2026-08-13
domain,xoilaczzzzs[.]tv,malicious,2026-08-13
domain,xoilaczzzzt[.]tv,malicious,2026-08-13
domain,xoilaczzzz[.]tv,malicious,2026-08-13
domain,xoilaczzzzu[.]tv,malicious,2026-08-13
domain,xoilaczzzzv[.]tv,malicious,2026-08-13
domain,zoolujan[.]com,malicious,2026-08-13
domain,spacechain[.]com,malicious,2026-08-13
domain,90phutxxh[.]cc,malicious,2026-08-13
domain,xoilac365zh[.]tv,malicious,2026-08-13
domain,vebo9[.]site,malicious,2026-08-13
domain,vebozai[.]cc,malicious,2026-08-13
domain,rakhoiii[.]cc,malicious,2026-08-13
domain,xoilacci[.]tv,malicious,2026-08-13
domain,xoilackvh[.]tv,malicious,2026-08-13
domain,90phutch[.]tv,malicious,2026-08-13
domain,xoilac247-worldcup2026a[.]tv,malicious,2026-08-13
domain,socoliveoo[.]io,malicious,2026-08-13
domain,skirmish[.]io,malicious,2026-08-13
domain,vebozat[.]cc,malicious,2026-08-13
domain,pitaka[.]io,malicious,2026-08-13
domain,unicorngo[.]io,malicious,2026-08-13
domain,adventu[.]io,malicious,2026-08-13
domain,xoilaczzuuz[.]tv,malicious,2026-08-13
domain,socolivetvc[.]cc,malicious,2026-08-13
domain,vebozzo[.]cc,malicious,2026-08-13
domain,xoilaclinka[.]cc,malicious,2026-08-13
domain,esobi[.]com,malicious,2026-08-13
domain,prime8[.]io,malicious,2026-08-13
domain,xoilaczzzza[.]tv,malicious,2026-08-13
domain,mibdepot[.]com,malicious,2026-08-13
domain,tetherreport[.]com,malicious,2026-08-13
domain,vebozzr[.]cc,malicious,2026-08-13
domain,annatatangelo[.]com,malicious,2026-08-13
domain,xoilaczzxx[.]tv,malicious,2026-08-13
domain,rakhoiz14[.]live,malicious,2026-08-13
domain,xoilacztn[.]tv,malicious,2026-08-13
domain,terraquest[.]com,malicious,2026-08-13
domain,perrymasontvseries[.]com,malicious,2026-08-13
domain,cakhiaam[.]cc,malicious,2026-08-13
domain,newworldinc[.]io,malicious,2026-08-13
domain,xoilac365xh[.]tv,malicious,2026-08-13
domain,texasrvownersrental[.]com,malicious,2026-08-13
domain,rakhoivo[.]cc,malicious,2026-08-13
domain,galaxyfox[.]io,malicious,2026-08-13
domain,xoilacxxy[.]cc,malicious,2026-08-13
domain,wildtextures[.]com,malicious,2026-08-13
domain,macadmins[.]software,malicious,2026-08-13
domain,socoliveww[.]io,malicious,2026-08-13
domain,cakhiavl[.]cc,malicious,2026-08-13
domain,whoownsfacebook[.]com,malicious,2026-08-13
domain,xoilaczzkz[.]tv,malicious,2026-08-13
domain,ingodwetrustnyc[.]com,malicious,2026-08-13
domain,xoilaclink-affcup2026[.]tv,malicious,2026-08-13
domain,cryppo[.]io,malicious,2026-08-13
domain,restninja[.]io,malicious,2026-08-13
domain,utify[.]io,malicious,2026-08-13
domain,dealcart[.]io,malicious,2026-08-13
domain,geohash[.]org,malicious,2026-08-13
domain,drinkfortpoint[.]com,malicious,2026-08-13
domain,arbshib[.]io,malicious,2026-08-13
domain,dtcgroup[.]io,malicious,2026-08-13
domain,insilicochemistry[.]io,malicious,2026-08-13
domain,xoilaczzsz[.]tv,malicious,2026-08-13
domain,90phutaw[.]cc,malicious,2026-08-13
domain,redwind[.]io,malicious,2026-08-13
domain,go-sharing[.]com,malicious,2026-08-13
domain,nftexp[.]io,malicious,2026-08-13
domain,vebotv-tv[.]com,malicious,2026-08-13
domain,xoilacsc[.]cc,malicious,2026-08-13
domain,xoilac86kt[.]tv,malicious,2026-08-13
domain,kodit[.]io,malicious,2026-08-13
domain,socolivebb[.]tv,malicious,2026-08-13
domain,xoilac365uu[.]cc,malicious,2026-08-13
domain,mitomzo[.]cc,malicious,2026-08-13
domain,xoilacka[.]tv,malicious,2026-08-13
domain,pokewebgo[.]com,malicious,2026-08-13
domain,oasidelleanime[.]com,malicious,2026-08-13
domain,granimator[.]io,malicious,2026-08-13
domain,cakhiazkh[.]cc,malicious,2026-08-13
domain,alphaflightguru[.]com,malicious,2026-08-13
domain,xoilac365l[.]cc,malicious,2026-08-13
domain,xoilackf[.]tv,malicious,2026-08-13
domain,vebotz[.]cc,malicious,2026-08-13
domain,xoilaczzg[.]com,malicious,2026-08-13
domain,90phutvl[.]cc,malicious,2026-08-13
domain,xoilac86t[.]cc,malicious,2026-08-13
domain,rakhoiia[.]cc,malicious,2026-08-13
domain,socoliveaa[.]tv,malicious,2026-08-13
domain,lightminner[.]io,malicious,2026-08-13
domain,xoilacku[.]tv,malicious,2026-08-13
domain,xoilaczllz[.]tv,malicious,2026-08-13
domain,institutfrancais-kinshasa[.]org,malicious,2026-08-13
domain,90phutz47[.]live,malicious,2026-08-13
domain,socolivettbd[.]net,malicious,2026-08-13
domain,vebo-wc2026[.]tv,malicious,2026-08-13
domain,trashreg[.]com,malicious,2026-08-13
domain,innovationpolicyplatform[.]org,malicious,2026-08-13
domain,intelnervana[.]com,malicious,2026-08-13
domain,eternomiusik[.]org,malicious,2026-08-13
domain,nosmovemosvillafranca[.]com,malicious,2026-08-13
domain,chatthillseventing[.]com,malicious,2026-08-13
domain,maquipalsll[.]com,malicious,2026-08-13
domain,xoilac365tv[.]link,malicious,2026-08-13
domain,theglassmenageriebroadway[.]com,malicious,2026-08-13
domain,nalia[.]io,malicious,2026-08-13
domain,rajdhaninursery[.]com,malicious,2026-08-13
domain,trackey[.]io,malicious,2026-08-13
domain,fromagerielejeune[.]com,malicious,2026-08-13
domain,90phutzb[.]tv,malicious,2026-08-13
domain,xoilaczzzy[.]tv,malicious,2026-08-13
domain,vebotvp[.]cc,malicious,2026-08-13
domain,balancenetwork[.]io,malicious,2026-08-13
domain,xoilaczvs[.]cc,malicious,2026-08-13
domain,vebotvv[.]cc,malicious,2026-08-13
domain,rakhoixz[.]cc,malicious,2026-08-13
domain,meta-all-stars[.]io,malicious,2026-08-13
domain,xoilacze[.]mobi,malicious,2026-08-13
domain,videodub[.]io,malicious,2026-08-13
domain,xoilaczb[.]mobi,malicious,2026-08-13
domain,fita[.]org,malicious,2026-08-13
domain,xoilacvvw[.]cc,malicious,2026-08-13
domain,xoilacztu[.]tv,malicious,2026-08-13
domain,90phutcl[.]tv,malicious,2026-08-13
domain,vebozxn[.]cc,malicious,2026-08-13
domain,vebotvt[.]cc,malicious,2026-08-13
domain,economicsconcepts[.]com,malicious,2026-08-13
domain,gryfyn[.]io,malicious,2026-08-13
domain,lyhdev[.]com,malicious,2026-08-13
domain,rockshotpaintball[.]com,malicious,2026-08-13
domain,qvk9[.]org,malicious,2026-08-13
domain,zunami[.]io,malicious,2026-08-13
domain,onepoundcheesesteaks[.]com,malicious,2026-08-13
domain,studioxobar[.]com,malicious,2026-08-13
domain,maisondelaformation[.]net,malicious,2026-08-13
domain,mailforge[.]io,malicious,2026-08-13
domain,90phutza[.]tv,malicious,2026-08-13
domain,socolivepp[.]io,malicious,2026-08-13
domain,socoliveyy[.]io,malicious,2026-08-13
domain,cakhiatvc[.]com,malicious,2026-08-13
domain,fameandpartners[.]com,malicious,2026-08-13
domain,cakhiatve[.]com,malicious,2026-08-13
domain,xoilac24hwc2026a[.]tv,malicious,2026-08-13
domain,xoilacxyo[.]tv,malicious,2026-08-13
domain,xoilacxyp[.]tv,malicious,2026-08-13
domain,xoilaczu[.]cc,malicious,2026-08-13
domain,xoilaczt[.]mobi,malicious,2026-08-13
domain,socolivezz[.]tv,malicious,2026-08-13
domain,leadwallet[.]io,malicious,2026-08-13
domain,xoilackx[.]tv,malicious,2026-08-13
domain,vaderprotocol[.]io,malicious,2026-08-13
domain,xoilacct[.]tv,malicious,2026-08-13
domain,wisemancoaching[.]com,malicious,2026-08-13
domain,citizensinspace[.]org,malicious,2026-08-13
domain,wattio[.]com,malicious,2026-08-13
domain,high-securityseals[.]com,malicious,2026-08-13
domain,segurosgrupotorres[.]com,malicious,2026-08-13
domain,cakhia44[.]xyz,malicious,2026-08-13
domain,90phutif[.]cc,malicious,2026-08-13
domain,kahanisunao[.]org,malicious,2026-08-13
domain,plantstress[.]com,malicious,2026-08-13
domain,xoilacttbd-wc2026a[.]tv,malicious,2026-08-13
domain,xoilacttbd-worldcup2026a[.]tv,malicious,2026-08-13
domain,colatv-affcup2026[.]live,malicious,2026-08-13
domain,cornerstonedetroit[.]com,malicious,2026-08-13
domain,cakhiaww[.]io,malicious,2026-08-13
domain,xoilaczte[.]tv,malicious,2026-08-13
domain,cakhiaee[.]io,malicious,2026-08-13
domain,sadnightdynamite[.]com,malicious,2026-08-13
domain,diamundialradio[.]org,malicious,2026-08-13
domain,blackelkenergy[.]com,malicious,2026-08-13
domain,childrespiteresource[.]org,malicious,2026-08-13
domain,jweeklyusa[.]com,malicious,2026-08-13
domain,samamidon[.]com,malicious,2026-08-13
domain,jennymollen[.]com,malicious,2026-08-13
domain,harpoonistaxemurderer[.]com,malicious,2026-08-13
domain,rbtvplus02[.]com,malicious,2026-08-13
domain,ribaltapizzarestaurant[.]com,malicious,2026-08-13
domain,alternativesurgery[.]com,malicious,2026-08-13
domain,face-painting-fun[.]com,malicious,2026-08-13
domain,hirainbow[.]org,malicious,2026-08-13
domain,rbtvplus[.]com,malicious,2026-08-13
domain,exto[.]io,malicious,2026-08-13
domain,getmyleather[.]com,malicious,2026-08-13
domain,en-trak[.]com,malicious,2026-08-13
domain,ppmroadmap[.]com,malicious,2026-08-13
domain,duplexsecure[.]com,malicious,2026-08-13
domain,snsystems[.]com,malicious,2026-08-13
domain,biknd[.]com,malicious,2026-08-13
domain,theelectriczombie[.]com,malicious,2026-08-13
domain,barecollective[.]com,malicious,2026-08-13
domain,kickshawproductions[.]com,malicious,2026-08-13
domain,slangww[.]com,malicious,2026-08-13
domain,xoilacxtc[.]tv,malicious,2026-08-13
domain,xoilac-tv1[.]site,malicious,2026-08-13
domain,mitom-xoilac[.]online,malicious,2026-08-13
domain,illegal-fishing[.]info,malicious,2026-08-13
domain,samsungchamsockhachhang[.]com,malicious,2026-08-13
domain,tructiep-anh-slovenia-euro[.]fun,malicious,2026-08-13
domain,sadd[.]io,malicious,2026-08-13
domain,tt-danmach-serbia-euro[.]store,malicious,2026-08-13
domain,drygoodsdesignonline[.]com,malicious,2026-08-13
domain,bestarticlepost[.]com,malicious,2026-08-13
domain,0840113vn[.]org,malicious,2026-08-13
domain,appversus[.]io,malicious,2026-08-13
domain,xembd-xoilac[.]site,malicious,2026-08-13
domain,carryhitch[.]com,malicious,2026-08-13
domain,ttbd-xoivo-tv[.]fun,malicious,2026-08-13
domain,tt-taybannha-croatia-euro[.]mom,malicious,2026-08-13
domain,xoilac-tv-euro[.]pics,malicious,2026-08-13
domain,xoilac-6[.]live,malicious,2026-08-13
domain,cakhiaz[.]link,malicious,2026-08-13
domain,90phut-tv[.]shop,malicious,2026-08-13
domain,cathedrale-images[.]com,malicious,2026-08-13
domain,bong-da-xoi-lac[.]shop,malicious,2026-08-13
domain,mahytec[.]com,malicious,2026-08-13
domain,xoilac-tv-euro[.]website,malicious,2026-08-13
domain,xoilac-ttbd[.]wiki,malicious,2026-08-13
domain,xoilac-tvv[.]xyz,malicious,2026-08-13
domain,thuckhuya-tv[.]website,malicious,2026-08-13
domain,alanps1[.]io,malicious,2026-08-13
domain,colatv2[.]pro,malicious,2026-08-13
domain,lehoitinhyeu[.]net,malicious,2026-08-13
domain,forcamspain[.]com,malicious,2026-08-13
domain,tjena[.]io,malicious,2026-08-13
domain,w3support[.]net,malicious,2026-08-13
domain,xoilacc-tv[.]site,malicious,2026-08-13
domain,xoilactvv[.]football,malicious,2026-08-13
domain,tt-croatia-albania-euro[.]pics,malicious,2026-08-13
domain,revenuecoin[.]io,malicious,2026-08-13
domain,socolive-football[.]pro,malicious,2026-08-13
domain,thethaithing[.]com,malicious,2026-08-13
domain,tructiep-bi-slovakia-euro[.]fun,malicious,2026-08-13
domain,xoilacc-tv[.]baby,malicious,2026-08-13
domain,xoilac-bong-da[.]online,malicious,2026-08-13
domain,regina2014naig[.]com,malicious,2026-08-13
domain,xoilac-live-ttbd[.]wiki,malicious,2026-08-13
domain,medienundbildung[.]com,malicious,2026-08-13
domain,khomuc-tv[.]online,malicious,2026-08-13
domain,rithmi[.]com,malicious,2026-08-13
domain,vinivia[.]com,malicious,2026-08-13
domain,cakhia-tv-6[.]live,malicious,2026-08-13
domain,aidadx[.]io,malicious,2026-08-13
domain,csl27[.]net,malicious,2026-08-13
domain,a4k[.]net,malicious,2026-08-13
domain,xoilac888[.]live,malicious,2026-08-13
domain,xoi-lac-tt-bong-da[.]online,malicious,2026-08-13
domain,xoilacc[.]lol,malicious,2026-08-13
domain,xoilaca[.]site,malicious,2026-08-13
domain,communityencompass[.]org,malicious,2026-08-13
domain,contacrypto[.]io,malicious,2026-08-13
domain,tt-slovenia-serbia-euro[.]store,malicious,2026-08-13
domain,tekr[.]io,malicious,2026-08-13
domain,xoilac-live[.]wiki,malicious,2026-08-13
domain,fairwayviewpenthouse[.]com,malicious,2026-08-13
domain,xoilacc[.]pro,malicious,2026-08-13
domain,90p[.]shop,malicious,2026-08-13
domain,bong-da-xoilac-euro[.]help,malicious,2026-08-13
domain,phplusarchitects[.]com,malicious,2026-08-13
domain,tt-duc-scotland[.]today,malicious,2026-08-13
domain,tt-albania-taybannha-euro[.]rent,malicious,2026-08-13
domain,xoilac-tv-truc-tiep[.]site,malicious,2026-08-13
domain,revlo[.]co,malicious,2026-08-13
domain,cakhiatv-17[.]shop,malicious,2026-08-13
domain,xoilac2-euro[.]xyz,malicious,2026-08-13
domain,tt-danmach-serbia-eurro[.]xyz,malicious,2026-08-13
domain,tructiep-halan-ao-euro[.]wiki,malicious,2026-08-13
domain,tt-scotland-thuysi-euro[.]space,malicious,2026-08-13
domain,tructiep-bi-slovakia-eurro[.]online,malicious,2026-08-13
domain,ng5[.]io,malicious,2026-08-13
domain,xoi-lac-link[.]pics,malicious,2026-08-13
domain,programofstudies[.]com,malicious,2026-08-13
domain,tt-hungary-thuysi-euro[.]online,malicious,2026-08-13
domain,serviciotecnicosonycali[.]com,malicious,2026-08-13
domain,xoilac-6[.]skin,malicious,2026-08-13
domain,90phut-net[.]store,malicious,2026-08-13
domain,luongson-tv[.]xyz,malicious,2026-08-13
domain,xoilac-euro-7[.]xyz,malicious,2026-08-13
domain,xem-ttbd-xoilac[.]beauty,malicious,2026-08-13
domain,xoilacc-tv[.]lol,malicious,2026-08-13
domain,tructiep-y-albania-euro[.]xyz,malicious,2026-08-13
domain,tt-croatia-y-euro[.]xyz,malicious,2026-08-13
domain,avokad[.]io,malicious,2026-08-13
domain,xoilac-live[.]baby,malicious,2026-08-13
domain,suratkargotakip[.]com,malicious,2026-08-13
domain,olot[.]org,malicious,2026-08-13
domain,tructiep-y-albania-euro[.]today,malicious,2026-08-13
domain,theapplegoogle[.]com,malicious,2026-08-13
domain,xoilac-tv-ttbd-euro[.]mom,malicious,2026-08-13
domain,williammicklem[.]com,malicious,2026-08-13
domain,xoilac-2-euro[.]homes,malicious,2026-08-13
domain,techbytech[.]io,malicious,2026-08-13
domain,guvenlernakliyat[.]com,malicious,2026-08-13
domain,1dmc[.]io,malicious,2026-08-13
domain,tt-hungary-thuysi-euro[.]art,malicious,2026-08-13
domain,minework[.]io,malicious,2026-08-13
domain,xembd-xoilac[.]space,malicious,2026-08-13
domain,xoilac-tv-90[.]pro,malicious,2026-08-13
domain,xoilac1[.]help,malicious,2026-08-13
domain,xoi-lac[.]shop,malicious,2026-08-13
domain,cakhia30[.]pics,malicious,2026-08-13
domain,audibility[.]io,malicious,2026-08-13
domain,tructiepbongda-xoilac[.]shop,malicious,2026-08-13
domain,initialapproach[.]io,malicious,2026-08-13
domain,clayair[.]io,malicious,2026-08-13
domain,xoilacc[.]baby,malicious,2026-08-13
domain,xoi-lac-tv-tt-euro-2024[.]homes,malicious,2026-08-13
domain,metadogetoken[.]com,malicious,2026-08-13
domain,tt-thuysi-duc-euro[.]xyz,malicious,2026-08-13
domain,tructiep-thuysi-duc-eurro[.]xyz,malicious,2026-08-13
domain,tructiep-bi-romania-euro[.]today,malicious,2026-08-13
domain,cakhia-20-link[.]shop,malicious,2026-08-13
domain,xoilacc[.]mom,malicious,2026-08-13
domain,ask-ehs[.]com,malicious,2026-08-13
domain,ttbd-xoilac-7-euro[.]art,malicious,2026-08-13
domain,sophiaandpilar[.]com,malicious,2026-08-13
domain,cham3s[.]com,malicious,2026-08-13
domain,xoilac-tv1[.]online,malicious,2026-08-13
domain,scoundrelswestend[.]com,malicious,2026-08-13
domain,xoilacc[.]store,malicious,2026-08-13
domain,tt-albania-taybannha-eurro[.]pics,malicious,2026-08-13
domain,xoilacc-tv[.]ink,malicious,2026-08-13
domain,perspectives-family[.]org,malicious,2026-08-13
domain,vuonrausachtainha[.]com,malicious,2026-08-13
domain,kitebird[.]com,malicious,2026-08-13
domain,xoilac-live[.]digital,malicious,2026-08-13
domain,tructiep-halan-ao-euro[.]pics,malicious,2026-08-13
domain,miletiyuu[.]com,malicious,2026-08-13
domain,xoilac-tv-90[.]today,malicious,2026-08-13
domain,xoi-lac-tv-ttbd-euro-2024[.]xyz,malicious,2026-08-13
domain,tructiep-halan-ao-euro[.]fun,malicious,2026-08-13
domain,cakhia-live[.]pro,malicious,2026-08-13
domain,tt-anh-slovenia-euro[.]today,malicious,2026-08-13
domain,ttbd-xoilac-7[.]pro,malicious,2026-08-13
domain,xem-bong-da-xoilactv-euro[.]art,malicious,2026-08-13
domain,hotelstayen[.]com,malicious,2026-08-13
domain,flaap[.]io,malicious,2026-08-13
domain,lakareacts[.]com,malicious,2026-08-13
domain,xoilac-tv-90[.]baby,malicious,2026-08-13
domain,xoilacc[.]xyz,malicious,2026-08-13
domain,xoilac-3[.]wiki,malicious,2026-08-13
domain,cola-tv[.]beauty,malicious,2026-08-13
domain,xoilac-truc-tiep[.]shop,malicious,2026-08-13
domain,xoilac-live[.]online,malicious,2026-08-13
domain,xembd-xoilac[.]shop,malicious,2026-08-13
domain,owlle[.]com,malicious,2026-08-13
domain,dianatheband[.]com,malicious,2026-08-13
domain,xoilac[.]cloud,malicious,2026-08-13
domain,bong-da-xoi-lac[.]live,malicious,2026-08-13
domain,xoilac-tv-truc-tiep-euro[.]pro,malicious,2026-08-13
domain,trumpdeathclock[.]com,malicious,2026-08-13
domain,khudothisondongcenter[.]com,malicious,2026-08-13
domain,xoilac2-euro[.]shop,malicious,2026-08-13
domain,mlln[.]io,malicious,2026-08-13
domain,chatsurvey[.]io,malicious,2026-08-13
domain,xoilactv[.]live,malicious,2026-08-13
domain,tructiep-anh-serbia-euro[.]wiki,malicious,2026-08-13
domain,tructiep-chsec-thonhiky-euro[.]xyz,malicious,2026-08-13
domain,jtipsarevic[.]com,malicious,2026-08-13
domain,xoilac-tv-tructiep-euro[.]xyz,malicious,2026-08-13
domain,xoilac-3[.]beauty,malicious,2026-08-13
domain,fantasynflgospel[.]com,malicious,2026-08-13
domain,abilifyaripiprazoles[.]com,malicious,2026-08-13
domain,cakhia45[.]xyz,malicious,2026-08-13
domain,xoilaca[.]shop,malicious,2026-08-13
domain,cola-tv[.]help,malicious,2026-08-13
domain,sierrafront[.]net,malicious,2026-08-13
domain,fundition[.]io,malicious,2026-08-13
domain,shary[.]io,malicious,2026-08-13
domain,svyaz[.]io,malicious,2026-08-13
domain,xoi-lac[.]online,malicious,2026-08-13
domain,cola-tv[.]autos,malicious,2026-08-13
domain,tructiep-bi-romania-euro[.]mom,malicious,2026-08-13
domain,tt-chsec-thonhiky-euro[.]site,malicious,2026-08-13
domain,xoilactv-euro-2024[.]website,malicious,2026-08-13
domain,k8spatterns[.]io,malicious,2026-08-13
domain,tructiep-bodaonha-sec-euro[.]today,malicious,2026-08-13
domain,akaki[.]io,malicious,2026-08-13
domain,tructiep-croatia-y-euro[.]site,malicious,2026-08-13
domain,mitom-xoilac-ttbd[.]today,malicious,2026-08-13
domain,tt-duc-scotland-euro[.]site,malicious,2026-08-13
domain,mamartha[.]com,malicious,2026-08-13
domain,fashionspacegallery[.]com,malicious,2026-08-13
domain,tt-scotland-hungary-euro[.]pics,malicious,2026-08-13
domain,mitom-xoilac-ttbd[.]shop,malicious,2026-08-13
domain,tructiep-y-albania-euro[.]lol,malicious,2026-08-13
domain,tt-scotland-thuysi-euro[.]ink,malicious,2026-08-13
domain,hify[.]io,malicious,2026-08-13
domain,tt-anh-slovenia-euro[.]pics,malicious,2026-08-13
domain,xoilac-tv-7[.]website,malicious,2026-08-13
domain,cryptosmartnow[.]io,malicious,2026-08-13
domain,pitchpong[.]io,malicious,2026-08-13
domain,xoilac-tv1[.]today,malicious,2026-08-13
domain,ordertamaleman[.]com,malicious,2026-08-13
domain,cakhia42[.]xyz,malicious,2026-08-13
domain,cakhiatv-link[.]site,malicious,2026-08-13
domain,handicapinfos[.]com,malicious,2026-08-13
domain,ceev[.]io,malicious,2026-08-13
domain,xoilac24h-wc2026a[.]tv,malicious,2026-08-13
domain,scholarshipopportunity[.]org,malicious,2026-08-13
domain,xoi-lac-1[.]mom,malicious,2026-08-13
domain,colatvv[.]live,malicious,2026-08-13
domain,cel-robox[.]com,malicious,2026-08-13
domain,xoilactv7[.]website,malicious,2026-08-13
domain,xem-bong-da-tt-xoilac-euro[.]shop,malicious,2026-08-13
domain,sosmap[.]net,malicious,2026-08-13
domain,bong-da-xoi-lac[.]store,malicious,2026-08-13
domain,elfitnasta[.]com,malicious,2026-08-13
domain,musimundi[.]com,malicious,2026-08-13
domain,diwanabph[.]com,malicious,2026-08-13
domain,xoilac-3-euro[.]homes,malicious,2026-08-13
domain,ishikawa-wh[.]com,malicious,2026-08-13
domain,xoilac-5[.]online,malicious,2026-08-13
domain,skalex[.]io,malicious,2026-08-13
domain,santapresentpark[.]com,malicious,2026-08-13
domain,cupcoin[.]io,malicious,2026-08-13
domain,bong-da-xoilac[.]pics,malicious,2026-08-13
domain,numbers-for-support[.]com,malicious,2026-08-13
domain,xoilac-tv-truc-tiep-euro[.]today,malicious,2026-08-13
domain,authornimmu[.]com,malicious,2026-08-13
domain,cakhia-tv[.]shop,malicious,2026-08-13
domain,xoilac-tv[.]help,malicious,2026-08-13
domain,bong-da-xoilac-euro[.]pics,malicious,2026-08-13
domain,jinsekikogen[.]com,malicious,2026-08-13
domain,tt-danmach-anh-euro[.]site,malicious,2026-08-13
domain,cakhia-live[.]shop,malicious,2026-08-13
domain,xembd-xoilac[.]online,malicious,2026-08-13
domain,modafinilzprovigil[.]com,malicious,2026-08-13
domain,xoilac79[.]store,malicious,2026-08-13
domain,tt-y-albania-euro[.]online,malicious,2026-08-13
domain,xoilac-tv1[.]shop,malicious,2026-08-13
domain,tructiep-danmach-anh-euro[.]xyz,malicious,2026-08-13
domain,endlessai[.]io,malicious,2026-08-13
domain,doutonbori-gokuraku[.]com,malicious,2026-08-13
domain,xoilac7[.]wiki,malicious,2026-08-13
domain,sushi-kiwami[.]com,malicious,2026-08-13
domain,tt-scotland-hungarry-euro[.]site,malicious,2026-08-13
domain,cola-tv[.]wiki,malicious,2026-08-13
domain,xoilac-tv[.]shop,malicious,2026-08-13
domain,forensiclinguistics[.]net,malicious,2026-08-13
domain,claire-sansgluten[.]com,malicious,2026-08-13
domain,studioretail[.]group,malicious,2026-08-13
domain,xoilac-bong-da[.]autos,malicious,2026-08-13
domain,bong-da-xoi-lac[.]space,malicious,2026-08-13
domain,xoi-lac-7-euro[.]art,malicious,2026-08-13
domain,tt-taybannha-croatia-eurro[.]store,malicious,2026-08-13
domain,colatv10[.]tv,malicious,2026-08-13
domain,xoilac-2[.]store,malicious,2026-08-13
domain,urbantourismtrends[.]com,malicious,2026-08-13
domain,havadankamera[.]com,malicious,2026-08-13
domain,entempsreel[.]com,malicious,2026-08-13
domain,cola-tv[.]cfd,malicious,2026-08-13
domain,ttbd-xoilac-7[.]xyz,malicious,2026-08-13
domain,xoi-lac-tt-bong-da[.]lol,malicious,2026-08-13
domain,socolive-tv[.]pro,malicious,2026-08-13
domain,tt-chsec-thonhiky-euro[.]wiki,malicious,2026-08-13
domain,foxgate[.]io,malicious,2026-08-13
domain,cola-tv[.]biz,malicious,2026-08-13
domain,ttbd-xoi-lac-euro-2024[.]help,malicious,2026-08-13
domain,cakhia-6-link-truc-tiep[.]pro,malicious,2026-08-13
domain,ttbd-xoi-lac-euro-2024-1[.]one,malicious,2026-08-13
domain,torontorehabfoundation[.]com,malicious,2026-08-13
domain,90phut-tv[.]help,malicious,2026-08-13
domain,tructiep-scotland-thuysi-euro[.]xyz,malicious,2026-08-13
domain,tt-hungary-thuysi-euro[.]website,malicious,2026-08-13
domain,bong-da-xoilac-euro[.]pro,malicious,2026-08-13
domain,xoilacc[.]fun,malicious,2026-08-13
domain,xoilac-tv-ttbd-euro[.]website,malicious,2026-08-13
domain,tt-halan-phap-euro[.]art,malicious,2026-08-13
domain,tt-slovakia-romania-euro[.]online,malicious,2026-08-13
domain,xembd-xoilac[.]pro,malicious,2026-08-13
domain,xoilac-1[.]today,malicious,2026-08-13
domain,kabosutoken[.]io,malicious,2026-08-13
domain,xoilac-ttbd[.]space,malicious,2026-08-13
domain,sarackennedy[.]com,malicious,2026-08-13
domain,sneakymag[.]com,malicious,2026-08-13
domain,xoilacc[.]link,malicious,2026-08-13
domain,popit[.]io,malicious,2026-08-13
domain,ttbd-xoilac7[.]live,malicious,2026-08-13
domain,cola-tv[.]top,malicious,2026-08-13
domain,self-made[.]io,malicious,2026-08-13
domain,colatvv[.]bio,malicious,2026-08-13
domain,xembd-xoi-lac[.]site,malicious,2026-08-13
domain,janiceabistro[.]com,malicious,2026-08-13
domain,uniocoin[.]io,malicious,2026-08-13
domain,tructiep-duc-hungary-euro[.]xyz,malicious,2026-08-13
domain,xoilacc[.]today,malicious,2026-08-13
domain,nyriad[.]io,malicious,2026-08-13
domain,gpx-view[.]com,malicious,2026-08-13
domain,xoi-lac-bd-7[.]art,malicious,2026-08-13
domain,vfxapp[.]io,malicious,2026-08-13
domain,colatv[.]site,malicious,2026-08-13
domain,saigoncoopmart[.]com,malicious,2026-08-13
domain,tructiep-taybannha-y-euro[.]lol,malicious,2026-08-13
domain,tt-albania-taybannha-euro[.]pro,malicious,2026-08-13
domain,xoilaca[.]store,malicious,2026-08-13
domain,xoilac-tv-euro[.]mom,malicious,2026-08-13
domain,mitom-xoilac-ttbd[.]art,malicious,2026-08-13
domain,xoilacc-tv[.]live,malicious,2026-08-13
domain,xoilac-2[.]online,malicious,2026-08-13
domain,colatvtv[.]space,malicious,2026-08-13
domain,neuglowvietnam[.]com,malicious,2026-08-13
domain,cakhia40[.]xyz,malicious,2026-08-13
domain,xoilac-6-euro[.]xyz,malicious,2026-08-13
domain,almendrawinery[.]com,malicious,2026-08-13
domain,dgradost-yankovo[.]com,malicious,2026-08-13
domain,tokenguard[.]io,malicious,2026-08-13
domain,cakhia-6-link[.]site,malicious,2026-08-13
domain,sportr[.]io,malicious,2026-08-13
domain,promptchainer[.]io,malicious,2026-08-13
domain,metalanddao[.]io,malicious,2026-08-13
domain,xoi-lac-euro-7[.]lat,malicious,2026-08-13
domain,xoilac365ze[.]tv,malicious,2026-08-13
domain,coinzx[.]io,malicious,2026-08-13
domain,xoilactv1[.]website,malicious,2026-08-13
domain,chats-perdus[.]net,malicious,2026-08-13
domain,tt-halan-ao-euro[.]site,malicious,2026-08-13
domain,tt-danmach-slovenia-eurro[.]art,malicious,2026-08-13
domain,cola-tv[.]work,malicious,2026-08-13
domain,socolive-tv[.]shop,malicious,2026-08-13
domain,49jili[.]io,malicious,2026-08-13
domain,xoilac-1[.]pro,malicious,2026-08-13
domain,tructiep-anh-serbia-eurro[.]today,malicious,2026-08-13
domain,touron-designer[.]com,malicious,2026-08-13
domain,ca-khia-link[.]shop,malicious,2026-08-13
domain,sassysquatchcoffee[.]com,malicious,2026-08-13
domain,xoilac-tv1[.]wiki,malicious,2026-08-13
domain,xoilac-17-euro[.]pics,malicious,2026-08-13
domain,cakhia-wc2026[.]tv,malicious,2026-08-13
domain,tt-danmach-slovenia-euro[.]skin,malicious,2026-08-13
domain,xoilacc-tv[.]info,malicious,2026-08-13
domain,thuckhuya-tv[.]pics,malicious,2026-08-13
domain,xoi-lac-tv-ttbd-euro-2024[.]homes,malicious,2026-08-13
domain,bernardpurdie[.]com,malicious,2026-08-13
domain,xoilac-live[.]pics,malicious,2026-08-13
domain,socolive-tv[.]pics,malicious,2026-08-13
domain,ideanetworks[.]io,malicious,2026-08-13
domain,cakhia41[.]xyz,malicious,2026-08-13
domain,xoilac-tv-truc-tiep-euro[.]art,malicious,2026-08-13
domain,tructiep-slovenia-serbia-euro[.]fun,malicious,2026-08-13
domain,duagame[.]com,malicious,2026-08-13
domain,xoilac-8-euro[.]homes,malicious,2026-08-13
domain,viewsfromthetop[.]com,malicious,2026-08-13
domain,colatvv[.]ink,malicious,2026-08-13
domain,xoilac-5[.]space,malicious,2026-08-13
domain,googleconnectskc[.]com,malicious,2026-08-13
domain,xoi-lac-tv-ttbd-euro-2024[.]lat,malicious,2026-08-13
domain,tt-slovakia-romania-euro[.]xyz,malicious,2026-08-13
domain,rapminerz[.]io,malicious,2026-08-13
domain,xem-bong-da-xoilac[.]shop,malicious,2026-08-13
domain,cakhia78[.]xyz,malicious,2026-08-13
domain,xoilac-bong-da[.]site,malicious,2026-08-13
domain,tt-hungary-thuysi-euro[.]xyz,malicious,2026-08-13
domain,colatv2[.]today,malicious,2026-08-13
domain,definitions-webmarketing[.]com,malicious,2026-08-13
domain,cola-tv[.]best,malicious,2026-08-13
domain,xoilac[.]autos,malicious,2026-08-13
domain,nexablock[.]io,malicious,2026-08-13
domain,colatvv[.]life,malicious,2026-08-13
domain,90phut-net[.]shop,malicious,2026-08-13
domain,disney-clipart[.]com,malicious,2026-08-13
domain,stejeannedarc[.]net,malicious,2026-08-13
domain,xembd-xoilac[.]live,malicious,2026-08-13
domain,hexbear[.]io,malicious,2026-08-13
domain,yogatorestore[.]com,malicious,2026-08-13
domain,kidoman[.]io,malicious,2026-08-13
domain,tt-bodaonha-sec-euro[.]art,malicious,2026-08-13
domain,xoilac-7[.]today,malicious,2026-08-13
domain,xoilac-tv-ttbd-euro[.]pics,malicious,2026-08-13
domain,vietnamnetvn[.]com,malicious,2026-08-13
domain,xem-bong-da-xoilac-euro[.]pics,malicious,2026-08-13
domain,vista2[.]trade,malicious,2026-08-13
domain,tructiep-croatia-y-euro[.]info,malicious,2026-08-13
domain,tt-danmach-serbia-eurro[.]space,malicious,2026-08-13
domain,tt-taybannha-y-euro[.]today,malicious,2026-08-13
domain,cakhia-tv-truc-tiep[.]site,malicious,2026-08-13
domain,socolive-tv[.]today,malicious,2026-08-13
domain,iscribble[.]io,malicious,2026-08-13
domain,leaked[.]homes,malicious,2026-08-13
domain,kenyonfarrow[.]com,malicious,2026-08-13
domain,cola-tv[.]blog,malicious,2026-08-13
domain,gavangtv[.]global,malicious,2026-08-13
domain,finary[.]io,malicious,2026-08-13
domain,edsildpl[.]com,malicious,2026-08-13
domain,tructiep-duc-scotland-euro[.]site,malicious,2026-08-13
domain,xoilac-17-euro[.]pro,malicious,2026-08-13
domain,cbiglobal[.]io,malicious,2026-08-13
domain,chibakeirin[.]com,malicious,2026-08-13
domain,xoilacc-tv[.]xyz,malicious,2026-08-13
domain,xoilac-tv-truc-tiep-euro[.]pics,malicious,2026-08-13
domain,muaquattranmy-vivuhoaky[.]com,malicious,2026-08-13
domain,comeby[.]io,malicious,2026-08-13
domain,designclub[.]io,malicious,2026-08-13
domain,dpalwallet[.]io,malicious,2026-08-13
domain,sitcvn[.]com,malicious,2026-08-13
domain,wxnlabs[.]com,malicious,2026-08-13
domain,cola-tv[.]space,malicious,2026-08-13
domain,xoilac-tv-ttbd-euro[.]today,malicious,2026-08-13
domain,xoilac-1-euro[.]art,malicious,2026-08-13
domain,xoilac-bong-da[.]wiki,malicious,2026-08-13
domain,xoilac-1[.]store,malicious,2026-08-13
domain,paldesk[.]io,malicious,2026-08-13
domain,socolive-tv[.]help,malicious,2026-08-13
domain,hannapanchenko[.]com,malicious,2026-08-13
domain,pulsepot[.]io,malicious,2026-08-13
domain,kadalu[.]io,malicious,2026-08-13
domain,colatv3[.]store,malicious,2026-08-13
domain,cola-tv[.]pro,malicious,2026-08-13
domain,xoilac7-euro[.]baby,malicious,2026-08-13
domain,xoilacvb[.]ac,malicious,2026-08-13
domain,tructiep-phap-ao-eurro[.]site,malicious,2026-08-13
domain,xoilac-live[.]cc,malicious,2026-08-13
domain,90p-link[.]shop,malicious,2026-08-13
domain,xoilac-tv-truc-tiep[.]online,malicious,2026-08-13
domain,cakhia-6-link-truc-tiep[.]live,malicious,2026-08-13
domain,socolive-tv[.]rent,malicious,2026-08-13
domain,tt-danmach-serbia-euro[.]today,malicious,2026-08-13
domain,xem-bong-da-tt-xoilac-euro[.]wiki,malicious,2026-08-13
domain,alaskagoldrush[.]io,malicious,2026-08-13
domain,ttbd-xoilac-7-euro[.]xyz,malicious,2026-08-13
domain,forcefi[.]io,malicious,2026-08-13
domain,xoilac-truc-tiep[.]wiki,malicious,2026-08-13
domain,lecca[.]io,malicious,2026-08-13
domain,tt-danmach-slovenia-euro[.]site,malicious,2026-08-13
domain,tt-bodaonha-thonhiky-euro[.]xyz,malicious,2026-08-13
domain,swftspay[.]io,malicious,2026-08-13
domain,tructiep-phap-ao-euro[.]website,malicious,2026-08-13
domain,tructiep-taybannha-y-euro[.]site,malicious,2026-08-13
domain,tructiep-phap-ao-euro[.]skin,malicious,2026-08-13
domain,xoilacc[.]website,malicious,2026-08-13
domain,cola-tv[.]click,malicious,2026-08-13
domain,xoilacc[.]pics,malicious,2026-08-13
domain,xoilactv-euro-2024[.]mom,malicious,2026-08-13
domain,xoilacc-tv[.]store,malicious,2026-08-13
domain,braniffpages[.]com,malicious,2026-08-13
domain,etc-cte[.]org,malicious,2026-08-13
domain,bong-da-xoi-lac[.]online,malicious,2026-08-13
domain,colatvv[.]team,malicious,2026-08-13
domain,xoilac-4[.]pro,malicious,2026-08-13
domain,tructiep-taybannha-y-euro[.]today,malicious,2026-08-13
domain,tin-nong-24h-socolive[.]pics,malicious,2026-08-13
domain,bongdangon[.]space,malicious,2026-08-13
domain,luongson-tv[.]live,malicious,2026-08-13
domain,vinsduroussillon[.]com,malicious,2026-08-13
domain,cola-tv[.]xyz,malicious,2026-08-13
domain,tec-innovation[.]com,malicious,2026-08-13
domain,xoilac2-euro[.]lat,malicious,2026-08-13
domain,xoilac-tv1[.]live,malicious,2026-08-13
domain,warframe-builder[.]com,malicious,2026-08-13
domain,ellaeyre[.]com,malicious,2026-08-13
domain,xoilac-live[.]site,malicious,2026-08-13
domain,cola-tv[.]online,malicious,2026-08-13
domain,xoilac-2-euro[.]lat,malicious,2026-08-13
domain,tt-danmach-serbia-euro[.]pics,malicious,2026-08-13
domain,mms-alert[.]com,malicious,2026-08-13
domain,cakhiack[.]live,malicious,2026-08-13
domain,dinox[.]io,malicious,2026-08-13
domain,expo360[.]io,malicious,2026-08-13
domain,mitom-xoilac[.]today,malicious,2026-08-13
domain,safeyields[.]io,malicious,2026-08-13
domain,tt-chsec-thonhiky-euro[.]homes,malicious,2026-08-13
domain,tt-scotland-thuysi-euro[.]xyz,malicious,2026-08-13
domain,socion[.]io,malicious,2026-08-13
domain,xoilac-ttbd[.]shop,malicious,2026-08-13
domain,ttbd-xoilac-7[.]shop,malicious,2026-08-13
domain,sofficiimpronteblu[.]com,malicious,2026-08-13
domain,xoilacc-tv[.]wiki,malicious,2026-08-13
domain,skytrust[.]io,malicious,2026-08-13
domain,colatvv[.]wiki,malicious,2026-08-13
domain,instarise[.]io,malicious,2026-08-13
domain,gidonline[.]club,malicious,2026-08-13
domain,xoilactv-1[.]cheap,malicious,2026-08-13
domain,xoi-lac[.]store,malicious,2026-08-13
domain,tt-bodaonha-thonhiky-eurro[.]store,malicious,2026-08-13
domain,xoilac-tv-truc-tiep[.]shop,malicious,2026-08-13
domain,theredboatfusion[.]com,malicious,2026-08-13
domain,bongdangon[.]shop,malicious,2026-08-13
domain,physiopicker[.]com,malicious,2026-08-13
domain,tt-croatia-albania-eurro[.]today,malicious,2026-08-13
domain,dep365[.]com,malicious,2026-08-13
domain,xoilac-tv-euro[.]pro,malicious,2026-08-13
domain,xoilac-bong-da[.]live,malicious,2026-08-13
domain,xoi-lac-ttbd-euro[.]today,malicious,2026-08-13
domain,xembd-xoilac[.]link,malicious,2026-08-13
domain,tructiep-y-albsnia-euro[.]online,malicious,2026-08-13
domain,xoilacc-tv[.]today,malicious,2026-08-13
domain,holidayinnlongueuil[.]com,malicious,2026-08-13
domain,bong-da-xoilac-euro[.]baby,malicious,2026-08-13
domain,xoilac-1-euro[.]xyz,malicious,2026-08-13
domain,xoilacc[.]quest,malicious,2026-08-13
domain,tt-slovenia-romania-euro[.]beauty,malicious,2026-08-13
domain,ttbd-xoivotv[.]one,malicious,2026-08-13
domain,kolt[.]io,malicious,2026-08-13
domain,ca-khia-tivi[.]site,malicious,2026-08-13
domain,luongson[.]ink,malicious,2026-08-13
domain,worldofspeed[.]com,malicious,2026-08-13
domain,xoi-lac-17[.]today,malicious,2026-08-13
domain,xoilac[.]ca,malicious,2026-08-13
domain,magicflightstudio[.]com,malicious,2026-08-13
domain,oratoriosocietyofny[.]org,malicious,2026-08-13
domain,multiwii[.]com,malicious,2026-08-13
domain,officehours[.]io,malicious,2026-08-13
domain,xem-bong-da-xoilactv-euro[.]xyz,malicious,2026-08-13
domain,colatvv[.]bond,malicious,2026-08-13
domain,nomadrap[.]com,malicious,2026-08-13
domain,xoi-lac-tv-tt-euro-2024[.]lat,malicious,2026-08-13
domain,xoi-lac[.]site,malicious,2026-08-13
domain,tt-thuysi-duc-euro[.]baby,malicious,2026-08-13
domain,proxypage[.]io,malicious,2026-08-13
domain,bong-da-xoilac[.]help,malicious,2026-08-13
domain,colatvv[.]social,malicious,2026-08-13
domain,cakhia19[.]site,malicious,2026-08-13
domain,tructiep-bi-slovakia-euro[.]lol,malicious,2026-08-13
domain,xem-ttbd-xoilac[.]website,malicious,2026-08-13
domain,colatvtv[.]ink,malicious,2026-08-13
domain,xoilaca[.]online,malicious,2026-08-13
domain,xoilac-live-ttbd[.]xyz,malicious,2026-08-13
domain,na2[.]io,malicious,2026-08-13
domain,xoilac-17-euro[.]lol,malicious,2026-08-13
domain,xoilac-tv-ttbd-euro[.]online,malicious,2026-08-13
domain,colatvv[.]help,malicious,2026-08-13
domain,tt-bodaonha-thonhiky-euro[.]today,malicious,2026-08-13
domain,commercejs[.]com,malicious,2026-08-13
domain,colatv4[.]pro,malicious,2026-08-13
domain,xoilac-tv-truc-tiep[.]live,malicious,2026-08-13
domain,xoilac10[.]link,malicious,2026-08-13
domain,freelyphotos[.]com,malicious,2026-08-13
domain,pittsburghpublicmarket[.]org,malicious,2026-08-13
domain,emsedress[.]com,malicious,2026-08-13
domain,c-lab[.]link,malicious,2026-08-13
domain,paperogiallo[.]net,malicious,2026-08-13
domain,universalcreditsuffer[.]com,malicious,2026-08-13
domain,khangcotdon[.]vn,malicious,2026-08-13
domain,cliffrobertson[.]info,malicious,2026-08-13
domain,xoilac-live[.]eu,malicious,2026-08-13
domain,morpheusswap[.]finance,malicious,2026-08-13
domain,super-smashflash2[.]com,malicious,2026-08-13
domain,yuckmovie[.]com,malicious,2026-08-13
domain,androidgadget[.]org,malicious,2026-08-13
domain,klbistro[.]com,malicious,2026-08-13
domain,skyrhune[.]com,malicious,2026-08-13
domain,commentfaireunfilm[.]com,malicious,2026-08-13
domain,linuxito[.]com,malicious,2026-08-13
domain,pinoytvlover[.]com,malicious,2026-08-13
domain,cakhia-tv-truc-tiep[.]pro,malicious,2026-08-13
domain,quackpotwatch[.]org,malicious,2026-08-13
domain,xoilac-truc-tiep[.]autos,malicious,2026-08-13
domain,truckaddons[.]com,malicious,2026-08-13
domain,cakhia[.]quest,malicious,2026-08-13
domain,90phut-bdtv[.]wiki,malicious,2026-08-13
domain,bong-da-90p[.]lol,malicious,2026-08-13
domain,fmft[.]net,malicious,2026-08-13
domain,adelewechsler[.]com,malicious,2026-08-13
domain,vnrockreviews[.]net,malicious,2026-08-13
domain,barsardine[.]nyc,malicious,2026-08-13
domain,trainwithmeonline[.]com,malicious,2026-08-13
domain,onusida-latina[.]org,malicious,2026-08-13
domain,viewfromthefridge[.]com,malicious,2026-08-13
domain,xoi-lac-ttbd-euro[.]club,malicious,2026-08-13
domain,hoichodulichcantho[.]vn,malicious,2026-08-13
domain,bmoharrisbradleycenter[.]com,malicious,2026-08-13
domain,xoilac-17[.]xyz,malicious,2026-08-13
domain,uetourisme[.]com,malicious,2026-08-13
domain,pivon[.]vn,malicious,2026-08-13
domain,multnomahhistorical[.]com,malicious,2026-08-13
domain,cakhiatv[.]baby,malicious,2026-08-13
domain,webofchange[.]com,malicious,2026-08-13
domain,timefordvd[.]com,malicious,2026-08-13
domain,bongdangon[.]art,malicious,2026-08-13
domain,90phut-tv[.]one,malicious,2026-08-13
domain,osaka-ferry[.]net,malicious,2026-08-13
domain,sghairdesign[.]com,malicious,2026-08-13
domain,jacobs-inn[.]com,malicious,2026-08-13
domain,billcady[.]com,malicious,2026-08-13
domain,weeklystorybook[.]com,malicious,2026-08-13
domain,demsonghonghanoi[.]vn,malicious,2026-08-13
domain,primapastacafe[.]com,malicious,2026-08-13
domain,birdylashes[.]com,malicious,2026-08-13
domain,strong-one[.]net,malicious,2026-08-13
domain,icarexam[.]net,malicious,2026-08-13
domain,okusaki-japan[.]vn,malicious,2026-08-13
domain,thuckhuyatvttbd[.]net,malicious,2026-08-13
domain,nanuetandbeyond[.]org,malicious,2026-08-13
domain,fautsy[.]com,malicious,2026-08-13
domain,mymaddenpad[.]com,malicious,2026-08-13
domain,xoilac-2[.]biz,malicious,2026-08-13
domain,noanda[.]com,malicious,2026-08-13
domain,bongdangon[.]wiki,malicious,2026-08-13
domain,xoi-lac-17[.]wiki,malicious,2026-08-13
domain,abclearningcenterfl[.]com,malicious,2026-08-13
domain,farmingdata[.]io,malicious,2026-08-13
domain,albedo1[.]com,malicious,2026-08-13
domain,xoi-lac-1[.]pro,malicious,2026-08-13
domain,grandprixtampa[.]com,malicious,2026-08-13
domain,elfparser[.]com,malicious,2026-08-13
domain,topratedessayservice[.]com,malicious,2026-08-13
domain,ttbd-xoilac7[.]art,malicious,2026-08-13
domain,mademoisellegrenadine[.]com,malicious,2026-08-13
domain,colalive[.]soccer,malicious,2026-08-13
domain,jazzinstituteofchicago[.]org,malicious,2026-08-13
domain,10puntos[.]com,malicious,2026-08-13
domain,laneigebridal[.]com,malicious,2026-08-13
domain,lyricaxtu[.]com,malicious,2026-08-13
domain,binarybpo[.]com,malicious,2026-08-13
domain,xoilactv[.]network,malicious,2026-08-13
domain,finchpark[.]com,malicious,2026-08-13
domain,sieuthimay[.]vn,malicious,2026-08-13
domain,aballerinastale[.]com,malicious,2026-08-13
domain,tm2501[.]com,malicious,2026-08-13
domain,polymerclaycentral[.]com,malicious,2026-08-13
domain,xoilac2[.]online,malicious,2026-08-13
domain,poresta[.]com,malicious,2026-08-13
domain,self-defender[.]net,malicious,2026-08-13
domain,embremit[.]com,malicious,2026-08-13
domain,tampastripclubreview[.]com,malicious,2026-08-13
domain,raleightelegram[.]com,malicious,2026-08-13
domain,watchfreenetflix[.]com,malicious,2026-08-13
domain,90phut-bong-da[.]homes,malicious,2026-08-13
domain,richkidsbrand[.]com,malicious,2026-08-13
domain,crowcreekgoldmine[.]com,malicious,2026-08-13
domain,cfsbhm[.]org,malicious,2026-08-13
domain,mining-helium[.]com,malicious,2026-08-13
domain,xembd-xoilac[.]art,malicious,2026-08-13
domain,xoil[.]ac,malicious,2026-08-13
domain,elsamakeup[.]com,malicious,2026-08-13
domain,spatial-literacy[.]org,malicious,2026-08-13
domain,xoilactv[.]sh,malicious,2026-08-13
domain,bong-da-xoi-lac-euro[.]pics,malicious,2026-08-13
domain,roam7[.]com,malicious,2026-08-13
domain,lattu[.]io,malicious,2026-08-13
domain,mattgreer[.]org,malicious,2026-08-13
domain,cihcolatv[.]live,malicious,2026-08-13
domain,japanserve[.]com,malicious,2026-08-13
domain,patrickwoodroffe-world[.]com,malicious,2026-08-13
domain,shutuplittlemanfilm[.]com,malicious,2026-08-13
domain,colatv[.]in,malicious,2026-08-13
domain,hatfieldmccoycountry[.]com,malicious,2026-08-13
domain,cakhia-bdtv[.]art,malicious,2026-08-13
domain,offcite[.]org,malicious,2026-08-13
domain,cogenerationdayusa[.]com,malicious,2026-08-13
domain,colatvtv[.]online,malicious,2026-08-13
domain,allianzsuisseopengstaad[.]com,malicious,2026-08-13
domain,xem-bong-da-xoi-lac[.]rent,malicious,2026-08-13
domain,massacarrara[.]net,malicious,2026-08-13
domain,refigure[.]org,malicious,2026-08-13
domain,nepacrossroads[.]com,malicious,2026-08-13
domain,xoilaca[.]pro,malicious,2026-08-13
domain,snk-onlineshop[.]com,malicious,2026-08-13
domain,hiztegia[.]net,malicious,2026-08-13
domain,xoilac-ttbd[.]ink,malicious,2026-08-13
domain,cakhia30[.]art,malicious,2026-08-13
domain,panoramacatolico[.]info,malicious,2026-08-13
domain,alertaforex[.]com,malicious,2026-08-13
domain,e24h[.]vn,malicious,2026-08-13
domain,truc-tiep-90phut[.]fun,malicious,2026-08-13
domain,xoi-lac[.]wiki,malicious,2026-08-13
domain,xoilac-tv1[.]info,malicious,2026-08-13
domain,argentinafootballworld[.]com,malicious,2026-08-13
domain,90phut-live[.]quest,malicious,2026-08-13
domain,softlinegroup[.]com[.]vn,malicious,2026-08-13
domain,tamcaoviet[.]vn,malicious,2026-08-13
domain,cakhiatv-6-link[.]site,malicious,2026-08-13
domain,stereoayapa[.]com,malicious,2026-08-13
domain,giaoducatgttrongtruonghoc[.]com[.]vn,malicious,2026-08-13
domain,xoi-lac[.]info,malicious,2026-08-13
domain,safernightlife[.]org,malicious,2026-08-13
domain,thelclnyc[.]com,malicious,2026-08-13
domain,mypsfcu[.]org,malicious,2026-08-13
domain,cakhia-17[.]website,malicious,2026-08-13
domain,xoilac-tv-90[.]club,malicious,2026-08-13
domain,bongdangon[.]info,malicious,2026-08-13
domain,kentcan[.]org,malicious,2026-08-13
domain,kuresarahigai[.]org,malicious,2026-08-13
domain,xoilac-tv-truc-tiep[.]info,malicious,2026-08-13
domain,tantieungao[.]com,malicious,2026-08-13
domain,sleeptrainarena[.]com,malicious,2026-08-13
domain,xoilac-live[.]ca,malicious,2026-08-13
domain,usmcweapons[.]com,malicious,2026-08-13
domain,xem-bong-da-xoilac-euro[.]lat,malicious,2026-08-13
domain,duplicate-records[.]com,malicious,2026-08-13
domain,xoi-lac[.]ink,malicious,2026-08-13
domain,link-90p[.]live,malicious,2026-08-13
domain,conartistnyc[.]com,malicious,2026-08-13
domain,90phut-tv[.]today,malicious,2026-08-13
domain,armedforcesmuseum[.]com,malicious,2026-08-13
domain,xoilactv1[.]mom,malicious,2026-08-13
domain,xoilac-6[.]homes,malicious,2026-08-13
domain,ketoanthuengoai[.]vn,malicious,2026-08-13
domain,a-review[.]com,malicious,2026-08-13
domain,depmely[.]com,malicious,2026-08-13
domain,kyivhistorymuseum[.]org,malicious,2026-08-13
domain,fuzzyjoseph[.]com,malicious,2026-08-13
domain,thewordiseut[.]com,malicious,2026-08-13
domain,funpark-maroc[.]com,malicious,2026-08-13
domain,ebino-village[.]com,malicious,2026-08-13
domain,xoilac888[.]com,malicious,2026-08-13
domain,thets[.]io,malicious,2026-08-13
domain,hotelt-movie[.]net,malicious,2026-08-13
domain,bong-da-tt-socolive[.]fun,malicious,2026-08-13
domain,tellanamericanvote[.]com,malicious,2026-08-13
domain,2013worlddwarfgames[.]org,malicious,2026-08-13
domain,cell-phones-tracker[.]com,malicious,2026-08-13
domain,mattrogerscomedy[.]com,malicious,2026-08-13
domain,xem-bong-da-xoilac-euro[.]xyz,malicious,2026-08-13
domain,xoilac-6[.]wiki,malicious,2026-08-13
domain,bloxster[.]net,malicious,2026-08-13
domain,cakhia-tv[.]ink,malicious,2026-08-13
domain,presentation-assistant[.]com,malicious,2026-08-13
domain,socolive-tv[.]xyz,malicious,2026-08-13
domain,ovnis[.]tv,malicious,2026-08-13
domain,xoilac2[.]space,malicious,2026-08-13
domain,xoilac-live[.]quest,malicious,2026-08-13
domain,fuckyeahdementia[.]com,malicious,2026-08-13
domain,quotidienlejour[.]com,malicious,2026-08-13
domain,mundotecnologicoshop[.]com,malicious,2026-08-13
domain,tonycardenas[.]com,malicious,2026-08-13
domain,autismservicedogsofamerica[.]com,malicious,2026-08-13
domain,twoboroughslarder[.]com,malicious,2026-08-13
domain,90-phut-link[.]xyz,malicious,2026-08-13
domain,xoilac-tv-ttbd-euro[.]xyz,malicious,2026-08-13
domain,xoilac-6[.]online,malicious,2026-08-13
domain,iamoutasight[.]com,malicious,2026-08-13
domain,xoilac-live[.]shop,malicious,2026-08-13
domain,jbthemes[.]com,malicious,2026-08-13
domain,postitwar[.]com,malicious,2026-08-13
domain,mitom-xoilac-ttbd[.]lol,malicious,2026-08-13
domain,sspcyberclub[.]com,malicious,2026-08-13
domain,cakhia-20-tv[.]xyz,malicious,2026-08-13
domain,xoilactv-euro-2024[.]lat,malicious,2026-08-13
domain,ewerk[.]net,malicious,2026-08-13
domain,hinodecity[.]com[.]vn,malicious,2026-08-13
domain,xoilac-live[.]blog,malicious,2026-08-13
domain,godovermoney[.]com,malicious,2026-08-13
domain,miccrack[.]com,malicious,2026-08-13
domain,xoilac-live[.]store,malicious,2026-08-13
domain,xoilac-5-euro[.]lol,malicious,2026-08-13
domain,androidfreeware[.]mobi,malicious,2026-08-13
domain,coenzyme-a[.]com,malicious,2026-08-13
domain,69incontri[.]com,malicious,2026-08-13
domain,luongson-tv[.]pro,malicious,2026-08-13
domain,codingunit[.]com,malicious,2026-08-13
domain,bong-da-xoi-lac[.]pics,malicious,2026-08-13
domain,nedasbeautyshop[.]com,malicious,2026-08-13
domain,acadiabarandgrill[.]com,malicious,2026-08-13
domain,checkmytemplate[.]info,malicious,2026-08-13
domain,cakhiatv-17[.]live,malicious,2026-08-13
domain,regulatemassachusetts[.]org,malicious,2026-08-13
domain,geldfrage[.]net,malicious,2026-08-13
domain,vabuta[.]com,malicious,2026-08-13
domain,albenadetroit[.]com,malicious,2026-08-13
domain,bong-da-xoi-lac-euro[.]lat,malicious,2026-08-13
domain,elavel-club[.]com,malicious,2026-08-13
domain,streetfightradio[.]com,malicious,2026-08-13
domain,lydianlabs[.]io,malicious,2026-08-13
domain,erkyapi[.]net,malicious,2026-08-13
domain,g-glamour[.]com,malicious,2026-08-13
domain,cakhia-10[.]site,malicious,2026-08-13
domain,thegardenhill[.]com[.]vn,malicious,2026-08-13
domain,lakebled[.]org,malicious,2026-08-13
domain,benhhuyetkhoi[.]com,malicious,2026-08-13
domain,girlgonegeekblog[.]com,malicious,2026-08-13
domain,xoilactv[.]so,malicious,2026-08-13
domain,cakhiaa[.]live,malicious,2026-08-13
domain,graphicguestbook[.]com,malicious,2026-08-13
domain,britishnewspost[.]com,malicious,2026-08-13
domain,thienhoaelectric[.]com,malicious,2026-08-13
domain,101wilsonbar[.]com,malicious,2026-08-13
domain,mrosmow[.]com,malicious,2026-08-13
domain,banthang[.]baby,malicious,2026-08-13
domain,cakhia[.]nl,malicious,2026-08-13
domain,ca-khia-tivi[.]space,malicious,2026-08-13
domain,tructiepbongda-90phut[.]site,malicious,2026-08-13
domain,nguyenland[.]net,malicious,2026-08-13
domain,granjalasierrita[.]com,malicious,2026-08-13
domain,cliniqueveterinairecalvisson[.]com,malicious,2026-08-13
domain,hkshop[.]vn,malicious,2026-08-13
domain,swapstyle[.]com,malicious,2026-08-13
domain,92ytribeca[.]org,malicious,2026-08-13
domain,amarilojewelry[.]com,malicious,2026-08-13
domain,xoilac-link[.]pics,malicious,2026-08-13
domain,heatherhillfarms[.]com,malicious,2026-08-13
domain,cakhia55[.]tv,malicious,2026-08-13
domain,the-carlton[.]com,malicious,2026-08-13
domain,xoi-lac-7[.]xyz,malicious,2026-08-13
domain,xoilac-tv-euro[.]info,malicious,2026-08-13
domain,portalmaritimo[.]com,malicious,2026-08-13
domain,cakhiatv-10-link[.]site,malicious,2026-08-13
domain,shaffermusic[.]com,malicious,2026-08-13
domain,nahproject[.]com,malicious,2026-08-13
domain,amerique-du-nord[.]com,malicious,2026-08-13
domain,duhoccanadachuyennghiep[.]com,malicious,2026-08-13
domain,reviewbdshungthinh[.]com,malicious,2026-08-13
domain,museumnext[.]org,malicious,2026-08-13
domain,mehrkhane[.]com,malicious,2026-08-13
domain,filtercouncil[.]org,malicious,2026-08-13
domain,visionexpress[.]net,malicious,2026-08-13
domain,nolife-tv[.]com,malicious,2026-08-13
domain,planetaurbe[.]com,malicious,2026-08-13
domain,wotch[.]io,malicious,2026-08-13
domain,aliozgenturk[.]com,malicious,2026-08-13
domain,malibudogtraining[.]com,malicious,2026-08-13
domain,wavesupport[.]net,malicious,2026-08-13
domain,onecoffeebreak[.]com,malicious,2026-08-13
domain,b4r[.]io,malicious,2026-08-13
domain,xem-ttbd-xoilactv[.]skin,malicious,2026-08-13
domain,thucphamohsawatamduc[.]com,malicious,2026-08-13
domain,ckecolatv[.]live,malicious,2026-08-13
domain,braccospizza[.]com,malicious,2026-08-13
domain,colatv[.]lat,malicious,2026-08-13
domain,xoi-lac-ttbd-euro[.]xyz,malicious,2026-08-13
domain,phongnhawonder[.]com,malicious,2026-08-13
domain,thespiritleveldocumentary[.]com,malicious,2026-08-13
domain,theotherfwordmovie[.]com,malicious,2026-08-13
domain,gaybyfilm[.]com,malicious,2026-08-13
domain,90phut-tv[.]lol,malicious,2026-08-13
domain,bodyworkbyrachel[.]com,malicious,2026-08-13
domain,xoi-lac-ttbd-hom-nay[.]site,malicious,2026-08-13
domain,shizukanosato[.]com,malicious,2026-08-13
domain,tetrawatch[.]net,malicious,2026-08-13
domain,xoilac-8[.]baby,malicious,2026-08-13
domain,franscandles[.]com,malicious,2026-08-13
domain,happywheels24[.]com,malicious,2026-08-13
domain,parhazart[.]org,malicious,2026-08-13
domain,wb270[.]com,malicious,2026-08-13
domain,xoi-lac-euro-2024[.]website,malicious,2026-08-13
domain,xoilac-8[.]xyz,malicious,2026-08-13
domain,cakhia[.]lat,malicious,2026-08-13
domain,socolive-bd-tv[.]today,malicious,2026-08-13
domain,xoilac-tv-euro[.]baby,malicious,2026-08-13
domain,ybparis[.]com,malicious,2026-08-13
domain,moncler-outlets[.]com,malicious,2026-08-13
domain,90phut-bong-da[.]lol,malicious,2026-08-13
domain,jadwalkapal[.]net,malicious,2026-08-13
domain,jameshoffmanmd[.]com,malicious,2026-08-13
domain,xoi-lac-17-euro[.]mom,malicious,2026-08-13
domain,quartzsitetourism[.]com,malicious,2026-08-13
domain,exquisitetweets[.]com,malicious,2026-08-13
domain,farmageddonmovie[.]com,malicious,2026-08-13
domain,ttbd-xoilac-7[.]baby,malicious,2026-08-13
domain,xoi-lac[.]autos,malicious,2026-08-13
domain,longbeachcenter[.]vn,malicious,2026-08-13
domain,ramenate[.]com,malicious,2026-08-13
domain,eljefejax[.]com,malicious,2026-08-13
domain,ttbd-xoivotv[.]today,malicious,2026-08-13
domain,luxhomegardens[.]com[.]vn,malicious,2026-08-13
domain,vancouverfoodtour[.]com,malicious,2026-08-13
domain,nissanwheelers[.]com,malicious,2026-08-13
domain,xoilac-7[.]lol,malicious,2026-08-13
domain,colazhtgb[.]live,malicious,2026-08-13
domain,nightproductions[.]net,malicious,2026-08-13
domain,interactividad[.]org,malicious,2026-08-13
domain,magewars[.]io,malicious,2026-08-13
domain,xoilac-tv-truc-tiep[.]fun,malicious,2026-08-13
domain,fiestasmonas[.]com,malicious,2026-08-13
domain,tt-duc-hungary-euro[.]lat,malicious,2026-08-13
domain,lolali[.]com,malicious,2026-08-13
domain,fryazino[.]org,malicious,2026-08-13
domain,90phut[.]mom,malicious,2026-08-13
domain,xoilac888[.]win,malicious,2026-08-13
domain,colatv-1[.]io,malicious,2026-08-13
domain,cakhia-6-tv[.]homes,malicious,2026-08-13
domain,yaisthai[.]com,malicious,2026-08-13
domain,cakhia28[.]live,malicious,2026-08-13
domain,cdradiology[.]org,malicious,2026-08-13
domain,xembd-xoilac[.]fun,malicious,2026-08-13
domain,vietnamfunclub[.]com,malicious,2026-08-13
domain,save-the-night[.]com,malicious,2026-08-13
domain,namucloud[.]com,malicious,2026-08-13
domain,milestonepod[.]com,malicious,2026-08-13
domain,cola-tv[.]sbs,malicious,2026-08-13
domain,lovelivegrow[.]com,malicious,2026-08-13
domain,bistrot-gagnant[.]com,malicious,2026-08-13
domain,myphamnaturalspa[.]com,malicious,2026-08-13
domain,orbitroomchicago[.]com,malicious,2026-08-13
domain,riadessaada[.]com,malicious,2026-08-13
domain,omenkaonline[.]com,malicious,2026-08-13
domain,1702az[.]com,malicious,2026-08-13
domain,packyourback[.]org,malicious,2026-08-13
domain,sciaeon[.]org,malicious,2026-08-13
domain,cpsenergysavers[.]com,malicious,2026-08-13
domain,thuckhuyatv[.]skin,malicious,2026-08-13
domain,xoilac-tv-90[.]homes,malicious,2026-08-13
domain,hosgroup[.]com[.]vn,malicious,2026-08-13
domain,canisbonus[.]com,malicious,2026-08-13
domain,ngda[.]org,malicious,2026-08-13
domain,xoi-lac-bong-da[.]xyz,malicious,2026-08-13
domain,yensaochanphi[.]com,malicious,2026-08-13
domain,luongson-tv[.]art,malicious,2026-08-13
domain,xoi-lac-tteuro-2024[.]mom,malicious,2026-08-13
domain,phapluatdansinh[.]vn,malicious,2026-08-13
domain,rate3[.]network,malicious,2026-08-13
domain,cakhia15[.]lol,malicious,2026-08-13
domain,peakytours[.]com,malicious,2026-08-13
domain,xoilac11[.]link,malicious,2026-08-13
domain,chungnhanvacxin[.]vn,malicious,2026-08-13
domain,bnymnbh[.]com,malicious,2026-08-13
domain,mercedesbenzvinh[.]com[.]vn,malicious,2026-08-13
domain,invitromeat[.]org,malicious,2026-08-13
domain,ra-khoi-8-link[.]store,malicious,2026-08-13
domain,bong-da-xoilac[.]wiki,malicious,2026-08-13
domain,itselirose[.]com,malicious,2026-08-13
domain,xoilac-90phut[.]info,malicious,2026-08-13
domain,europodium[.]com,malicious,2026-08-13
domain,thefarosea[.]vn,malicious,2026-08-13
domain,phenergans[.]com,malicious,2026-08-13
domain,percaritatem[.]com,malicious,2026-08-13
domain,rekall-forensic[.]com,malicious,2026-08-13
domain,fotoweekdc[.]org,malicious,2026-08-13
domain,mobilepaymentsworld[.]com,malicious,2026-08-13
domain,xoilac-90phut[.]wiki,malicious,2026-08-13
domain,cakhia-6[.]monster,malicious,2026-08-13
domain,wogmagazine[.]com,malicious,2026-08-13
domain,bong-da-xoi-lac-euro[.]lol,malicious,2026-08-13
domain,kahvenyc[.]com,malicious,2026-08-13
domain,xoilac-1[.]xyz,malicious,2026-08-13
domain,ca-khia-tivi[.]lol,malicious,2026-08-13
domain,bong-da-90p[.]xyz,malicious,2026-08-13
domain,ttbd-xoi-lac-euro-2024[.]one,malicious,2026-08-13
domain,mydesignandwine[.]com,malicious,2026-08-13
domain,amda-imic[.]com,malicious,2026-08-13
domain,shanellis[.]com,malicious,2026-08-13
domain,sleepyskunk[.]com,malicious,2026-08-13
domain,jefa[.]io,malicious,2026-08-13
domain,newcastle-muscle[.]org,malicious,2026-08-13
domain,maarket[.]io,malicious,2026-08-13
domain,phillyphaithful[.]com,malicious,2026-08-13
domain,xoilac-4[.]store,malicious,2026-08-13
domain,xoilac-tv-90[.]biz,malicious,2026-08-13
domain,mystylerecipe[.]net,malicious,2026-08-13
domain,yhteisokyla[.]net,malicious,2026-08-13
domain,mudrun[.]com[.]tw,malicious,2026-08-13
domain,ukopentextbooks[.]org,malicious,2026-08-13
domain,cakhia8[.]com,malicious,2026-08-13
domain,sincapdukkan[.]com,malicious,2026-08-13
domain,xoi-lac-7[.]site,malicious,2026-08-13
domain,activ-spas[.]com,malicious,2026-08-13
domain,thebestturntable[.]com,malicious,2026-08-13
domain,rsportscars[.]com,malicious,2026-08-13
domain,xoilac-tv1[.]cloud,malicious,2026-08-13
domain,gaelick[.]com,malicious,2026-08-13
domain,ttbd-xoilac7[.]wiki,malicious,2026-08-13
domain,90phut-link[.]site,malicious,2026-08-13
domain,nammitruck[.]com,malicious,2026-08-13
domain,vayvonsinhvien[.]com[.]vn,malicious,2026-08-13
domain,blakevond[.]com,malicious,2026-08-13
domain,tructiep-bi-slovakia-euro[.]mom,malicious,2026-08-13
domain,burlingamegolfcenter[.]com,malicious,2026-08-13
domain,oocgi[.]com,malicious,2026-08-13
domain,xoilac-live[.]fun,malicious,2026-08-13
domain,cola-tv[.]digital,malicious,2026-08-13
domain,thebutcheryltd[.]com,malicious,2026-08-13
domain,awrcompetitions[.]com,malicious,2026-08-13
domain,tillerandhatch[.]com,malicious,2026-08-13
domain,cakhia-10-link[.]art,malicious,2026-08-13
domain,adelaideinstitute[.]org,malicious,2026-08-13
domain,sweettwistofblogging[.]com,malicious,2026-08-13
domain,ttbd-xoilac-7[.]art,malicious,2026-08-13
domain,bong-da-xoi-lac[.]lol,malicious,2026-08-13
domain,ttbd-xoilac7[.]club,malicious,2026-08-13
domain,airliquide-expertisecenter[.]com,malicious,2026-08-13
domain,keithvazmp[.]com,malicious,2026-08-13
domain,colalive[.]biz,malicious,2026-08-13
domain,xoilac-ttbd[.]info,malicious,2026-08-13
domain,southofsouth[.]org,malicious,2026-08-13
domain,maxwan[.]com,malicious,2026-08-13
domain,khodahoathang[.]com,malicious,2026-08-13
domain,cakhia-bdtv[.]xyz,malicious,2026-08-13
domain,theinsideleft[.]com,malicious,2026-08-13
domain,binhphongsaigon[.]com,malicious,2026-08-13
domain,xoilac-truc-tiep[.]site,malicious,2026-08-13
domain,tructiep-taybannha-croatia[.]homes,malicious,2026-08-13
domain,architecture-blog[.]info,malicious,2026-08-13
domain,bong-da-xoilac[.]shop,malicious,2026-08-13
domain,yeuhoabinh[.]com,malicious,2026-08-13
domain,castillos-de-espana[.]com,malicious,2026-08-13
domain,simuser[.]com,malicious,2026-08-13
domain,stuffflypeoplelike[.]com,malicious,2026-08-13
domain,cakhia-10-link[.]pro,malicious,2026-08-13
domain,vaoroitv-wc[.]com,malicious,2026-08-13
domain,mhcharge[.]com,malicious,2026-08-13
domain,wingtv[.]org,malicious,2026-08-13
domain,xoilac-tv1[.]space,malicious,2026-08-13
domain,jackmccallum[.]net,malicious,2026-08-13
domain,simplebeyond[.]com,malicious,2026-08-13
domain,xoilac-truc-tiep[.]store,malicious,2026-08-13
domain,datxanhdongnambo[.]com[.]vn,malicious,2026-08-13
domain,craftsnob[.]com,malicious,2026-08-13
domain,oxmoorhouse[.]com,malicious,2026-08-13
domain,echokala[.]com,malicious,2026-08-13
domain,cakhia27[.]live,malicious,2026-08-13
domain,xoilac-tv-90[.]ink,malicious,2026-08-13
domain,cola-tv[.]fit,malicious,2026-08-13
domain,xoilachd1[.]tv,malicious,2026-08-13
domain,hoangsen[.]com,malicious,2026-08-13
domain,ttbd-xoi-lac[.]lat,malicious,2026-08-13
domain,oracul[.]io,malicious,2026-08-13
domain,samibengharbia[.]com,malicious,2026-08-13
domain,tuchinhduongtpcn[.]com,malicious,2026-08-13
domain,fatpitchfinancials[.]com,malicious,2026-08-13
domain,socolive-bd-tv[.]lol,malicious,2026-08-13
domain,auroigradlon[.]com,malicious,2026-08-13
domain,myphamcaocapmocha[.]vn,malicious,2026-08-13
domain,sugarcrafter[.]net,malicious,2026-08-13
domain,vinatel[.]com[.]vn,malicious,2026-08-13
domain,taffy[.]chat,malicious,2026-08-13
domain,classofoods[.]com,malicious,2026-08-13
domain,beingasanocean[.]com,malicious,2026-08-13
domain,customerservice-numbers[.]com,malicious,2026-08-13
domain,chameleonproject[.]org,malicious,2026-08-13
domain,xoi-lac-7[.]beauty,malicious,2026-08-13
domain,ca-khia-tivi[.]quest,malicious,2026-08-13
domain,backcountryq[.]com,malicious,2026-08-13
domain,ventosotower[.]vn,malicious,2026-08-13
domain,hotel-rosethe[.]com,malicious,2026-08-13
domain,colatvtv[.]wiki,malicious,2026-08-13
domain,cakhia-6[.]wiki,malicious,2026-08-13
domain,eatdrinkpeoria[.]com,malicious,2026-08-13
domain,ca-khia-link[.]pro,malicious,2026-08-13
domain,webcam-costabrava[.]com,malicious,2026-08-13
domain,xoilac888[.]online,malicious,2026-08-13
domain,grnba[.]com,malicious,2026-08-13
domain,sangoku-maturi[.]com,malicious,2026-08-13
domain,reportfromsantafe[.]com,malicious,2026-08-13
domain,qqintan[.]website,malicious,2026-08-13
domain,phuotchauau[.]vn,malicious,2026-08-13
domain,vntrends[.]net,malicious,2026-08-13
domain,xoilac-khaimaceuro[.]co,malicious,2026-08-13
domain,youtube-partnerki[.]com,malicious,2026-08-13
domain,spreadgit[.]com,malicious,2026-08-13
domain,xoi-lac-tv-euro-2024[.]lol,malicious,2026-08-13
domain,saveourseafarers[.]com,malicious,2026-08-13
domain,phuccotlinh[.]com,malicious,2026-08-13
domain,glomardisclosure[.]com,malicious,2026-08-13
domain,dayofarchaeology[.]com,malicious,2026-08-13
domain,xoilac-7-tv[.]xyz,malicious,2026-08-13
domain,getterofficial[.]com,malicious,2026-08-13
domain,ttbd-xoilac[.]art,malicious,2026-08-13
domain,cakhia22[.]live,malicious,2026-08-13
domain,govphsyns[.]com,malicious,2026-08-13
domain,radio-on-the-internet[.]com,malicious,2026-08-13
domain,xoilac-5[.]info,malicious,2026-08-13
domain,tructiep-halan-ao-euro[.]lat,malicious,2026-08-13
domain,xoilac-tv[.]pw,malicious,2026-08-13
domain,fae-magazine[.]com,malicious,2026-08-13
domain,fullmooncleaningservices[.]com,malicious,2026-08-13
domain,xem-bong-da-xoi-lac[.]today,malicious,2026-08-13
domain,carpetsforairports[.]com,malicious,2026-08-13
domain,xoi-lac-3[.]rent,malicious,2026-08-13
domain,bfcolatv[.]xyz,malicious,2026-08-13
domain,zeiss-services[.]com,malicious,2026-08-13
domain,crawlspacemagazine[.]com,malicious,2026-08-13
domain,goodandevo[.]net,malicious,2026-08-13
domain,jenkins-php[.]org,malicious,2026-08-13
domain,vpgland[.]vn,malicious,2026-08-13
domain,xoi-lac-17[.]club,malicious,2026-08-13
domain,xoilac-tv-7[.]club,malicious,2026-08-13
domain,goldvoice[.]club,malicious,2026-08-13
domain,antriebselemente[.]com,malicious,2026-08-13
domain,kinglaksa[.]com,malicious,2026-08-13
domain,xoi-lac-tt-bong-da[.]lat,malicious,2026-08-13
domain,hamega[.]vn,malicious,2026-08-13
domain,xoi-lac-3[.]one,malicious,2026-08-13
domain,xoi-lac-1-euro[.]lat,malicious,2026-08-13
domain,dickydodds[.]com,malicious,2026-08-13
domain,solyplantas[.]com,malicious,2026-08-13
domain,xoi-lac-link[.]xyz,malicious,2026-08-13
domain,xoilac-bong-da[.]info,malicious,2026-08-13
domain,90phut[.]skin,malicious,2026-08-13
domain,goldenassay[.]com,malicious,2026-08-13
domain,90-phut[.]art,malicious,2026-08-13
domain,conair-store[.]com,malicious,2026-08-13
domain,aqcolatv[.]shop,malicious,2026-08-13
domain,absolutmetal[.]com,malicious,2026-08-13
domain,xoilac-90phut[.]ink,malicious,2026-08-13
domain,90phut-net[.]site,malicious,2026-08-13
domain,easy2buyproperties[.]com,malicious,2026-08-13
domain,brewgrassfestival[.]com,malicious,2026-08-13
domain,denverunionstation[.]org,malicious,2026-08-13
domain,klain[.]vn,malicious,2026-08-13
domain,rakhoi-worldcup2026[.]tv,malicious,2026-08-13
domain,bong-da-xoilac-euro[.]fun,malicious,2026-08-13
domain,cakhia-18[.]quest,malicious,2026-08-13
domain,xoilac-truc-tiep[.]online,malicious,2026-08-13
domain,nexenservices[.]com,malicious,2026-08-13
domain,tonycardenasforcongress[.]com,malicious,2026-08-13
domain,xoilac-5[.]rent,malicious,2026-08-13
domain,xoilac-tv1[.]pro,malicious,2026-08-13
domain,xoilac1[.]today,malicious,2026-08-13
domain,xoilac-8[.]fun,malicious,2026-08-13
domain,dthouse[.]vn,malicious,2026-08-13
domain,bong-da-xoi-lac[.]info,malicious,2026-08-13
domain,vitraplus[.]com[.]vn,malicious,2026-08-13
domain,touch[.]vn,malicious,2026-08-13
domain,sripraphairestaurant[.]com,malicious,2026-08-13
domain,asocio2004[.]org,malicious,2026-08-13
domain,90phuttv[.]help,malicious,2026-08-13
domain,ourhouseinthemiddleofthestreet[.]nl,malicious,2026-08-13
domain,energiespourlafrique[.]org,malicious,2026-08-13
domain,vscambodiarealtor[.]com,malicious,2026-08-13
domain,letsrockexeter[.]com,malicious,2026-08-13
domain,xmx21[.]com,malicious,2026-08-13
domain,hrleksikon[.]info,malicious,2026-08-13
domain,icebox[.]vn,malicious,2026-08-13
domain,dawnontheamazon[.]com,malicious,2026-08-13
domain,timescity-t15[.]com,malicious,2026-08-13
domain,xoilac7[.]site,malicious,2026-08-13
domain,cakhia-tv[.]website,malicious,2026-08-13
domain,tt-scotland-thuysi-euro[.]lat,malicious,2026-08-13
domain,fleurdelispizza[.]com,malicious,2026-08-13
domain,doctorsmedicalcenter[.]org,malicious,2026-08-13
domain,risknow[.]io,malicious,2026-08-13
domain,colatv2[.]info,malicious,2026-08-13
domain,wiseguypictures[.]net,malicious,2026-08-13
domain,colatvv[.]store,malicious,2026-08-13
domain,cafebunnmi[.]net,malicious,2026-08-13
domain,kfrcolatv[.]fun,malicious,2026-08-13
domain,cpmcolatv[.]life,malicious,2026-08-13
domain,spark-angels[.]com,malicious,2026-08-13
domain,volterman[.]com,malicious,2026-08-13
domain,hafremont[.]com,malicious,2026-08-13
domain,selowae[.]net,malicious,2026-08-13
domain,rakhoihd-worldcup2026[.]tv,malicious,2026-08-13
domain,stojo[.]co,malicious,2026-08-13
domain,tinymos[.]com,malicious,2026-08-13
domain,grameen-bank[.]net,malicious,2026-08-13
domain,adept-press[.]com,malicious,2026-08-13
domain,inlienhuong[.]com,malicious,2026-08-13
domain,rickrossdeeperthanrap[.]com,malicious,2026-08-13
domain,cakhiatv-10-link[.]lol,malicious,2026-08-13
domain,cakhia20[.]monster,malicious,2026-08-13
domain,xoilac-tv1[.]xyz,malicious,2026-08-13
domain,charlestongateway[.]com,malicious,2026-08-13
domain,cola-tv[.]mom,malicious,2026-08-13
domain,strongsportsgym[.]com,malicious,2026-08-13
domain,theculturehigh[.]com,malicious,2026-08-13
domain,yabbit[.]io,malicious,2026-08-13
domain,ratherbias[.]com,malicious,2026-08-13
domain,pacificpie[.]com,malicious,2026-08-13
domain,banthang[.]fun,malicious,2026-08-13
domain,xoilac-tv-truc-tiep[.]pro,malicious,2026-08-13
domain,washingtonbluegrassassociation[.]org,malicious,2026-08-13
domain,besttop[.]mobi,malicious,2026-08-13
domain,ca-khia-tv[.]lol,malicious,2026-08-13
domain,kumainn[.]com,malicious,2026-08-13
domain,xoi-lac-7-euro[.]xyz,malicious,2026-08-13
domain,holyghostnyc[.]com,malicious,2026-08-13
domain,balboapavilion[.]com,malicious,2026-08-13
domain,fortloveair[.]com,malicious,2026-08-13
domain,pimentowood[.]com,malicious,2026-08-13
domain,tt-taybannha-croatia-euro[.]art,malicious,2026-08-13
domain,broadwaybythebay[.]org,malicious,2026-08-13
domain,monmom[.]vn,malicious,2026-08-13
domain,daex[.]io,malicious,2026-08-13
domain,dooeys[.]com,malicious,2026-08-13
domain,cakhia-link[.]art,malicious,2026-08-13
domain,czyszczenieparowe[.]com,malicious,2026-08-13
domain,the1905[.]org,malicious,2026-08-13
domain,cola2[.]tv,malicious,2026-08-13
domain,xoilac-truc-tiep[.]pro,malicious,2026-08-13
domain,explorock[.]com,malicious,2026-08-13
domain,sauvageberlin[.]com,malicious,2026-08-13
domain,elblogdellagarto[.]com,malicious,2026-08-13
domain,90phut-tructiepbongda[.]art,malicious,2026-08-13
domain,cuims[.]net,malicious,2026-08-13
domain,socolivetv[.]ink,malicious,2026-08-13
domain,ttbd-xoilac-7-euro[.]site,malicious,2026-08-13
domain,gimly[.]io,malicious,2026-08-13
domain,xoi-lac-bong-da[.]baby,malicious,2026-08-13
domain,kiemhiep[.]com[.]vn,malicious,2026-08-13
domain,geneva-intercontinental[.]com,malicious,2026-08-13
domain,sporttok[.]network,malicious,2026-08-13
domain,colatv2[.]biz,malicious,2026-08-13
domain,omnipork[.]co,malicious,2026-08-13
domain,xoilac-bong-da[.]ink,malicious,2026-08-13
domain,xoilac-1[.]monster,malicious,2026-08-13
domain,socolive-life[.]monster,malicious,2026-08-13
domain,ttbd-xoi-lac-euro-2024[.]lat,malicious,2026-08-13
domain,khomuctv-live[.]homes,malicious,2026-08-13
domain,xoilac-tv[.]de,malicious,2026-08-13
domain,azendoo[.]com,malicious,2026-08-13
domain,suabiomil[.]com,malicious,2026-08-13
domain,senkiya[.]com,malicious,2026-08-13
domain,dispatchapp[.]net,malicious,2026-08-13
domain,sfone[.]com[.]vn,malicious,2026-08-13
domain,condotelbiendavang[.]com,malicious,2026-08-13
domain,goodonlines[.]com,malicious,2026-08-13
domain,socolive-football[.]xyz,malicious,2026-08-13
domain,truc-tiep-bong-da-cakhia[.]art,malicious,2026-08-13
domain,xoi-lac-1[.]beauty,malicious,2026-08-13
domain,proxyboost[.]net,malicious,2026-08-13
domain,segredosdacahlima[.]com,malicious,2026-08-13
domain,cakhia-20-link[.]pro,malicious,2026-08-13
domain,a-light-against-human-trafficking[.]info,malicious,2026-08-13
domain,naiarabia[.]com,malicious,2026-08-13
domain,socolive-tv[.]homes,malicious,2026-08-13
domain,jobshadow[.]org,malicious,2026-08-13
domain,xoilactv-euro-2024[.]beauty,malicious,2026-08-13
domain,e-parl[.]net,malicious,2026-08-13
domain,xoi-lac-tv[.]xyz,malicious,2026-08-13
domain,ttbd-xoilac7[.]xyz,malicious,2026-08-13
domain,qatarhandball2015[.]com,malicious,2026-08-13
domain,perque[.]io,malicious,2026-08-13
domain,tt-croatia-albania-euro[.]skin,malicious,2026-08-13
domain,xoilac79[.]art,malicious,2026-08-13
domain,imitatemodern[.]com,malicious,2026-08-13
domain,rekids[.]com,malicious,2026-08-13
domain,xoilac-90phut[.]pro,malicious,2026-08-13
domain,cliona[.]vn,malicious,2026-08-13
domain,gabaysoutlet[.]com,malicious,2026-08-13
domain,nhacaiuytin-vip[.]info,malicious,2026-08-13
domain,cakhia-bdtv[.]one,malicious,2026-08-13
domain,go-travelproducts[.]com,malicious,2026-08-13
domain,travelthekingdom[.]com,malicious,2026-08-13
domain,aiishmysore[.]com,malicious,2026-08-13
domain,xoilac[.]beauty,malicious,2026-08-13
domain,diaperjunction[.]com,malicious,2026-08-13
domain,asie-planete[.]com,malicious,2026-08-13
domain,newarchaeology[.]com,malicious,2026-08-13
domain,cola-tv[.]cloud,malicious,2026-08-13
domain,iapstore[.]com,malicious,2026-08-13
domain,qtumeco[.]io,malicious,2026-08-13
domain,lovefeastshop[.]com,malicious,2026-08-13
domain,healthsupreviews[.]com,malicious,2026-08-13
domain,labyrinthes-hauterives[.]com,malicious,2026-08-13
domain,nhathuocanduoc[.]com,malicious,2026-08-13
domain,xem-bong-da-xoi-lac[.]xyz,malicious,2026-08-13
domain,arastiralim[.]net,malicious,2026-08-13
domain,alarmingnews[.]com,malicious,2026-08-13
domain,hanabentoparis[.]com,malicious,2026-08-13
domain,tiktokfilmfestival[.]vn,malicious,2026-08-13
domain,blueskiesmag[.]com,malicious,2026-08-13
domain,goldenapple[.]com[.]vn,malicious,2026-08-13
domain,naoshotel[.]com,malicious,2026-08-13
domain,boogaclub[.]com,malicious,2026-08-13
domain,colatvtv[.]art,malicious,2026-08-13
domain,enenews[.]com,malicious,2026-08-13
domain,xoi-lac-3[.]quest,malicious,2026-08-13
domain,xoi-lac-1[.]club,malicious,2026-08-13
domain,dailyblogmoney[.]com,malicious,2026-08-13
domain,post639[.]com,malicious,2026-08-13
domain,isabellathordsen[.]com,malicious,2026-08-13
domain,tructiep-albania-taybannha-euro[.]ink,malicious,2026-08-13
domain,tranreal[.]com,malicious,2026-08-13
domain,xoilac-tv1[.]art,malicious,2026-08-13
domain,realit[.]io,malicious,2026-08-13
domain,betcomactivate[.]com,malicious,2026-08-13
domain,xoilactv-euro-2024[.]club,malicious,2026-08-13
domain,brayebrookobservatory[.]org,malicious,2026-08-13
domain,nghenhac[.]info,malicious,2026-08-13
domain,bitspirit[.]cc,malicious,2026-08-13
domain,littledogsparadise[.]com,malicious,2026-08-13
domain,touhealth[.]com,malicious,2026-08-13
domain,mobivietnam[.]com,malicious,2026-08-13
domain,thanhlongbays[.]com[.]vn,malicious,2026-08-13
domain,chungnamilbo[.]com,malicious,2026-08-13
domain,colatv1[.]website,malicious,2026-08-13
domain,socolivetv[.]rent,malicious,2026-08-13
domain,xoilac-ttbd[.]website,malicious,2026-08-13
domain,tructiep-croatia-albania-euro[.]store,malicious,2026-08-13
domain,canhomteastmarkcity[.]com[.]vn,malicious,2026-08-13
domain,frasersautographs[.]com,malicious,2026-08-13
domain,hudson211[.]org,malicious,2026-08-13
domain,theatre-fonte[.]com,malicious,2026-08-13
domain,sudanesekitchen[.]com,malicious,2026-08-13
domain,tactile3d[.]com,malicious,2026-08-13
domain,colatv1[.]today,malicious,2026-08-13
domain,idgworldexpo[.]com,malicious,2026-08-13
domain,xoi-lac[.]pro,malicious,2026-08-13
domain,garminexpresss[.]com,malicious,2026-08-13
domain,cakhia[.]football,malicious,2026-08-13
domain,stringofpearlsonline[.]org,malicious,2026-08-13
domain,qcmdemath[.]net,malicious,2026-08-13
domain,shobot[.]io,malicious,2026-08-13
domain,masstortnexus[.]com,malicious,2026-08-13
domain,kcriverfest[.]com,malicious,2026-08-13
domain,theredparrot[.]com,malicious,2026-08-13
domain,ephysicvn[.]com,malicious,2026-08-13
domain,bittersbar[.]com,malicious,2026-08-13
domain,xoilac1[.]rent,malicious,2026-08-13
domain,cirruslegacy[.]com,malicious,2026-08-13
domain,xem-bong-da-xoilac[.]ink,malicious,2026-08-13
domain,socolive10[.]xyz,malicious,2026-08-13
domain,cakhia26[.]pro,malicious,2026-08-13
domain,briannalanemusic[.]com,malicious,2026-08-13
domain,ais-asecna[.]org,malicious,2026-08-13
domain,90phut-bdtv[.]lat,malicious,2026-08-13
domain,dienthoai3d[.]com[.]vn,malicious,2026-08-13
domain,xoilac-tv[.]college,malicious,2026-08-13
domain,michaelprophet[.]com,malicious,2026-08-13
domain,webmycar[.]com,malicious,2026-08-13
domain,90phut-tv[.]quest,malicious,2026-08-13
domain,truc-tiep-90phut[.]art,malicious,2026-08-13
domain,colatv[.]ca,malicious,2026-08-13
domain,sportslistoftheday[.]com,malicious,2026-08-13
domain,petfon[.]com,malicious,2026-08-13
domain,123anime[.]mobi,malicious,2026-08-13
domain,uka-p[.]com,malicious,2026-08-13
domain,arctechsolar[.]us,malicious,2026-08-13
domain,raymondloewyfoundation[.]com,malicious,2026-08-13
domain,clickedin[.]io,malicious,2026-08-13
domain,totalcricketscorer[.]com,malicious,2026-08-13
domain,maki-oh[.]com,malicious,2026-08-13
domain,bong-da-xoilac-tt-euro[.]one,malicious,2026-08-13
domain,90phut-bdtv[.]today,malicious,2026-08-13
domain,makeneyhallhotel[.]com,malicious,2026-08-13
domain,thuckhuyatv[.]pro,malicious,2026-08-13
domain,luongson[.]art,malicious,2026-08-13
domain,cakhiatv-10[.]space,malicious,2026-08-13
domain,seisiaholidaypark[.]com,malicious,2026-08-13
domain,slpsmagnetschools[.]org,malicious,2026-08-13
domain,joe-goddard[.]com,malicious,2026-08-13
domain,stopbuyingcrap[.]com,malicious,2026-08-13
domain,bdssamson[.]vn,malicious,2026-08-13
domain,lecheneperche[.]com,malicious,2026-08-13
domain,vietnambrides[.]org,malicious,2026-08-13
domain,complotdanslacuisine[.]com,malicious,2026-08-13
domain,servicemalin[.]com,malicious,2026-08-13
domain,getmyhealthdata[.]org,malicious,2026-08-13
domain,sockaholic[.]com,malicious,2026-08-13
domain,gspfightclub[.]com,malicious,2026-08-13
domain,asianplasticsurgeryguide[.]com,malicious,2026-08-13
domain,cpecolatv[.]blog,malicious,2026-08-13
domain,imposterfilm[.]com,malicious,2026-08-13
domain,luongson[.]info,malicious,2026-08-13
domain,saraynakliyat[.]com,malicious,2026-08-13
domain,hidrogenovehicularcolombia[.]com,malicious,2026-08-13
domain,schnellkochtopf-test[.]net,malicious,2026-08-13
domain,citcolatv[.]live,malicious,2026-08-13
domain,luerzersarchive[.]net,malicious,2026-08-13
domain,elgcf[.]com,malicious,2026-08-13
domain,hotelhafasayulita[.]com,malicious,2026-08-13
domain,merikanto[.]com,malicious,2026-08-13
domain,flyvlm[.]com,malicious,2026-08-13
domain,middleforkkb[.]com,malicious,2026-08-13
domain,xoilac-bong-da[.]art,malicious,2026-08-13
domain,newstweek[.]com,malicious,2026-08-13
domain,buddyboybrands[.]com,malicious,2026-08-13
domain,nurseslearning[.]com,malicious,2026-08-13
domain,ftlwiki[.]com,malicious,2026-08-13
domain,travelersbeats[.]com,malicious,2026-08-13
domain,xoilac-tv-truc-tiep[.]xyz,malicious,2026-08-13
domain,xembd-xoilac[.]lat,malicious,2026-08-13
domain,adamasone[.]com,malicious,2026-08-13
domain,haywiremovie[.]com,malicious,2026-08-13
domain,bykivnya[.]org,malicious,2026-08-13
domain,xembongda[.]lol,malicious,2026-08-13
domain,acss[.]ws,malicious,2026-08-13
domain,xembongda-xoilac[.]tech,malicious,2026-08-13
domain,xoilac-90phut[.]site,malicious,2026-08-13
domain,xoilacc-tv[.]mom,malicious,2026-08-13
domain,xoilac-1[.]lat,malicious,2026-08-13
domain,camelfarm[.]com,malicious,2026-08-13
domain,thewomentalk[.]com,malicious,2026-08-13
domain,sashoco[.]com[.]vn,malicious,2026-08-13
domain,grinchalert[.]com,malicious,2026-08-13
domain,fcast[.]me,malicious,2026-08-13
domain,tructiep-duc-scotland-euro[.]xyz,malicious,2026-08-13
domain,colatvv[.]win,malicious,2026-08-13
domain,tructiep-phap-ao-euro[.]art,malicious,2026-08-13
domain,marinahop[.]com,malicious,2026-08-13
domain,xoilac-live[.]info,malicious,2026-08-13
domain,shopetoncorp[.]com,malicious,2026-08-13
domain,xoilac-tv-7[.]site,malicious,2026-08-13
domain,wereblog[.]com,malicious,2026-08-13
domain,90phut-bdtv[.]lol,malicious,2026-08-13
domain,thecloudcupscompany[.]com,malicious,2026-08-13
domain,bitsmithgames[.]com,malicious,2026-08-13
domain,socolive-bd-tv[.]pro,malicious,2026-08-13
domain,healthfreedomidaho[.]org,malicious,2026-08-13
domain,forceofwrestling[.]com,malicious,2026-08-13
domain,90phutx[.]com,malicious,2026-08-13
domain,tresrasche[.]com,malicious,2026-08-13
domain,folpopcorn[.]com,malicious,2026-08-13
domain,erabili[.]com,malicious,2026-08-13
domain,xoilactvz[.]online,malicious,2026-08-13
domain,xoilac-ttbd-euro[.]vip,malicious,2026-08-13
domain,chechencenter[.]info,malicious,2026-08-13
domain,xoilac1[.]online,malicious,2026-08-13
domain,rcommander[.]com,malicious,2026-08-13
domain,nhacvn[.]org,malicious,2026-08-13
domain,trambeauty[.]vn,malicious,2026-08-13
domain,newarktrust[.]org,malicious,2026-08-13
domain,discoveryofatlantis[.]com,malicious,2026-08-13
domain,cosmicreality[.]net,malicious,2026-08-13
domain,cakhia29[.]live,malicious,2026-08-13
domain,billphillipsnews[.]com,malicious,2026-08-13
domain,ciudaddeldeporte[.]com,malicious,2026-08-13
domain,skullsnbones[.]com,malicious,2026-08-13
domain,gradsave[.]com,malicious,2026-08-13
domain,colatv1[.]world,malicious,2026-08-13
domain,xoi-lac-7-euro[.]mom,malicious,2026-08-13
domain,cahilig[.]net,malicious,2026-08-13
domain,clementinestore[.]com,malicious,2026-08-13
domain,xoilac-90phut[.]lat,malicious,2026-08-13
domain,beatthief[.]com,malicious,2026-08-13
domain,colatv2[.]space,malicious,2026-08-13
domain,table4five[.]net,malicious,2026-08-13
domain,kneaweb[.]org,malicious,2026-08-13
domain,getsongbird[.]net,malicious,2026-08-13
domain,goldfarm[.]io,malicious,2026-08-13
domain,filmkinotrailer[.]com,malicious,2026-08-13
domain,elgreco2014[.]com,malicious,2026-08-13
domain,xoilac-live[.]homes,malicious,2026-08-13
domain,xoilaca[.]info,malicious,2026-08-13
domain,90-phut[.]xyz,malicious,2026-08-13
domain,spacewolfgame[.]com,malicious,2026-08-13
domain,timewiththea[.]com,malicious,2026-08-13
domain,feelslikechristmas[.]com,malicious,2026-08-13
domain,cakhia-bong-da[.]art,malicious,2026-08-13
domain,cakhia888[.]tv,malicious,2026-08-13
domain,xoilac2[.]skin,malicious,2026-08-13
domain,cakhiatv-6[.]pro,malicious,2026-08-13
domain,colatv-15[.]store,malicious,2026-08-13
domain,canacoll[.]org,malicious,2026-08-13
domain,alicemccall[.]com,malicious,2026-08-13
domain,labrigadedannaelle[.]com,malicious,2026-08-13
domain,noctua[.]org,malicious,2026-08-13
domain,colatv3[.]io,malicious,2026-08-13
domain,trollcalibur[.]com,malicious,2026-08-13
domain,colatvv[.]art,malicious,2026-08-13
domain,xoilac-tv-7[.]skin,malicious,2026-08-13
domain,phgroup[.]com[.]vn,malicious,2026-08-13
domain,colatvtv[.]work,malicious,2026-08-13
domain,ttbd-xoi-lac-euro-2024[.]biz,malicious,2026-08-13
domain,tructiep-danmach-anh-euro[.]lol,malicious,2026-08-13
domain,greenc[.]vn,malicious,2026-08-13
domain,spedex[.]com,malicious,2026-08-13
domain,appstar[.]com[.]tw,malicious,2026-08-13
domain,xoilac-live[.]pro,malicious,2026-08-13
domain,frozenwalrus[.]finance,malicious,2026-08-13
domain,macaq[.]org,malicious,2026-08-13
domain,colatvtv[.]biz,malicious,2026-08-13
domain,aubert-vignobles[.]com,malicious,2026-08-13
domain,rvdumpstations[.]info,malicious,2026-08-13
domain,vitroxcoffee[.]com,malicious,2026-08-13
domain,loveandpropaganda[.]com,malicious,2026-08-13
domain,yearone-movie[.]com,malicious,2026-08-13
domain,kevinruddmp[.]com,malicious,2026-08-13
domain,casheldennehy[.]org,malicious,2026-08-13
domain,bacsilanda[.]com[.]vn,malicious,2026-08-13
domain,xembd-tructiep-90phut[.]lol,malicious,2026-08-13
domain,barratlantica[.]com,malicious,2026-08-13
domain,cupsizechoir[.]com,malicious,2026-08-13
domain,frolicpictures[.]com,malicious,2026-08-13
domain,robotliving[.]com,malicious,2026-08-13
domain,xoi-lac-tv-1[.]xyz,malicious,2026-08-13
domain,gratitude365app[.]com,malicious,2026-08-13
domain,xoilac-5[.]co,malicious,2026-08-13
domain,90phut-tv[.]website,malicious,2026-08-13
domain,thitruongcanhotragop[.]com,malicious,2026-08-13
domain,electriceelshock[.]com,malicious,2026-08-13
domain,colatv92[.]com,malicious,2026-08-13
domain,shinglesinfo[.]com,malicious,2026-08-13
domain,socolive-news[.]pro,malicious,2026-08-13
domain,gametvplus[.]com,malicious,2026-08-13
domain,aitree[.]io,malicious,2026-08-13
domain,sccombank[.]com,malicious,2026-08-13
domain,designskilz[.]com,malicious,2026-08-13
domain,emmaolliefbg[.]com,malicious,2026-08-13
domain,xoilactv-2[.]mom,malicious,2026-08-13
domain,cola-tv[.]website,malicious,2026-08-13
domain,xoilac-ttbd[.]xyz,malicious,2026-08-13
domain,antarcticbiennale[.]com,malicious,2026-08-13
domain,tructiep-anh-serbia-euro[.]quest,malicious,2026-08-13
domain,khomuc-tv-live[.]homes,malicious,2026-08-13
domain,redherringlou[.]com,malicious,2026-08-13
domain,tructiep-slovenia-serbia-euro[.]site,malicious,2026-08-13
domain,parachuteshop[.]com,malicious,2026-08-13
domain,dragonfairy[.]vn,malicious,2026-08-13
domain,manbo7[.]com,malicious,2026-08-13
domain,s8tvnet[.]com,malicious,2026-08-13
domain,cola-tv[.]cyou,malicious,2026-08-13
domain,lenovo-jp-career[.]com,malicious,2026-08-13
domain,bekizomba[.]com,malicious,2026-08-13
domain,curwensville[.]com,malicious,2026-08-13
domain,bong-da-xoilac-euro[.]today,malicious,2026-08-13
domain,cloud-journals[.]com,malicious,2026-08-13
domain,culpepertheatre[.]org,malicious,2026-08-13
domain,tructiep-halan-phap-euro[.]art,malicious,2026-08-13
domain,incredibleart[.]org,malicious,2026-08-13
domain,khohangdocvip[.]net,malicious,2026-08-13
domain,livethisbook[.]com,malicious,2026-08-13
domain,90phut[.]baby,malicious,2026-08-13
domain,mibutoymuseum[.]com,malicious,2026-08-13
domain,jonathanscork[.]com,malicious,2026-08-13
domain,eartoearoak[.]com,malicious,2026-08-13
domain,audienceseverywhere[.]net,malicious,2026-08-13
domain,barryunderwood[.]com,malicious,2026-08-13
domain,xoilac-tv-90p[.]homes,malicious,2026-08-13
domain,xoilactv[.]pe,malicious,2026-08-13
domain,socolive-tv[.]skin,malicious,2026-08-13
domain,quaythuocvienquany[.]com,malicious,2026-08-13
domain,90phut[.]support,malicious,2026-08-13
domain,ciderpresscafe[.]com,malicious,2026-08-13
domain,vienthammykoreans[.]vn,malicious,2026-08-13
domain,colalive[.]black,malicious,2026-08-13
domain,xoi-lac[.]art,malicious,2026-08-13
domain,atb-reabilitacoes[.]com,malicious,2026-08-13
domain,mouthpublicity[.]io,malicious,2026-08-13
domain,xineshop[.]com,malicious,2026-08-13
domain,controlfreakinc[.]com,malicious,2026-08-13
domain,cerecaps[.]vn,malicious,2026-08-13
domain,flightofthegibbon[.]com,malicious,2026-08-13
domain,birkajazz[.]com,malicious,2026-08-13
domain,thecamplondon[.]com,malicious,2026-08-13
domain,xoilac247[.]online,malicious,2026-08-13
domain,caulacbotieuduong[.]com,malicious,2026-08-13
domain,cakhia19[.]lol,malicious,2026-08-13
domain,colalive[.]info,malicious,2026-08-13
domain,literarymanhattan[.]org,malicious,2026-08-13
domain,nto[.]com[.]vn,malicious,2026-08-13
domain,xem-bong-da-xoilac[.]fun,malicious,2026-08-13
domain,tt-chsec-thonhiky-euro[.]baby,malicious,2026-08-13
domain,xoilac-8[.]ink,malicious,2026-08-13
domain,1735km[.]com,malicious,2026-08-13
domain,ipix[.]vn,malicious,2026-08-13
domain,nourish-nyc[.]com,malicious,2026-08-13
domain,kinderfahrradsitztest[.]com,malicious,2026-08-13
domain,martin-car[.]com,malicious,2026-08-13
domain,socolive-tv[.]art,malicious,2026-08-13
domain,mip-consortium[.]org,malicious,2026-08-13
domain,ima-ticket[.]com,malicious,2026-08-13
domain,thaihealthlife[.]com,malicious,2026-08-13
domain,90phut-tv[.]lat,malicious,2026-08-13
domain,easybitcoinfaucet[.]com,malicious,2026-08-13
domain,bongdangon[.]online,malicious,2026-08-13
domain,90phuttv[.]site,malicious,2026-08-13
domain,90phut-tv[.]ink,malicious,2026-08-13
domain,xoilac-90phut[.]art,malicious,2026-08-13
domain,cakhia[.]skin,malicious,2026-08-13
domain,belugies[.]com,malicious,2026-08-13
domain,xoilac-live[.]ink,malicious,2026-08-13
domain,xembd-xoilac[.]ink,malicious,2026-08-13
domain,jacksonsbarandbistro[.]com,malicious,2026-08-13
domain,xembd-xoilac[.]xyz,malicious,2026-08-13
domain,runesfi[.]io,malicious,2026-08-13
domain,luongson[.]blog,malicious,2026-08-13
domain,cakhiatv-6[.]pics,malicious,2026-08-13
domain,phukiennhom[.]com[.]vn,malicious,2026-08-13
domain,90phuttv[.]store,malicious,2026-08-13
domain,krachttrainingvoeding[.]nl,malicious,2026-08-13
domain,autointeriorsupply[.]com,malicious,2026-08-13
domain,xoi-lac-3-euro[.]lol,malicious,2026-08-13
domain,ca-heo-tv-bong-da[.]pro,malicious,2026-08-13
domain,jblspeaker[.]us[.]com,malicious,2026-08-13
domain,cola3[.]tv,malicious,2026-08-13
domain,rchcc[.]net,malicious,2026-08-13
domain,lskcolatv[.]cloud,malicious,2026-08-13
domain,teacherly[.]io,malicious,2026-08-13
domain,poochesspa[.]com,malicious,2026-08-13
domain,xoilac-kenhtructiep-euro[.]lat,malicious,2026-08-13
domain,ulheritagecenter[.]org,malicious,2026-08-13
domain,laproximaguerra[.]com,malicious,2026-08-13
domain,khomuctv[.]mom,malicious,2026-08-13
domain,ca-khia-link[.]lol,malicious,2026-08-13
domain,xoi-lac-17[.]art,malicious,2026-08-13
domain,emmebidesign[.]com,malicious,2026-08-13
domain,ca-khia-6-link[.]art,malicious,2026-08-13
domain,thebigroundtable[.]com,malicious,2026-08-13
domain,iklcolatv[.]life,malicious,2026-08-13
domain,cakhia-18[.]site,malicious,2026-08-13
domain,xoilac-bong-da[.]pro,malicious,2026-08-13
domain,horizonbbqsmokers[.]com,malicious,2026-08-13
domain,ttbd-xoivotv[.]lol,malicious,2026-08-13
domain,schwingen[.]net,malicious,2026-08-13
domain,gjaghana[.]org,malicious,2026-08-13
domain,xoilac2[.]lat,malicious,2026-08-13
domain,sweetsaura[.]com,malicious,2026-08-13
domain,cakhia-6-tv[.]lol,malicious,2026-08-13
domain,modulmarketi[.]com,malicious,2026-08-13
domain,cakhia30[.]live,malicious,2026-08-13
domain,raghavaniyer[.]com,malicious,2026-08-13
domain,nenametajna[.]com,malicious,2026-08-13
domain,bohohome[.]com,malicious,2026-08-13
domain,hdpvrcapture[.]com,malicious,2026-08-13
domain,colatv1[.]store,malicious,2026-08-13
domain,hem-usa[.]org,malicious,2026-08-13
domain,restaurant-la-gare-ploubalay[.]com,malicious,2026-08-13
domain,naturebase[.]net,malicious,2026-08-13
domain,tapchitintuc24h[.]com,malicious,2026-08-13
domain,coinpirates[.]io,malicious,2026-08-13
domain,xoilaca[.]art,malicious,2026-08-13
domain,seasonsslc[.]com,malicious,2026-08-13
domain,tubeplamphat[.]com,malicious,2026-08-13
domain,brainspinesurgery[.]com,malicious,2026-08-13
domain,bongda-tt-90phut[.]lol,malicious,2026-08-13
domain,sapporo[.]com[.]vn,malicious,2026-08-13
domain,karmorra[.]info,malicious,2026-08-13
domain,artisankitchenandbathcreations[.]com,malicious,2026-08-13
domain,pacificorestaurantes[.]com,malicious,2026-08-13
domain,mireproductivefreedom[.]org,malicious,2026-08-13
domain,nextmoon[.]io,malicious,2026-08-13
domain,mollybrownsswimwear[.]com,malicious,2026-08-13
domain,ubuntu-rescue-remix[.]org,malicious,2026-08-13
domain,heyallo[.]com,malicious,2026-08-13
domain,tixik[.]info,malicious,2026-08-13
domain,ngx-translate[.]com,malicious,2026-08-13
domain,pornhdstar[.]com,malicious,2026-08-13
domain,xoilactv-euro-2024[.]art,malicious,2026-08-13
domain,truc-tiep-bong-da-cakhia[.]xyz,malicious,2026-08-13
domain,dbnetworks[.]com,malicious,2026-08-13
domain,xoi-lac-tv-euro-2024[.]today,malicious,2026-08-13
domain,n-d-f[.]com,malicious,2026-08-13
domain,tructiep-bongda-socolive[.]shop,malicious,2026-08-13
domain,universdusommeil[.]com,malicious,2026-08-13
domain,woodbat[.]org,malicious,2026-08-13
domain,blacksparrowauctions[.]com,malicious,2026-08-13
domain,fireflychocolate[.]com,malicious,2026-08-13
domain,microsofttalentlab[.]nl,malicious,2026-08-13
domain,xoilac-tv[.]fun,malicious,2026-08-13
domain,campingpramousquier[.]com,malicious,2026-08-13
domain,xoilac3[.]art,malicious,2026-08-13
domain,cakhiatv-30[.]site,malicious,2026-08-13
domain,hayesbc[.]com,malicious,2026-08-13
domain,cakhia50[.]tv,malicious,2026-08-13
domain,marcusfoster[.]org,malicious,2026-08-13
domain,xoilactv[.]fr,malicious,2026-08-13
domain,boyanoff[.]net,malicious,2026-08-13
domain,high-seas[.]org,malicious,2026-08-13
domain,cakhia102[.]tv,malicious,2026-08-13
domain,argoapp[.]net,malicious,2026-08-13
domain,fromwayuphigh[.]com,malicious,2026-08-13
domain,openvrml[.]org,malicious,2026-08-13
domain,xoilac1[.]biz,malicious,2026-08-13
domain,cakhia-1-link[.]homes,malicious,2026-08-13
domain,momswhoneedwine[.]com,malicious,2026-08-13
domain,eatzybitzy[.]com,malicious,2026-08-13
domain,cakhia[.]homes,malicious,2026-08-13
domain,orscrosscountryskisdirect[.]com,malicious,2026-08-13
domain,toffeeinsurance[.]com,malicious,2026-08-13
domain,sustainabledevelopment2015[.]org,malicious,2026-08-13
domain,xoilac-tv-euro[.]wiki,malicious,2026-08-13
domain,galerou[.]com,malicious,2026-08-13
domain,tructiep-thuysi-duc-euro[.]skin,malicious,2026-08-13
domain,colatv42[.]tv,malicious,2026-08-13
domain,cakhia52[.]tv,malicious,2026-08-13
domain,zdob-si-zdub[.]com,malicious,2026-08-13
domain,mommymdguides[.]com,malicious,2026-08-13
domain,cakhia-20-tv[.]site,malicious,2026-08-13
domain,xem-bong-da-socolive[.]monster,malicious,2026-08-13
domain,anvuitudosong[.]com,malicious,2026-08-13
domain,lepbarcoding[.]org,malicious,2026-08-13
domain,xoilac-euro-tructiep[.]online,malicious,2026-08-13
domain,saigonews[.]com,malicious,2026-08-13
domain,uolala[.]com,malicious,2026-08-13
domain,cerewhite[.]vn,malicious,2026-08-13
domain,ismile[.]uk[.]com,malicious,2026-08-13
domain,videoinspiration[.]net,malicious,2026-08-13
domain,anphumobile[.]com,malicious,2026-08-13
domain,sadeyagotlupeynir[.]com,malicious,2026-08-13
domain,xoilac-tv-7[.]lat,malicious,2026-08-13
domain,giuptoi[.]vn,malicious,2026-08-13
domain,pediacognac[.]com,malicious,2026-08-13
domain,toshinorikondo[.]com,malicious,2026-08-13
domain,xembd-tructiep-90phut[.]fun,malicious,2026-08-13
domain,tructiep-hungary-thuysi[.]xyz,malicious,2026-08-13
domain,colatvtv[.]store,malicious,2026-08-13
domain,cakhia108[.]tv,malicious,2026-08-13
domain,yearofcolour[.]com,malicious,2026-08-13
domain,aimclinics[.]com,malicious,2026-08-13
domain,parfaitemamancinglante[.]com,malicious,2026-08-13
domain,cola-tv[.]icu,malicious,2026-08-13
domain,barsardinenyc[.]com,malicious,2026-08-13
domain,ubooly[.]com,malicious,2026-08-13
domain,xoilactv-euro-2024[.]baby,malicious,2026-08-13
domain,aobaomlight[.]com,malicious,2026-08-13
domain,vanphongdothatlac[.]com,malicious,2026-08-13
domain,xoi-lac-7[.]ink,malicious,2026-08-13
domain,dermahan[.]vn,malicious,2026-08-13
domain,bong-da-xoi-lac[.]fun,malicious,2026-08-13
domain,cheapshoesmeshe[.]com,malicious,2026-08-13
domain,hotelsemaforodebares[.]com,malicious,2026-08-13
domain,ca-khia-tv[.]shop,malicious,2026-08-13
domain,90phut-tructiepbongda[.]xyz,malicious,2026-08-13
domain,xem-ttbd-xoilac[.]store,malicious,2026-08-13
domain,sreepadmanabhaswamytemple[.]com,malicious,2026-08-13
domain,tappunoyu[.]com,malicious,2026-08-13
domain,xoilac-truc-tiep[.]ink,malicious,2026-08-13
domain,bongdangon[.]ink,malicious,2026-08-13
domain,xoilac[.]work,malicious,2026-08-13
domain,sgate[.]vn,malicious,2026-08-13
domain,colatv17[.]tv,malicious,2026-08-13
domain,ca-khia-bong-da[.]pro,malicious,2026-08-13
domain,ra-khoi-tivi[.]online,malicious,2026-08-13
domain,druidcitybrewing[.]com,malicious,2026-08-13
domain,cakhia[.]mobi,malicious,2026-08-13
domain,afrofuturism[.]net,malicious,2026-08-13
domain,bjorner[.]com,malicious,2026-08-13
domain,beyond-digital[.]org,malicious,2026-08-13
domain,intersmash[.]com,malicious,2026-08-13
domain,bit-ly-socolive[.]lol,malicious,2026-08-13
domain,crownvillas[.]com[.]vn,malicious,2026-08-13
domain,khomuctv-ttbd[.]lat,malicious,2026-08-13
domain,cakhia-link[.]xyz,malicious,2026-08-13
domain,bong-da-xoi-lac[.]art,malicious,2026-08-13
domain,widowswish[.]com,malicious,2026-08-13
domain,foxandrobin[.]com,malicious,2026-08-13
domain,cakhiatv-6-link[.]space,malicious,2026-08-13
domain,ttbd-xoilac7[.]ink,malicious,2026-08-13
domain,xem-ttbd-xoilac[.]pro,malicious,2026-08-13
domain,a-l-c-h[.]com,malicious,2026-08-13
domain,aplac[.]org,malicious,2026-08-13
domain,suygiamthinhluc[.]vn,malicious,2026-08-13
domain,mitom-xoilac[.]art,malicious,2026-08-13
domain,socolive-bong-da[.]website,malicious,2026-08-13
domain,apaxenglish[.]com,malicious,2026-08-13
domain,reallifeinstagram[.]com,malicious,2026-08-13
domain,xoilactv1[.]lol,malicious,2026-08-13
domain,socolive-tv[.]beauty,malicious,2026-08-13
domain,tuonggo[.]info,malicious,2026-08-13
domain,siegetechnologies[.]com,malicious,2026-08-13
domain,bajofondomusic[.]com,malicious,2026-08-13
domain,xembongda[.]co,malicious,2026-08-13
domain,wigwamvillage[.]com,malicious,2026-08-13
domain,xoilac-link[.]fun,malicious,2026-08-13
domain,bong-da-xoilac[.]xyz,malicious,2026-08-13
domain,kusoiinkai[.]com,malicious,2026-08-13
domain,sidetree[.]com,malicious,2026-08-13
domain,devinjamesgroup[.]com,malicious,2026-08-13
domain,spearheadresearch[.]org,malicious,2026-08-13
domain,mjarabians[.]com,malicious,2026-08-13
domain,dreamhomepalace[.]vn,malicious,2026-08-13
domain,ca-khia-tv[.]site,malicious,2026-08-13
domain,aodailongha[.]com,malicious,2026-08-13
domain,thelastisraelis[.]com,malicious,2026-08-13
domain,gisele-freund[.]com,malicious,2026-08-13
domain,cakhiazkn[.]cc,malicious,2026-08-13
domain,socoliveem[.]cc,malicious,2026-08-13
domain,socolive20[.]ac,malicious,2026-08-13
domain,xoilacvg[.]cc,malicious,2026-08-13
domain,xoilacxzx[.]cc,malicious,2026-08-13
domain,socolive19[.]ac,malicious,2026-08-13
domain,moviemusereviews[.]com,malicious,2026-08-13
domain,socolive63[.]cc,malicious,2026-08-13
domain,socolive44[.]ac,malicious,2026-08-13
domain,xoilaczzpzz[.]tv,malicious,2026-08-13
domain,xoilacmw[.]cc,malicious,2026-08-13
domain,xoilacv[.]ac,malicious,2026-08-13
domain,socolive31[.]ac,malicious,2026-08-13
domain,socolive30[.]ac,malicious,2026-08-13
domain,xoilacc3[.]net,malicious,2026-08-13
domain,xoilacz1[.]top,malicious,2026-08-13
domain,xoilacpzzz[.]tv,malicious,2026-08-13
domain,socolive66[.]ac,malicious,2026-08-13
domain,stope40[.]org,malicious,2026-08-13
domain,xoilacm[.]cc,malicious,2026-08-13
domain,socolivev[.]io,malicious,2026-08-13
domain,xoilaczzzlz[.]tv,malicious,2026-08-13
domain,xoilacvzzz[.]tv,malicious,2026-08-13
domain,cakhiatvxsx[.]io,malicious,2026-08-13
domain,socoliveeb[.]cc,malicious,2026-08-13
domain,socoliveo[.]ac,malicious,2026-08-13
domain,8services2point0[.]com,malicious,2026-08-13
domain,socolive90[.]ac,malicious,2026-08-13
domain,socolive16[.]ac,malicious,2026-08-13
domain,aceawarewales[.]com,malicious,2026-08-13
domain,socolive26[.]ac,malicious,2026-08-13
domain,socolive17[.]ac,malicious,2026-08-13
domain,xoilacztp[.]top,malicious,2026-08-13
domain,assistedsuicide[.]org,malicious,2026-08-13
domain,xoilacx[.]ai,malicious,2026-08-13
domain,soccolive51[.]cc,malicious,2026-08-13
domain,xoilacchamtv[.]cc,malicious,2026-08-13
domain,xoilacmr[.]cc,malicious,2026-08-13
domain,xoilaczzxzzz[.]tv,malicious,2026-08-13
domain,xoilacxzt[.]tv,malicious,2026-08-13
domain,xoilaczhzz[.]tv,malicious,2026-08-13
domain,xoilactvzzt[.]co,malicious,2026-08-13
domain,socolivej[.]ac,malicious,2026-08-13
domain,socolive61[.]cc,malicious,2026-08-13
domain,socolive46[.]ac,malicious,2026-08-13
domain,socolive53[.]cc,malicious,2026-08-13
domain,xoilacmzzz[.]tv,malicious,2026-08-13
domain,xoilactxz[.]tv,malicious,2026-08-13
domain,comicsthegathering[.]com,malicious,2026-08-13
domain,allenatiredhorn[.]it,malicious,2026-08-13
domain,xoilactv8386x[.]live,malicious,2026-08-13
domain,xoilacstz[.]tv,malicious,2026-08-13
domain,socoliveve[.]ac,malicious,2026-08-13
domain,socolive58[.]cc,malicious,2026-08-13
domain,xoilaczs[.]org,malicious,2026-08-13
domain,xoilacmn[.]cc,malicious,2026-08-13
domain,socolivevi[.]ac,malicious,2026-08-13
domain,xoilacmp[.]cc,malicious,2026-08-13
domain,socolive95[.]us,malicious,2026-08-13
domain,socolive36[.]ac,malicious,2026-08-13
domain,xoilactv8386o[.]live,malicious,2026-08-13
domain,socolive66[.]cc,malicious,2026-08-13
domain,socolive33[.]ac,malicious,2026-08-13
domain,xoilaczz[.]org,malicious,2026-08-13
domain,socolive40[.]ac,malicious,2026-08-13
domain,cakhiatvy[.]com,malicious,2026-08-13
domain,socolive65[.]ac,malicious,2026-08-13
domain,wapdaonlinebill[.]com,malicious,2026-08-13
domain,daventryutc[.]com,malicious,2026-08-13
domain,socolive85[.]ac,malicious,2026-08-13
domain,socolive99[.]ac,malicious,2026-08-13
domain,socolive7[.]ac,malicious,2026-08-13
domain,graffitinyc[.]com,malicious,2026-08-13
domain,cakhiatvt[.]com,malicious,2026-08-13
domain,beckhamhouse[.]com,malicious,2026-08-13
domain,socolive72[.]cc,malicious,2026-08-13
domain,xoilacjzzz[.]tv,malicious,2026-08-13
domain,xoilacezzz[.]tv,malicious,2026-08-13
domain,socoliveef[.]cc,malicious,2026-08-13
domain,x3wiki[.]com,malicious,2026-08-13
domain,xoilaccvi[.]net,malicious,2026-08-13
domain,cakhiatv[.]digital,malicious,2026-08-13
domain,disclaimermag[.]com,malicious,2026-08-13
domain,xoilacizzz[.]tv,malicious,2026-08-13
domain,socolive34[.]ac,malicious,2026-08-13
domain,socolive95[.]ac,malicious,2026-08-13
domain,jerrysdogs[.]com,malicious,2026-08-13
domain,socolive88[.]ac,malicious,2026-08-13
domain,socolive64[.]ac,malicious,2026-08-13
domain,xoilactv[.]ink,malicious,2026-08-13
domain,xoilaclzzz[.]tv,malicious,2026-08-13
domain,socolive39[.]ac,malicious,2026-08-13
domain,jaspersbarbecue[.]com,malicious,2026-08-13
domain,xoilactv[.]ac,malicious,2026-08-13
domain,xoilaczq[.]org,malicious,2026-08-13
domain,perdre-la-raison[.]com,malicious,2026-08-13
domain,socolivetv[.]vin,malicious,2026-08-13
domain,peteralanlloyd[.]com,malicious,2026-08-13
domain,socolivev[.]ac,malicious,2026-08-13
domain,socolive38[.]ac,malicious,2026-08-13
domain,weismuseum[.]org,malicious,2026-08-13
domain,socolive13[.]ac,malicious,2026-08-13
domain,dillingermuseum[.]com,malicious,2026-08-13
domain,xoilacczzz[.]tv,malicious,2026-08-13
domain,melissablogs[.]com,malicious,2026-08-13
domain,mayorlovelywarren[.]com,malicious,2026-08-13
domain,socolive69[.]ac,malicious,2026-08-13
domain,xoilaczf[.]net,malicious,2026-08-13
domain,socolive9[.]ac,malicious,2026-08-13
domain,xoilactv8386m[.]live,malicious,2026-08-13
domain,springhousepress[.]com,malicious,2026-08-13
domain,suramericapress[.]com,malicious,2026-08-13
domain,microcapitalmonitor[.]com,malicious,2026-08-13
domain,xoilacvi[.]vip,malicious,2026-08-13
domain,socolive10[.]ac,malicious,2026-08-13
domain,socoliveet[.]cc,malicious,2026-08-13
domain,ladyvalorfilm[.]com,malicious,2026-08-13
domain,socolive37[.]ac,malicious,2026-08-13
domain,socolive47[.]ac,malicious,2026-08-13
domain,socolive5[.]ac,malicious,2026-08-13
domain,socolive3[.]cc,malicious,2026-08-13
domain,xoilacbanhkhuc[.]com,malicious,2026-08-13
domain,xoilackzzz[.]tv,malicious,2026-08-13
domain,socolivei[.]io,malicious,2026-08-13
domain,xoilactv8386k[.]live,malicious,2026-08-13
domain,xoilacozzz[.]tv,malicious,2026-08-13
domain,xoilactv8386g[.]live,malicious,2026-08-13
domain,socolive104[.]ac,malicious,2026-08-13
domain,xoilaczw[.]org,malicious,2026-08-13
domain,xoilacbzzz[.]tv,malicious,2026-08-13
domain,socolive3[.]ac,malicious,2026-08-13
domain,cakhiatv[.]studio,malicious,2026-08-13
domain,socolive8[.]ac,malicious,2026-08-13
domain,socolive1[.]ac,malicious,2026-08-13
domain,socolive62[.]ac,malicious,2026-08-13
domain,nightmarerecords[.]com,malicious,2026-08-13
domain,bellaontheriver[.]com,malicious,2026-08-13
domain,yesonpropk[.]org,malicious,2026-08-13
domain,socolivetv[.]win,malicious,2026-08-13
domain,disruptors[.]fm,malicious,2026-08-13
domain,cakhiatvab[.]com,malicious,2026-08-13
domain,iamerinbrown[.]info,malicious,2026-08-13
domain,xoilactv8386f[.]live,malicious,2026-08-13
domain,italiantuorism[.]com,malicious,2026-08-13
domain,omotenashi-movie[.]com,malicious,2026-08-13
domain,steven-franco[.]com,malicious,2026-08-13
domain,socolivei[.]ac,malicious,2026-08-13
domain,cakhiatvx[.]com,malicious,2026-08-13
domain,socolive81[.]ac,malicious,2026-08-13
domain,cakhiatv[.]video,malicious,2026-08-13
domain,socolive55[.]cc,malicious,2026-08-13
domain,xoilac49[.]net,malicious,2026-08-13
domain,xoilacszzz[.]tv,malicious,2026-08-13
domain,xoilactv[.]fan,malicious,2026-08-13
domain,socolive49[.]ac,malicious,2026-08-13
domain,socolive12[.]ac,malicious,2026-08-13
domain,xoilacvi[.]pro,malicious,2026-08-13
domain,xoilacwzzz[.]tv,malicious,2026-08-13
domain,monitorduty[.]com,malicious,2026-08-13
domain,socolive59[.]ac,malicious,2026-08-13
domain,socolive91[.]ac,malicious,2026-08-13
domain,xoilactvnn[.]live,malicious,2026-08-13
domain,socolive100[.]ac,malicious,2026-08-13
domain,xoilaczsx[.]cc,malicious,2026-08-13
domain,socolive75[.]cc,malicious,2026-08-13
domain,xoilacxx[.]live,malicious,2026-08-13
domain,xoilacz3[.]top,malicious,2026-08-13
domain,lisabettany[.]com,malicious,2026-08-13
domain,socolive3[.]nl,malicious,2026-08-13
domain,1phuttietkiemtrieuniemvui[.]com,malicious,2026-08-13
domain,socolive84[.]ac,malicious,2026-08-13
domain,museumregister[.]com,malicious,2026-08-13
domain,xoilactzzz[.]tv,malicious,2026-08-13
domain,socoliven[.]ac,malicious,2026-08-13
domain,socolive82[.]ac,malicious,2026-08-13
domain,socolive2[.]ac,malicious,2026-08-13
domain,xoilactv8386t[.]live,malicious,2026-08-13
domain,xoilacazzz[.]tv,malicious,2026-08-13
domain,xoilaczizz[.]tv,malicious,2026-08-13
domain,xoilacdzzz[.]tv,malicious,2026-08-13
domain,xoilacxz[.]ai,malicious,2026-08-13
domain,mitvcconference[.]com,malicious,2026-08-13
domain,tinhnguyeng9[.]com,malicious,2026-08-13
domain,8secretsofsuccess[.]com,malicious,2026-08-13
domain,socolivees[.]cc,malicious,2026-08-13
domain,socolive4[.]ac,malicious,2026-08-13
domain,xoilac-tv[.]bio,malicious,2026-08-13
domain,socolivetv3[.]co,malicious,2026-08-13
domain,socoliveex[.]cc,malicious,2026-08-13
domain,xoilacvii[.]net,malicious,2026-08-13
domain,xoilacfzzz[.]tv,malicious,2026-08-13
domain,indigenascovid19[.]red,malicious,2026-08-13
domain,xoilaczzxc[.]tv,malicious,2026-08-13
domain,xoilacnj[.]cc,malicious,2026-08-13
domain,socolive45[.]ac,malicious,2026-08-13
domain,xoilactv[.]black,malicious,2026-08-13
domain,socoliveh[.]ac,malicious,2026-08-13
domain,xoilacj[.]com,malicious,2026-08-13
domain,bahamasjunkanoocarnival[.]com,malicious,2026-08-13
domain,socoliveer[.]cc,malicious,2026-08-13
domain,xoilactv8386i[.]live,malicious,2026-08-13
domain,socolivek[.]ac,malicious,2026-08-13
domain,lautrec[.]info,malicious,2026-08-13
domain,socolive106[.]ac,malicious,2026-08-13
domain,socolive14[.]ac,malicious,2026-08-13
domain,pandajogosgratis[.]com,malicious,2026-08-13
domain,cakhiatv[.]tube,malicious,2026-08-13
domain,socolivetv6[.]co,malicious,2026-08-13
domain,nativeworkscsc[.]org,malicious,2026-08-13
domain,xoilaczzss[.]tv,malicious,2026-08-13
domain,xoilacz4[.]top,malicious,2026-08-13
domain,socolive73[.]ac,malicious,2026-08-13
domain,cakhiatv[.]group,malicious,2026-08-13
domain,atlbbqfest[.]com,malicious,2026-08-13
domain,kgf-movie[.]com,malicious,2026-08-13
domain,socolive69[.]cc,malicious,2026-08-13
domain,socolive42[.]ac,malicious,2026-08-13
domain,everybodyeveryone[.]com,malicious,2026-08-13
domain,socolive1[.]nl,malicious,2026-08-13
domain,xoilaczxzz[.]tv,malicious,2026-08-13
domain,lingerie-indiscrete[.]com,malicious,2026-08-13
domain,xoilactv8386[.]live,malicious,2026-08-13
domain,xoilacxz[.]live,malicious,2026-08-13
domain,xoilacp[.]com,malicious,2026-08-13
domain,socolive72[.]ac,malicious,2026-08-13
domain,socolive43[.]ac,malicious,2026-08-13
domain,gmroth[.]net,malicious,2026-08-13
domain,xoilacmt[.]cc,malicious,2026-08-13
domain,socolive15[.]ac,malicious,2026-08-13
domain,socolive74[.]ac,malicious,2026-08-13
domain,xoilac-tv[.]online,malicious,2026-08-13
domain,meditationsociety[.]com,malicious,2026-08-13
domain,seal-of-excellence[.]org,malicious,2026-08-13
domain,xoilacgzzz[.]tv,malicious,2026-08-13
domain,cakhiatv[.]team,malicious,2026-08-13
domain,socoliveep[.]cc,malicious,2026-08-13
domain,cakhiatv[.]dev,malicious,2026-08-13
domain,xoilacqzzz[.]tv,malicious,2026-08-13
domain,cakhiatv[.]watch,malicious,2026-08-13
domain,ranumspanat[.]com,malicious,2026-08-13
domain,cakhiatvl[.]com,malicious,2026-08-13
domain,unelections[.]org,malicious,2026-08-13
domain,50thirdand3rd[.]com,malicious,2026-08-13
domain,socolive50[.]cc,malicious,2026-08-13
domain,socolive93[.]ac,malicious,2026-08-13
domain,xoilaczzzbz[.]tv,malicious,2026-08-13
domain,xoilacx[.]live,malicious,2026-08-13
domain,xoilactzx[.]tv,malicious,2026-08-13
domain,counter-inaugural[.]org,malicious,2026-08-13
domain,holebi[.]info,malicious,2026-08-13
domain,homoclimbtastic[.]com,malicious,2026-08-13
domain,xoilacviii[.]net,malicious,2026-08-13
domain,xoilaczcx[.]tv,malicious,2026-08-13
domain,socolive102[.]ac,malicious,2026-08-13
domain,socolivetv[.]kim,malicious,2026-08-13
domain,socolivec[.]ac,malicious,2026-08-13
domain,socolive96[.]ac,malicious,2026-08-13
domain,xoilaclink[.]cc,malicious,2026-08-13
domain,rakhoixw[.]cc,malicious,2026-08-13
domain,6hourly[.]com,malicious,2026-08-13
domain,cakhiacc[.]io,malicious,2026-08-13
domain,afterearth[.]com,malicious,2026-08-13
domain,elainefantham[.]com,malicious,2026-08-13
domain,bulletforce[.]io,malicious,2026-08-13
domain,paris-danse[.]com,malicious,2026-08-13
domain,imse[.]se,malicious,2026-08-13
domain,thapcam-worldcup2026[.]tv,malicious,2026-08-13
domain,xoilaczzrr[.]tv,malicious,2026-08-13
domain,cpaoffers[.]io,malicious,2026-08-13
domain,sangeetshyamala[.]com,malicious,2026-08-13
domain,xoilacbongdawc2026a[.]tv,malicious,2026-08-13
domain,vikingsvillage[.]io,malicious,2026-08-13
domain,inqueue[.]io,malicious,2026-08-13
domain,therockymountainbrewery[.]com,malicious,2026-08-13
domain,socolivekx[.]cc,malicious,2026-08-13
domain,reactorapps[.]io,malicious,2026-08-13
domain,cakhiavr[.]cc,malicious,2026-08-13
domain,visitfrenchwine[.]com,malicious,2026-08-13
domain,clarkcountyautoauction[.]com,malicious,2026-08-13
domain,xoilacvnn[.]mobi,malicious,2026-08-13
domain,barentspremium[.]com,malicious,2026-08-13
domain,adventuretech[.]biz,malicious,2026-08-13
domain,xoilacyyf[.]cc,malicious,2026-08-13
domain,boucherie-hattier[.]com,malicious,2026-08-13
domain,adamstankandlift[.]com,malicious,2026-08-13
domain,mitomtvf[.]cc,malicious,2026-08-13
domain,prelude-siem[.]com,malicious,2026-08-13
domain,vebozav[.]cc,malicious,2026-08-13
domain,xoilaczzczz[.]tv,malicious,2026-08-13
domain,xoilac365j[.]cc,malicious,2026-08-13
domain,90phutit[.]cc,malicious,2026-08-13
domain,bolvy-traiteur[.]com,malicious,2026-08-13
domain,juegosclasicos[.]tv,malicious,2026-08-13
domain,vaoroizzv[.]cc,malicious,2026-08-13
domain,xoilaczzrz[.]tv,malicious,2026-08-13
domain,cakhiazxk[.]cc,malicious,2026-08-13
domain,socolivekv[.]cc,malicious,2026-08-13
domain,xoilaczl[.]cc,malicious,2026-08-13
domain,ipofinancial[.]com,malicious,2026-08-13
domain,90phutat[.]cc,malicious,2026-08-13
domain,vebozc[.]cc,malicious,2026-08-13
domain,socolive-affcup2026[.]tv,malicious,2026-08-13
domain,222veggievegan[.]com,malicious,2026-08-13
domain,veboz53[.]live,malicious,2026-08-13
domain,rakhoivu[.]cc,malicious,2026-08-13
domain,xoilaccr[.]tv,malicious,2026-08-13
domain,swiftcraft[.]io,malicious,2026-08-13
domain,socoliveff[.]cc,malicious,2026-08-13
domain,90phutaj[.]cc,malicious,2026-08-13
domain,le-monastier-sur-gazeille[.]net,malicious,2026-08-13
domain,vaoroikj[.]cc,malicious,2026-08-13
domain,geographyiq[.]com,malicious,2026-08-13
domain,socolivegg[.]cc,malicious,2026-08-13
domain,xoilaczvz[.]cc,malicious,2026-08-13
domain,cola-affcup2026[.]tv,malicious,2026-08-13
domain,johnwickhex[.]com,malicious,2026-08-13
domain,openapm[.]io,malicious,2026-08-13
domain,socolivetvo[.]cc,malicious,2026-08-13
domain,xoilaczzc[.]cc,malicious,2026-08-13
domain,90phutbs[.]cc,malicious,2026-08-13
domain,socolive-worldcup2026[.]tv,malicious,2026-08-13
domain,socolivezz[.]cc,malicious,2026-08-13
domain,xoilacxyr[.]cc,malicious,2026-08-13
domain,anthonyterrien[.]com,malicious,2026-08-13
domain,xoilackp[.]tv,malicious,2026-08-13
domain,onnow[.]io,malicious,2026-08-13
domain,yritys[.]io,malicious,2026-08-13
domain,mauritiusblogtracker[.]com,malicious,2026-08-13
domain,thevivant[.]com,malicious,2026-08-13
domain,xoilaczrrz[.]tv,malicious,2026-08-13
domain,reenergizexom[.]com,malicious,2026-08-13
domain,xoilacxyy[.]tv,malicious,2026-08-13
domain,adorenite[.]com,malicious,2026-08-13
domain,kohenet[.]org,malicious,2026-08-13
domain,chicagovolunteerdoulas[.]org,malicious,2026-08-13
domain,nearfield[.]org,malicious,2026-08-13
domain,rakhoivn[.]cc,malicious,2026-08-13
domain,birdandstone[.]com,malicious,2026-08-13
domain,vaoroizzt[.]cc,malicious,2026-08-13
domain,xoilaczxc[.]com,malicious,2026-08-13
domain,laliguedesgentlemen[.]com,malicious,2026-08-13
domain,socoliveva[.]cc,malicious,2026-08-13
domain,xoilacvzk[.]cc,malicious,2026-08-13
domain,xoilacvzo[.]cc,malicious,2026-08-13
domain,mitomzu[.]cc,malicious,2026-08-13
domain,rakhoizz[.]cc,malicious,2026-08-13
domain,xoilacttbd365[.]io,malicious,2026-08-13
domain,joina[.]io,malicious,2026-08-13
domain,xoilactv[.]top,malicious,2026-08-13
domain,socolivegg[.]tv,malicious,2026-08-13
domain,socolivekh[.]cc,malicious,2026-08-13
domain,serva-ts[.]com,malicious,2026-08-13
domain,cakhia7[.]tv,malicious,2026-08-13
domain,paxe[.]io,malicious,2026-08-13
domain,xoilaczzddz[.]tv,malicious,2026-08-13
domain,raigespa[.]com,malicious,2026-08-13
domain,ctc-north[.]com,malicious,2026-08-13
domain,vaoroizzo[.]cc,malicious,2026-08-13
domain,c-01nft[.]io,malicious,2026-08-13
domain,hongkongloungeca[.]com,malicious,2026-08-13
domain,thaifarmhouseexpress[.]com,malicious,2026-08-13
domain,bunsandwuns[.]shop,malicious,2026-08-13
domain,writingjobincome[.]com,malicious,2026-08-13
domain,morbid-curiosity[.]com,malicious,2026-08-13
domain,socoliveku[.]cc,malicious,2026-08-13
domain,arianabohling[.]com,malicious,2026-08-13
domain,cakhiazkm[.]cc,malicious,2026-08-13
domain,rakhoivx[.]cc,malicious,2026-08-13
domain,thapcamtv[.]bz,malicious,2026-08-13
domain,xoilaclive-affcup2026b[.]live,malicious,2026-08-13
domain,90phuttl[.]cc,malicious,2026-08-13
domain,cmcpartnership[.]com,malicious,2026-08-13
domain,xoilacxtn[.]tv,malicious,2026-08-13
domain,xoilackvi[.]tv,malicious,2026-08-13
domain,butterflyandphoenix[.]org,malicious,2026-08-13
domain,xoilaczzssz[.]tv,malicious,2026-08-13
domain,xoilackvj[.]tv,malicious,2026-08-13
domain,xoilac360-affcup2026b[.]live,malicious,2026-08-13
domain,xoilac86h[.]tv,malicious,2026-08-13
domain,garance-paris[.]com,malicious,2026-08-13
domain,seattletilth[.]org,malicious,2026-08-13
domain,vebotvg[.]cc,malicious,2026-08-13
domain,xoilacxyd[.]tv,malicious,2026-08-13
domain,mitomzp[.]cc,malicious,2026-08-13
domain,xoilac86kc[.]tv,malicious,2026-08-13
domain,vebozzz[.]cc,malicious,2026-08-13
domain,livecdnem[.]com,malicious,2026-08-13
domain,dawsbetterbuilt[.]com,malicious,2026-08-13
domain,kickto[.]io,malicious,2026-08-13
domain,taxcreditsforworkingfamilies[.]org,malicious,2026-08-13
domain,livefeedtextbox[.]com,malicious,2026-08-13
domain,teasmade[.]com,malicious,2026-08-13
domain,apprentice-engineer[.]com,malicious,2026-08-13
domain,shabumein[.]com,malicious,2026-08-13
domain,livoraz[.]com,malicious,2026-08-13
domain,vaoroizzz[.]cc,malicious,2026-08-13
domain,scorecastbytextz[.]com,malicious,2026-08-13
domain,rcoi[.]net,malicious,2026-08-13
domain,xoilaczzc[.]com,malicious,2026-08-13
domain,socolivezv[.]cc,malicious,2026-08-13
domain,xoilaczzccz[.]tv,malicious,2026-08-13
domain,cositasricas[.]com,malicious,2026-08-13
domain,quickscoreboardz[.]com,malicious,2026-08-13
domain,flashscorealertz[.]com,malicious,2026-08-13
domain,vaoroive[.]cc,malicious,2026-08-13
domain,webhostingonedollar[.]com,malicious,2026-08-13
domain,lovewonout[.]com,malicious,2026-08-13
domain,mitommr[.]cc,malicious,2026-08-13
domain,streambylivepulse[.]com,malicious,2026-08-13
domain,worcestershows[.]com,malicious,2026-08-13
domain,socolive365[.]net,malicious,2026-08-13
domain,cakhiatvd[.]com,malicious,2026-08-13
domain,xoilaczzwwz[.]tv,malicious,2026-08-13
domain,haohanca[.]com,malicious,2026-08-13
domain,abundantlifechiro[.]com,malicious,2026-08-13
domain,ripoffraskolnikov[.]com,malicious,2026-08-13
domain,globalwhelming[.]com,malicious,2026-08-13
domain,blueofthesky[.]com,malicious,2026-08-13
domain,instinctio[.]com,malicious,2026-08-13
domain,newshubio[.]com,malicious,2026-08-13
domain,socoliverr[.]cc,malicious,2026-08-13
domain,reset-game[.]net,malicious,2026-08-13
domain,socolive247[.]tv,malicious,2026-08-13
domain,xoilacttbd-worldcup2026[.]tv,malicious,2026-08-13
domain,90phuto[.]cc,malicious,2026-08-13
domain,xoilacvvh[.]cc,malicious,2026-08-13
domain,motifbio[.]com,malicious,2026-08-13
domain,dadjokes[.]me,malicious,2026-08-13
domain,agbellinternational[.]org,malicious,2026-08-13
domain,xoilacmd[.]com,malicious,2026-08-13
domain,xoilaczz100[.]live,malicious,2026-08-13
domain,rakhoiz98[.]live,malicious,2026-08-13
domain,thebalibaliestate[.]com,malicious,2026-08-13
domain,beach-rides[.]com,malicious,2026-08-13
domain,xoilaczig[.]tv,malicious,2026-08-13
domain,wealthinsight[.]com,malicious,2026-08-13
domain,xoilacvvs[.]cc,malicious,2026-08-13
domain,hexacore[.]io,malicious,2026-08-13
domain,rakhois[.]cc,malicious,2026-08-13
domain,ruinmemories[.]org,malicious,2026-08-13
domain,classroom-aid[.]com,malicious,2026-08-13
domain,vebozao[.]cc,malicious,2026-08-13
domain,xoilaczil[.]tv,malicious,2026-08-13
domain,alyle[.]io,malicious,2026-08-13
domain,rakhoizc[.]cc,malicious,2026-08-13
domain,90phutcd[.]tv,malicious,2026-08-13
domain,xoilac86z43[.]live,malicious,2026-08-13
domain,phillyartshow[.]com,malicious,2026-08-13
domain,socoliveqq[.]tv,malicious,2026-08-13
domain,cakhiazzzz[.]cc,malicious,2026-08-13
domain,xoilactp[.]com,malicious,2026-08-13
domain,rakhoivi[.]cc,malicious,2026-08-13
domain,xoilaccn[.]tv,malicious,2026-08-13
domain,justa[.]io,malicious,2026-08-13
domain,xoilaczc[.]mobi,malicious,2026-08-13
domain,chiangmaione[.]com,malicious,2026-08-13
domain,craftwoodclub[.]com,malicious,2026-08-13
domain,infinityglobal[.]io,malicious,2026-08-13
domain,xoilaclv[.]com,malicious,2026-08-13
domain,xoilacck[.]tv,malicious,2026-08-13
domain,socolivezzo[.]cc,malicious,2026-08-13
domain,90phutbk[.]cc,malicious,2026-08-13
domain,xoilac86[.]vip,malicious,2026-08-13
domain,xoilac86tv[.]co,malicious,2026-08-13
domain,xoilactiviz[.]cc,malicious,2026-08-13
domain,socolive[.]br[.]com,malicious,2026-08-13
domain,xoilackvd[.]tv,malicious,2026-08-13
domain,vaoroizzs[.]cc,malicious,2026-08-13
domain,cakhiah[.]cc,malicious,2026-08-13
domain,designerchairs24[.]com,malicious,2026-08-13
domain,citegreen[.]com,malicious,2026-08-13
domain,xoilacziu[.]tv,malicious,2026-08-13
domain,xoilacql[.]com,malicious,2026-08-13
domain,xoilaczzzzy[.]tv,malicious,2026-08-13
domain,90phutxxc[.]cc,malicious,2026-08-13
domain,90phutaf[.]cc,malicious,2026-08-13
domain,xoilaczty[.]tv,malicious,2026-08-13
domain,xoilac86vt[.]tv,malicious,2026-08-13
domain,xoilaczd[.]cc,malicious,2026-08-13
domain,xoilacg[.]com,malicious,2026-08-13
domain,pchart[.]net,malicious,2026-08-13
domain,xoilacvva[.]cc,malicious,2026-08-13
domain,xoilaczzzzk[.]tv,malicious,2026-08-13
domain,xoilac365c[.]cc,malicious,2026-08-13
domain,xoilacdm[.]com,malicious,2026-08-13
domain,xoilaczzuzz[.]tv,malicious,2026-08-13
domain,xoilacxxl[.]cc,malicious,2026-08-13
domain,xoilaclink-worldcup2026[.]tv,malicious,2026-08-13
domain,xoilac86z57[.]live,malicious,2026-08-13
domain,dengedenetleme[.]org,malicious,2026-08-13
domain,saniyapalace[.]in,malicious,2026-08-13
domain,uitns[.]net,malicious,2026-08-13
domain,xoilac247[.]net,malicious,2026-08-13
domain,cakhia58[.]net,malicious,2026-08-13
domain,xoilaclq[.]com,malicious,2026-08-13
domain,xoilac-tv1[.]biz,malicious,2026-08-13
domain,xoilac07[.]org,malicious,2026-08-13
domain,socolive-tv[.]space,malicious,2026-08-13
domain,worldcup55[.]com,malicious,2026-08-13
domain,worldcup3[.]com,malicious,2026-08-13
domain,worldcup09[.]com,malicious,2026-08-13
domain,worldcup4[.]com,malicious,2026-08-13
domain,worldcup66[.]com,malicious,2026-08-13
domain,fifa004[.]com,malicious,2026-08-13
domain,worldcup33[.]com,malicious,2026-08-13
domain,worldcup77[.]com,malicious,2026-08-13
domain,fifa006[.]com,malicious,2026-08-13
domain,worldcup03[.]com,malicious,2026-08-13
domain,worldcup222[.]com,malicious,2026-08-13
domain,fifa010[.]com,malicious,2026-08-13
domain,vsbet188[.]com,malicious,2026-08-13
domain,worldcup44[.]com,malicious,2026-08-13
domain,worldcup444[.]com,malicious,2026-08-13
domain,worldcup666[.]com,malicious,2026-08-13
domain,vsbet30[.]com,malicious,2026-08-13
domain,fifa002[.]com,malicious,2026-08-13
domain,worldcup05[.]com,malicious,2026-08-13
domain,worldcup555[.]com,malicious,2026-08-13
domain,fifa001[.]com,malicious,2026-08-13
domain,fifa008[.]com,malicious,2026-08-13
domain,worldcup02[.]com,malicious,2026-08-13
domain,worldcup07[.]com,malicious,2026-08-13
domain,fifa005[.]com,malicious,2026-08-13
domain,fifa009[.]com,malicious,2026-08-13
domain,fifa003[.]com,malicious,2026-08-13
domain,worldcup04[.]com,malicious,2026-08-13
domain,fifa02[.]com,malicious,2026-08-13
domain,fifa007[.]com,malicious,2026-08-13
domain,worldcup111[.]com,malicious,2026-08-13
domain,worldcup000[.]com,malicious,2026-08-13
domain,worldcup9[.]com,malicious,2026-08-13
domain,worldcup333[.]com,malicious,2026-08-13
domain,worldcup00[.]com,malicious,2026-08-13
domain,vs0010[.]com,malicious,2026-08-13
domain,vsbetcs[.]com,malicious,2026-08-13
domain,gavang33[.]live,malicious,2026-08-13
domain,justforlaughsdinnertheatre[.]com,malicious,2026-08-13
domain,ligue1[.]online,malicious,2026-08-13
domain,yeucaycanh[.]com,malicious,2026-08-13
domain,realcapital[.]io,malicious,2026-08-13
domain,shimauma-movie[.]com,malicious,2026-08-13
domain,littlepaperswans[.]com,malicious,2026-08-13
domain,conflictchamber[.]com,malicious,2026-08-13
domain,drnaheedparvez[.]in,malicious,2026-08-13
domain,soobsessedwith[.]com,malicious,2026-08-13
domain,loubon-restaurant[.]com,malicious,2026-08-13
domain,greenmeadowscarwash[.]com,malicious,2026-08-13
domain,pennyhill[.]com,malicious,2026-08-13
domain,pricelessjewels[.]org,malicious,2026-08-13
domain,bongdazz[.]com,malicious,2026-08-13
domain,tehranlive[.]org,malicious,2026-08-13
domain,caspianmedicalconcierge[.]com,malicious,2026-08-13
domain,woodandfaulk[.]com,malicious,2026-08-13
domain,romagnagazzette[.]com,malicious,2026-08-13
domain,hotelgolos[.]com,malicious,2026-08-13
domain,playchip[.]io,malicious,2026-08-13
domain,bageltimebakerycafe[.]com,malicious,2026-08-13
domain,tasteofmainline[.]com,malicious,2026-08-13
domain,peoplelife[.]io,malicious,2026-08-13
domain,elptoo[.]io,malicious,2026-08-13
domain,comicbookgalaxy[.]com,malicious,2026-08-13
domain,actuele-goudprijs[.]nl,malicious,2026-08-13
domain,unicodeemoticons[.]com,malicious,2026-08-13
domain,xoilacxyq[.]io,malicious,2026-08-13
domain,xoilaczzw[.]io,malicious,2026-08-13
domain,socoliveki[.]cc,malicious,2026-08-13
domain,xoilac360wc2026a[.]tv,malicious,2026-08-13
domain,cakhiatvg[.]com,malicious,2026-08-13
domain,xoilacxyy[.]io,malicious,2026-08-13
domain,xoilacxyr[.]io,malicious,2026-08-13
domain,xoilacttbdwc2026c[.]tv,malicious,2026-08-13
domain,creducation[.]org,malicious,2026-08-13
domain,unclewilliesbbq[.]com,malicious,2026-08-13
domain,xoilac86zt[.]tv,malicious,2026-08-13
domain,adventuretoysoakland[.]com,malicious,2026-08-13
domain,xoilaczzzzw[.]tv,malicious,2026-08-13
domain,pocketvote[.]io,malicious,2026-08-13
domain,manoalove[.]com,malicious,2026-08-13
domain,egatha[.]org,malicious,2026-08-13
domain,certificazioneenergeticaedifici[.]org,malicious,2026-08-13
domain,xoilacxyl[.]tv,malicious,2026-08-13
domain,orat[.]io,malicious,2026-08-13
domain,xoilackvf[.]tv,malicious,2026-08-13
domain,chinesehoroscopeshandbook[.]com,malicious,2026-08-13
domain,xoilachd-worldcup2026a[.]tv,malicious,2026-08-13
domain,sgreening[.]io,malicious,2026-08-13
domain,socolivenn[.]io,malicious,2026-08-13
domain,s2sprediction[.]net,malicious,2026-08-13
domain,smartypans[.]io,malicious,2026-08-13
domain,dovietkhoa[.]com,malicious,2026-08-13
domain,xoilac86z77[.]live,malicious,2026-08-13
domain,worldcup06[.]com,malicious,2026-08-13
domain,tregueux[.]org,malicious,2026-08-13
domain,xoilacz83[.]live,malicious,2026-08-13
domain,xoilactt[.]com,malicious,2026-08-13
domain,xoilactvbz[.]com,malicious,2026-08-13
domain,xoilaczq[.]net,malicious,2026-08-13
domain,xoilaczk[.]net,malicious,2026-08-13
domain,cakhiatvr[.]com,malicious,2026-08-13
domain,cakhiatvm[.]com,malicious,2026-08-13
domain,cakhiatvp[.]com,malicious,2026-08-13
domain,cakhiatvj[.]com,malicious,2026-08-13
domain,cakhiatvh[.]com,malicious,2026-08-13
domain,cakhiatvq[.]com,malicious,2026-08-13
domain,cakhiatvu[.]com,malicious,2026-08-13
domain,cakhiatvb[.]com,malicious,2026-08-13
domain,mitomtvy[.]cc,malicious,2026-08-13
domain,webmedcentral[.]com,malicious,2026-08-13
domain,90phutcy[.]tv,malicious,2026-08-13
domain,xoilac365xk[.]tv,malicious,2026-08-13
domain,debtbombshell[.]com,malicious,2026-08-13
domain,xoilac86ex[.]tv,malicious,2026-08-13
domain,socolivekw[.]cc,malicious,2026-08-13
domain,xoilacbongda-wc2026a[.]tv,malicious,2026-08-13
domain,xoilacxyb[.]io,malicious,2026-08-13
domain,xoilackvp[.]tv,malicious,2026-08-13
domain,socolivekm[.]cc,malicious,2026-08-13
domain,cakhia[.]agency,malicious,2026-08-13
domain,bongdalu[.]tips,malicious,2026-08-13
domain,speedevelopment[.]com,malicious,2026-08-13
domain,crispsaladco[.]com,malicious,2026-08-13
domain,socoliveko[.]cc,malicious,2026-08-13
domain,xoilacpkb[.]live,malicious,2026-08-13
domain,xoilac86x2[.]live,malicious,2026-08-13
domain,xoilac365z18[.]live,malicious,2026-08-13
domain,xoilaczyy[.]tv,malicious,2026-08-13
domain,rakhoiz5[.]live,malicious,2026-08-13
domain,cakhiaz41[.]live,malicious,2026-08-13
domain,xoilacz34[.]live,malicious,2026-08-13
domain,xoilac86z36[.]live,malicious,2026-08-13
domain,cakhiaz42[.]live,malicious,2026-08-13
domain,xoilac86z27[.]live,malicious,2026-08-13
domain,xoilac365z8[.]live,malicious,2026-08-13
domain,cakhiaz24[.]live,malicious,2026-08-13
domain,xoilaczvk[.]tv,malicious,2026-08-13
domain,xoilac365z19[.]live,malicious,2026-08-13
domain,xoilac86x4[.]live,malicious,2026-08-13
domain,xoilac86z37[.]live,malicious,2026-08-13
domain,xoilac86z17[.]live,malicious,2026-08-13
domain,xoilac86z19[.]live,malicious,2026-08-13
domain,cakhiaz56[.]live,malicious,2026-08-13
domain,90phutz20[.]live,malicious,2026-08-13
domain,xoilaczvm[.]tv,malicious,2026-08-13
domain,xoilac86z10[.]live,malicious,2026-08-13
domain,xoilaczrr[.]tv,malicious,2026-08-13
domain,lmgcorporate[.]com,malicious,2026-08-13
domain,xoilaczpp[.]tv,malicious,2026-08-13
domain,rakhoix5[.]live,malicious,2026-08-13
domain,90phutx3[.]live,malicious,2026-08-13
domain,cakhiaz55[.]live,malicious,2026-08-13
domain,xoilaczvp[.]tv,malicious,2026-08-13
domain,xoilac365z5[.]live,malicious,2026-08-13
domain,rakhoiz2[.]live,malicious,2026-08-13
domain,xoilac86x6[.]live,malicious,2026-08-13
domain,xoilac86z28[.]live,malicious,2026-08-13
domain,cakhiar[.]tv,malicious,2026-08-13
domain,90phutz18[.]live,malicious,2026-08-13
domain,cakhiaz43[.]live,malicious,2026-08-13
domain,cakhiaz30[.]live,malicious,2026-08-13
domain,90phutz19[.]live,malicious,2026-08-13
domain,xoilac86z33[.]live,malicious,2026-08-13
domain,xoilaczvr[.]tv,malicious,2026-08-13
domain,cakhiaz20[.]live,malicious,2026-08-13
domain,cakhiaz23[.]live,malicious,2026-08-13
domain,mitomvs[.]cc,malicious,2026-08-13
domain,mitomvm[.]cc,malicious,2026-08-13
domain,90phutx2[.]live,malicious,2026-08-13
domain,cakhiaz40[.]live,malicious,2026-08-13
domain,cakhiaz44[.]live,malicious,2026-08-13
domain,xoilac86z40[.]live,malicious,2026-08-13
domain,xoilac86z18[.]live,malicious,2026-08-13
domain,mitomtb[.]cc,malicious,2026-08-13
domain,xoilaciiw[.]cc,malicious,2026-08-13
domain,vebozab[.]cc,malicious,2026-08-13
domain,cakhiaaa[.]io,malicious,2026-08-13
domain,90phutaa[.]io,malicious,2026-08-13
domain,vebozac[.]cc,malicious,2026-08-13
domain,operationlastchance[.]org,malicious,2026-08-13
domain,cakhiazks[.]cc,malicious,2026-08-13
domain,healthymagination[.]com,malicious,2026-08-13
domain,cakhiatvi[.]com,malicious,2026-08-13
domain,secondnexus[.]com,malicious,2026-08-13
domain,cakhiazvf[.]tv,malicious,2026-08-13
domain,vebotvr[.]cc,malicious,2026-08-13
domain,xoilac86[.]vin,malicious,2026-08-13
domain,mitomtvm[.]cc,malicious,2026-08-13
domain,vaoroizzj[.]cc,malicious,2026-08-13
domain,mitommo[.]cc,malicious,2026-08-13
domain,vaoroizzu[.]cc,malicious,2026-08-13
domain,xoilacxyh[.]cc,malicious,2026-08-13
domain,lisjobnet[.]com,malicious,2026-08-13
domain,rakhoixl[.]cc,malicious,2026-08-13
domain,90phutze[.]tv,malicious,2026-08-13
domain,xoilaczzz[.]vin,malicious,2026-08-13
domain,247newsbulletin[.]news,malicious,2026-08-13
domain,90phutbb[.]io,malicious,2026-08-13
domain,peakperformer[.]io,malicious,2026-08-13
domain,puro[.]news,malicious,2026-08-13
domain,bankify[.]io,malicious,2026-08-13
domain,nicevintagethings[.]com,malicious,2026-08-13
domain,90phutzz[.]io,malicious,2026-08-13
domain,veboty[.]cc,malicious,2026-08-13
domain,socolivez2[.]live,malicious,2026-08-13
domain,cryptocrusades[.]io,malicious,2026-08-13
domain,xoilaczwwz[.]tv,malicious,2026-08-13
domain,socoliveff[.]io,malicious,2026-08-13
domain,rakhoiza[.]cc,malicious,2026-08-13
domain,xoilackvu[.]tv,malicious,2026-08-13
domain,xoilaczza[.]io,malicious,2026-08-13
domain,phisick[.]com,malicious,2026-08-13
domain,techgiftsforkids[.]com,malicious,2026-08-13
domain,shopdoc[.]vn,malicious,2026-08-13
domain,afripopmag[.]com,malicious,2026-08-13
domain,90phut-worldcup2026[.]com,malicious,2026-08-13
domain,vebozxc[.]cc,malicious,2026-08-13
domain,xoilaczqqz[.]tv,malicious,2026-08-13
domain,biznest[.]io,malicious,2026-08-13
domain,socolivekq[.]cc,malicious,2026-08-13
domain,mitomtq[.]cc,malicious,2026-08-13
domain,xoilactivi[.]cc,malicious,2026-08-13
domain,xoilaczzvv[.]tv,malicious,2026-08-13
domain,polkaholic[.]io,malicious,2026-08-13
domain,educateandcelebrate[.]org,malicious,2026-08-13
domain,cakecore[.]io,malicious,2026-08-13
domain,mtime[.]io,malicious,2026-08-13
domain,xoilac86[.]co,malicious,2026-08-13
domain,rakhoiwc2026a[.]tv,malicious,2026-08-13
domain,fashionincubator[.]in,malicious,2026-08-13
domain,xoilac365[.]asia,malicious,2026-08-13
domain,monote[.]io,malicious,2026-08-13
domain,feedbucket[.]io,malicious,2026-08-13
domain,xoilaczzf[.]com,malicious,2026-08-13
domain,mapscout[.]io,malicious,2026-08-13
domain,socolivekj[.]cc,malicious,2026-08-13
domain,misio[.]io,malicious,2026-08-13
domain,m3u-editor[.]com,malicious,2026-08-13
domain,pitmans[.]com,malicious,2026-08-13
domain,afcacia[.]io,malicious,2026-08-13
domain,hifi-archiv[.]info,malicious,2026-08-13
domain,hotbodz[.]com,malicious,2026-08-13
domain,myphamtocso1[.]com,malicious,2026-08-13
domain,esebertus[.]com,malicious,2026-08-13
domain,resumego[.]io,malicious,2026-08-13
domain,irpel[.]org,malicious,2026-08-13
domain,mezon[.]io,malicious,2026-08-13
domain,riheritagehalloffame[.]org,malicious,2026-08-13
domain,hearapp[.]io,malicious,2026-08-13
domain,kirikuylabruja[.]com,malicious,2026-08-13
domain,astronuts[.]io,malicious,2026-08-13
domain,simplesoftware[.]io,malicious,2026-08-13
domain,redway3d[.]com,malicious,2026-08-13
domain,smartrealty[.]io,malicious,2026-08-13
domain,augranddauphin[.]com,malicious,2026-08-13
domain,socolive-wc2026a[.]tv,malicious,2026-08-13
domain,mechalog[.]com,malicious,2026-08-13
domain,veriphi[.]io,malicious,2026-08-13
domain,greenops[.]io,malicious,2026-08-13
domain,cougarswap[.]io,malicious,2026-08-13
domain,basketballstarsunblocked[.]io,malicious,2026-08-13
domain,ebonytwist[.]com,malicious,2026-08-13
domain,theboolean[.]io,malicious,2026-08-13
domain,angelsfordogs[.]org,malicious,2026-08-13
domain,lacitedesartisans[.]com,malicious,2026-08-13
domain,pazodacultura[.]org,malicious,2026-08-13
domain,skyloungemallorca[.]com,malicious,2026-08-13
domain,happionlabs[.]com,malicious,2026-08-13
domain,lacavedemalo[.]com,malicious,2026-08-13
domain,badicecream[.]io,malicious,2026-08-13
domain,crecy[.]io,malicious,2026-08-13
domain,restaurant-clementine[.]com,malicious,2026-08-13
domain,kallisti[.]uk[.]com,malicious,2026-08-13
domain,restaurante-aizian[.]com,malicious,2026-08-13
domain,9813980[.]com,malicious,2026-08-13
domain,folsomprisonmuseum[.]org,malicious,2026-08-13
domain,thecuriouscreamery[.]com,malicious,2026-08-13
domain,musee-dezentral[.]com,malicious,2026-08-13
domain,chuckcooper[.]net,malicious,2026-08-13
domain,tvserviceparts[.]com,malicious,2026-08-13
domain,nhacvietplus[.]com[.]vn,malicious,2026-08-13
domain,xemlaibongda[.]net,malicious,2026-08-13
domain,hanoicookingcentre[.]com,malicious,2026-08-13
domain,thaistudents[.]com,malicious,2026-08-13
domain,autoredistrict[.]org,malicious,2026-08-13
domain,stascorp[.]com,malicious,2026-08-13
domain,pableaux[.]com,malicious,2026-08-13
domain,puresouthernrock[.]com,malicious,2026-08-13
domain,allaboutbasketball[.]us,malicious,2026-08-13
domain,saokexe[.]cc,malicious,2026-08-13
domain,workv[.]io,malicious,2026-08-13
domain,nbng[.]io,malicious,2026-08-13
domain,soukshop[.]com,malicious,2026-08-13
domain,mckinleyparkcenter[.]org,malicious,2026-08-13
domain,printablechecklist[.]org,malicious,2026-08-13
domain,animalabo[.]com,malicious,2026-08-13
domain,vebozzl[.]cc,malicious,2026-08-13
domain,ivylive[.]io,malicious,2026-08-13
domain,jonbirger[.]com,malicious,2026-08-13
domain,xoilaczp[.]mobi,malicious,2026-08-13
domain,dexwallet[.]io,malicious,2026-08-13
domain,xoilac247-affcup2026a[.]live,malicious,2026-08-13
domain,huntervalentine[.]com,malicious,2026-08-13
domain,digitvio[.]com,malicious,2026-08-13
domain,bloghubio[.]com,malicious,2026-08-13
domain,xoilacxx[.]io,malicious,2026-08-13
domain,xoilac86w[.]cc,malicious,2026-08-13
domain,mayview[.]org,malicious,2026-08-13
domain,rakhoiz18[.]live,malicious,2026-08-13
domain,mitommp[.]cc,malicious,2026-08-13
domain,auduboncounty[.]com,malicious,2026-08-13
domain,bridgereports[.]com,malicious,2026-08-13
domain,umeda-cypher[.]com,malicious,2026-08-13
domain,90phutpp[.]io,malicious,2026-08-13
domain,xoilac86eb[.]tv,malicious,2026-08-13
domain,antiracistusa[.]org,malicious,2026-08-13
domain,xoilaczzzkz[.]tv,malicious,2026-08-13
domain,vebozar[.]cc,malicious,2026-08-13
domain,cakhiazkw[.]cc,malicious,2026-08-13
domain,live365sport[.]tv,malicious,2026-08-13
domain,alfavitaminslab[.]com,malicious,2026-08-13
domain,gayatrihospitalambikapur[.]com,malicious,2026-08-13
domain,usernamegenerator[.]io,malicious,2026-08-13
domain,xoilac86k[.]cc,malicious,2026-08-13
domain,mycoachapp[.]io,malicious,2026-08-13
domain,veboz54[.]live,malicious,2026-08-13
domain,moksa[.]kitchen,malicious,2026-08-13
domain,starsnowicetx[.]com,malicious,2026-08-13
domain,socolive-affcup2026[.]live,malicious,2026-08-13
domain,xoilac365dd[.]cc,malicious,2026-08-13
domain,xoilac365w[.]cc,malicious,2026-08-13
domain,xoilac86t[.]tv,malicious,2026-08-13
domain,xoilaczd[.]mobi,malicious,2026-08-13
domain,getsava[.]com,malicious,2026-08-13
domain,exploreembedded[.]com,malicious,2026-08-13
domain,xoilackj[.]tv,malicious,2026-08-13
domain,90phutxv[.]cc,malicious,2026-08-13
domain,blanktexts[.]io,malicious,2026-08-13
domain,luongsontv88[.]net,malicious,2026-08-13
domain,unlaunch[.]io,malicious,2026-08-13
domain,nklcb[.]io,malicious,2026-08-13
domain,rakhoizd[.]cc,malicious,2026-08-13
domain,northstudio[.]io,malicious,2026-08-13
domain,quarsh[.]com,malicious,2026-08-13
domain,xoilac93[.]live,malicious,2026-08-13
domain,90phutcx[.]tv,malicious,2026-08-13
domain,xoilacce[.]tv,malicious,2026-08-13
domain,lamppoint[.]com,malicious,2026-08-13
domain,sportflowlivez[.]com,malicious,2026-08-13
domain,sportliveapiz[.]com,malicious,2026-08-13
domain,sportpulseapiz[.]com,malicious,2026-08-13
domain,qingzhiwumeng[.]cn,malicious,2026-08-13
domain,rakhoia[.]top,malicious,2026-08-13
domain,8xbetviet[.]cc,malicious,2026-08-13
domain,8xbetviet[.]live,malicious,2026-08-13
domain,8xbetviet[.]net,malicious,2026-08-13
domain,8xbetviet[.]tv,malicious,2026-08-13
domain,90phutb[.]top,malicious,2026-08-13
domain,90phutc[.]cc,malicious,2026-08-13
domain,90phutc[.]top,malicious,2026-08-13
domain,90phutd[.]top,malicious,2026-08-13
domain,90phute[.]top,malicious,2026-08-13
domain,90phutf[.]top,malicious,2026-08-13
domain,90phutg[.]top,malicious,2026-08-13
domain,90phuth[.]top,malicious,2026-08-13
domain,90phutk[.]top,malicious,2026-08-13
domain,90phutl[.]top,malicious,2026-08-13
domain,90phutn[.]top,malicious,2026-08-13
domain,90phuto[.]top,malicious,2026-08-13
domain,90phutp[.]top,malicious,2026-08-13
domain,90phutq[.]top,malicious,2026-08-13
domain,90phutr[.]top,malicious,2026-08-13
domain,90phuts[.]top,malicious,2026-08-13
domain,90phutt[.]top,malicious,2026-08-13
domain,90phutu[.]top,malicious,2026-08-13
domain,90phutv[.]top,malicious,2026-08-13
domain,90phutw[.]top,malicious,2026-08-13
domain,90phutx[.]top,malicious,2026-08-13
domain,90phuty[.]top,malicious,2026-08-13
domain,90phutz323[.]live,malicious,2026-08-13
domain,90phutz[.]live,malicious,2026-08-13
domain,90phutz[.]top,malicious,2026-08-13
domain,93phut[.]com,malicious,2026-08-13
domain,absorbframereasonform[.]com,malicious,2026-08-13
domain,airdrop-woo[.]com,malicious,2026-08-13
domain,alien303radar[.]com,malicious,2026-08-13
domain,allpartycycling[.]org,malicious,2026-08-13
domain,alvintoffler[.]net,malicious,2026-08-13
domain,amazingrevolutionnewtesto[.]com,malicious,2026-08-13
domain,americanpriority[.]com,malicious,2026-08-13
domain,aosldk[.]com,malicious,2026-08-13
domain,api-football[.]xyz,malicious,2026-08-13
domain,autocarloans[.]com[.]au,malicious,2026-08-13
domain,autohomeloans[.]com[.]au,malicious,2026-08-13
domain,autoloansgroup[.]com[.]au,malicious,2026-08-13
domain,awesomeelegantluxurylook[.]com,malicious,2026-08-13
domain,berkah88[.]wiki,malicious,2026-08-13
domain,bhhrg[.]org,malicious,2026-08-13
domain,blockupy[.]org,malicious,2026-08-13
domain,bongdainfo1[.]vip,malicious,2026-08-13
domain,book-of-ra-slot[.]casino,malicious,2026-08-13
domain,bullynewtech[.]com,malicious,2026-08-13
domain,bumihoki-fum[.]com,malicious,2026-08-13
domain,bumihokigif[.]com,malicious,2026-08-13
domain,bumihoki-ham[.]com,malicious,2026-08-13
domain,bumihokilau[.]com,malicious,2026-08-13
domain,bumihoki-max[.]com,malicious,2026-08-13
domain,bumihokiwin[.]com,malicious,2026-08-13
domain,bumihokiyal[.]com,malicious,2026-08-13
domain,bungalowentertainment[.]com,malicious,2026-08-13
domain,bungalowmediaent[.]com,malicious,2026-08-13
domain,bytebridgeai[.]co[.]za,malicious,2026-08-13
domain,cakhia1[.]vip,malicious,2026-08-13
domain,cakhia247[.]link,malicious,2026-08-13
domain,cakhia360[.]link,malicious,2026-08-13
domain,cakhia365v[.]tv,malicious,2026-08-13
domain,cakhia5[.]vip,malicious,2026-08-13
domain,cakhia[.]de,malicious,2026-08-13
domain,cakhia[.]eu,malicious,2026-08-13
domain,cakhiag[.]cc,malicious,2026-08-13
domain,cakhiak[.]cc,malicious,2026-08-13
domain,cakhiat[.]cc,malicious,2026-08-13
domain,cakhiau[.]cc,malicious,2026-08-13
domain,cakhiaz61[.]live,malicious,2026-08-13
domain,cakhiaz63[.]live,malicious,2026-08-13
domain,californiabiodieselalliance[.]org,malicious,2026-08-13
domain,case-in-copaci[.]ro,malicious,2026-08-13
domain,chaolong[.]tv,malicious,2026-08-13
domain,chaolua[.]net,malicious,2026-08-13
domain,clashapp[.]co,malicious,2026-08-13
domain,clupeidaes[.]com,malicious,2026-08-13
domain,cmost[.]org,malicious,2026-08-13
domain,communityitemworkshop[.]com,malicious,2026-08-13
domain,conservatoriopaganini[.]org,malicious,2026-08-13
domain,czipm[.]org,malicious,2026-08-13
domain,darkpetaccompanytap[.]com,malicious,2026-08-13
domain,darkwebz[.]com,malicious,2026-08-13
domain,dartingtoninc[.]com,malicious,2026-08-13
domain,desakami[.]biz[.]id,malicious,2026-08-13
domain,dewaslot88[.]net,malicious,2026-08-13
domain,digimezzo[.]com,malicious,2026-08-13
domain,dlgdn[.]xyz,malicious,2026-08-13
domain,dstdswy[.]com,malicious,2026-08-13
domain,ecaripiuw[.]my[.]id,malicious,2026-08-13
domain,embarquesseguroo[.]com,malicious,2026-08-13
domain,empireoutletsnyc[.]com,malicious,2026-08-13
domain,ezcomponents[.]org,malicious,2026-08-13
domain,factom[.]org,malicious,2026-08-13
domain,fcbarcelonaclan[.]com,malicious,2026-08-13
domain,findingtheperfectmatchtodate[.]com,malicious,2026-08-13
domain,fontmenu[.]com,malicious,2026-08-13
domain,francemag[.]com,malicious,2026-08-13
domain,frumpets[.]co,malicious,2026-08-13
domain,fungglobalretailtech[.]com,malicious,2026-08-13
domain,g20foundation[.]org,malicious,2026-08-13
domain,gemmajonathan[.]wedding,malicious,2026-08-13
domain,generation-identitaire[.]com,malicious,2026-08-13
domain,geography-lessons-5[.]us,malicious,2026-08-13
domain,getreel-getfish[.]com,malicious,2026-08-13
domain,ggcdncc29[.]shop,malicious,2026-08-13
domain,girlsrockcamp[.]org,malicious,2026-08-13
domain,globalinnovationexchange[.]org,malicious,2026-08-13
domain,globalresidencynow[.]biz,malicious,2026-08-13
domain,gmlkchp[.]com,malicious,2026-08-13
domain,golivenow71[.]com,malicious,2026-08-13
domain,growlerusa[.]com,malicious,2026-08-13
domain,hirokx[.]dev,malicious,2026-08-13
domain,hkglimited[.]com,malicious,2026-08-13
domain,infiniteconten[.]com,malicious,2026-08-13
domain,jbt[.]life,malicious,2026-08-13
domain,kingdoorsje[.]cf,malicious,2026-08-13
domain,lanuevavozlatina[.]com,malicious,2026-08-13
domain,lfastcdn[.]com,malicious,2026-08-13
domain,life-bag[.]ro,malicious,2026-08-13
domain,lightingfacts[.]com,malicious,2026-08-13
domain,localbanget[.]com,malicious,2026-08-13
domain,logosgrp[.]ru,malicious,2026-08-13
domain,lopigorna[.]info,malicious,2026-08-13
domain,lovefoodeat[.]com,malicious,2026-08-13
domain,lpkamamuju[.]com,malicious,2026-08-13
domain,luxuryrevolutionelegantglow[.]com,malicious,2026-08-13
domain,lviv-hydrogen[.]com,malicious,2026-08-13
domain,lviv-hydrogen[.]net,malicious,2026-08-13
domain,lviv-hydrogen[.]org,malicious,2026-08-13
domain,lyricreubenmu[.]cyou,malicious,2026-08-13
domain,main-com[.]com,malicious,2026-08-13
domain,masterslot88[.]online,malicious,2026-08-13
domain,megasloto-link[.]com,malicious,2026-08-13
domain,ministerhillcrushabruptdrive[.]cfd,malicious,2026-08-13
domain,mitom1[.]vip,malicious,2026-08-13
domain,mitom2[.]tv,malicious,2026-08-13
domain,mitom2[.]vip,malicious,2026-08-13
domain,mitoma[.]top,malicious,2026-08-13
domain,mitomb[.]top,malicious,2026-08-13
domain,mitomc[.]top,malicious,2026-08-13
domain,mitomd[.]top,malicious,2026-08-13
domain,mitome[.]top,malicious,2026-08-13
domain,mitomf[.]top,malicious,2026-08-13
domain,mitomg[.]top,malicious,2026-08-13
domain,mitomh[.]cc,malicious,2026-08-13
domain,mitomh[.]top,malicious,2026-08-13
domain,mitomi[.]top,malicious,2026-08-13
domain,mitomj[.]cc,malicious,2026-08-13
domain,mitomj[.]top,malicious,2026-08-13
domain,mitomk[.]top,malicious,2026-08-13
domain,mitoml[.]cc,malicious,2026-08-13
domain,mitoml[.]top,malicious,2026-08-13
domain,mitomn[.]top,malicious,2026-08-13
domain,mitomo[.]cc,malicious,2026-08-13
domain,mitomo[.]top,malicious,2026-08-13
domain,mitomp[.]top,malicious,2026-08-13
domain,mitomq[.]top,malicious,2026-08-13
domain,mitomr[.]top,malicious,2026-08-13
domain,mitoms[.]top,malicious,2026-08-13
domain,mitomt[.]top,malicious,2026-08-13
domain,mitomu[.]cc,malicious,2026-08-13
domain,mitomu[.]top,malicious,2026-08-13
domain,mitomv[.]top,malicious,2026-08-13
domain,mitomw[.]top,malicious,2026-08-13
domain,mitomx[.]top,malicious,2026-08-13
domain,mitomy[.]top,malicious,2026-08-13
domain,mitomz14[.]live,malicious,2026-08-13
domain,mitomz[.]top,malicious,2026-08-13
domain,mnuaeqt[.]com,malicious,2026-08-13
domain,movetocanadanowpro[.]biz,malicious,2026-08-13
domain,museum48[.]ru,malicious,2026-08-13
domain,nanamacsschweiz[.]com,malicious,2026-08-13
domain,nathan-strobl[.]org,malicious,2026-08-13
domain,nationalcorps[.]org,malicious,2026-08-13
domain,nayre[.]org,malicious,2026-08-13
domain,newelegantbeautythings[.]com,malicious,2026-08-13
domain,newrevolutionultratesto[.]com,malicious,2026-08-13
domain,nnocaminhocerto[.]com,malicious,2026-08-13
domain,normandiememoire[.]com,malicious,2026-08-13
domain,numero21[.]it,malicious,2026-08-13
domain,offendersfamilieshelpline[.]org,malicious,2026-08-13
domain,okverko-operts85[.]com,malicious,2026-08-13
domain,ourscreen[.]com,malicious,2026-08-13
domain,ozee[.]com,malicious,2026-08-13
domain,pabloiglesias[.]org,malicious,2026-08-13
domain,pacoteemtraansito[.]com,malicious,2026-08-13
domain,pattii[.]lv,malicious,2026-08-13
domain,pechu[.]uk,malicious,2026-08-13
domain,petfixclub[.]com,malicious,2026-08-13
domain,phapluatvn[.]tv,malicious,2026-08-13
domain,pichars[.]org,malicious,2026-08-13
domain,planetrammstein[.]com,malicious,2026-08-13
domain,plexlep334[.]us,malicious,2026-08-13
domain,pro2cdnlive[.]com,malicious,2026-08-13
domain,rakhoib[.]top,malicious,2026-08-13
domain,rakhoic[.]top,malicious,2026-08-13
domain,rakhoid[.]top,malicious,2026-08-13
domain,rakhoie[.]top,malicious,2026-08-13
domain,rakhoif[.]top,malicious,2026-08-13
domain,rakhoig[.]top,malicious,2026-08-13
domain,rakhoih[.]top,malicious,2026-08-13
domain,rakhoii[.]top,malicious,2026-08-13
domain,rakhoij[.]top,malicious,2026-08-13
domain,rakhoik[.]top,malicious,2026-08-13
domain,rakhoil[.]cc,malicious,2026-08-13
domain,rakhoil[.]top,malicious,2026-08-13
domain,rakhoin[.]top,malicious,2026-08-13
domain,rakhoio[.]cc,malicious,2026-08-13
domain,rakhoio[.]top,malicious,2026-08-13
domain,rakhoip[.]top,malicious,2026-08-13
domain,rakhoiq[.]top,malicious,2026-08-13
domain,rakhoir[.]top,malicious,2026-08-13
domain,rakhois[.]top,malicious,2026-08-13
domain,rakhoit[.]cc,malicious,2026-08-13
domain,rakhoit[.]top,malicious,2026-08-13
domain,rakhoiu[.]cc,malicious,2026-08-13
domain,rakhoiu[.]top,malicious,2026-08-13
domain,rakhoiv[.]top,malicious,2026-08-13
domain,rakhoiw[.]top,malicious,2026-08-13
domain,rakhoix[.]top,malicious,2026-08-13
domain,rakhoiy[.]top,malicious,2026-08-13
domain,rakhoiz21[.]live,malicious,2026-08-13
domain,rakhoiz[.]top,malicious,2026-08-13
domain,rauma[.]tv,malicious,2026-08-13
domain,raumatv[.]com,malicious,2026-08-13
domain,redecanais[.]foo,malicious,2026-08-13
domain,redecanaistv[.]foo,malicious,2026-08-13
domain,reformlajails[.]com,malicious,2026-08-13
domain,resurgentrepublic[.]com,malicious,2026-08-13
domain,revolutiontopbrilliantshape[.]com,malicious,2026-08-13
domain,rjseas[.]org,malicious,2026-08-13
domain,roadtripfinance[.]co[.]nz,malicious,2026-08-13
domain,ronde-lingons[.]fr,malicious,2026-08-13
domain,rosesfinefood[.]com,malicious,2026-08-13
domain,runningutility[.]com,malicious,2026-08-13
domain,sageclarabellepy[.]cyou,malicious,2026-08-13
domain,saigonz[.]tv,malicious,2026-08-13
domain,saltdeuga2025[.]com,malicious,2026-08-13
domain,shafahampers[.]com,malicious,2026-08-13
domain,socoliveii[.]cc,malicious,2026-08-13
domain,softwarestudies[.]com,malicious,2026-08-13
domain,soukareta[.]com,malicious,2026-08-13
domain,spencerburnett[.]com,malicious,2026-08-13
domain,sportbegeisterung[.]com,malicious,2026-08-13
domain,sportradarv1[.]com,malicious,2026-08-13
domain,starstormgames[.]com,malicious,2026-08-13
domain,stopmegacomcast[.]com,malicious,2026-08-13
domain,successrelevant[.]com,malicious,2026-08-13
domain,taliskerwhiskyatlanticchallenge[.]com,malicious,2026-08-13
domain,thetitlemag[.]com,malicious,2026-08-13
domain,tinitell[.]com,malicious,2026-08-13
domain,transporteinteligenttee[.]com,malicious,2026-08-13
domain,trilhadoffretee[.]com,malicious,2026-08-13
domain,ucreconomicforecast[.]org,malicious,2026-08-13
domain,under65tx[.]org,malicious,2026-08-13
domain,unfriendcoal[.]com,malicious,2026-08-13
domain,uptodates[.]site,malicious,2026-08-13
domain,vaoroia[.]top,malicious,2026-08-13
domain,vaoroib[.]top,malicious,2026-08-13
domain,vaoroic[.]top,malicious,2026-08-13
domain,vaoroid[.]top,malicious,2026-08-13
domain,vaoroie[.]top,malicious,2026-08-13
domain,vaoroif[.]top,malicious,2026-08-13
domain,vaoroig[.]top,malicious,2026-08-13
domain,vaoroih[.]top,malicious,2026-08-13
domain,vaoroii[.]top,malicious,2026-08-13
domain,vaoroij[.]top,malicious,2026-08-13
domain,vaoroik[.]top,malicious,2026-08-13
domain,vaoroil[.]top,malicious,2026-08-13
domain,vaoroin[.]top,malicious,2026-08-13
domain,vaoroio[.]top,malicious,2026-08-13
domain,vaoroip[.]top,malicious,2026-08-13
domain,vaoroiq[.]top,malicious,2026-08-13
domain,vaoroir[.]top,malicious,2026-08-13
domain,vaorois[.]top,malicious,2026-08-13
domain,vaoroit[.]top,malicious,2026-08-13
domain,vaoroiu[.]top,malicious,2026-08-13
domain,vaoroiv[.]top,malicious,2026-08-13
domain,vaoroiw[.]top,malicious,2026-08-13
domain,vaoroix[.]top,malicious,2026-08-13
domain,vaoroiz[.]top,malicious,2026-08-13
domain,veboa[.]top,malicious,2026-08-13
domain,vebob[.]top,malicious,2026-08-13
domain,veboc[.]top,malicious,2026-08-13
domain,vebod[.]top,malicious,2026-08-13
domain,veboe[.]top,malicious,2026-08-13
domain,vebog[.]top,malicious,2026-08-13
domain,veboh[.]top,malicious,2026-08-13
domain,veboi[.]top,malicious,2026-08-13
domain,veboj[.]top,malicious,2026-08-13
domain,vebok[.]top,malicious,2026-08-13
domain,ve-bo[.]live,malicious,2026-08-13
domain,vebol[.]top,malicious,2026-08-13
domain,vebon[.]top,malicious,2026-08-13
domain,veboo[.]top,malicious,2026-08-13
domain,vebop[.]top,malicious,2026-08-13
domain,vebor[.]top,malicious,2026-08-13
domain,vebos[.]top,malicious,2026-08-13
domain,vebot[.]live,malicious,2026-08-13
domain,vebot[.]top,malicious,2026-08-13
domain,vebou[.]top,malicious,2026-08-13
domain,vebov[.]top,malicious,2026-08-13
domain,vebow[.]top,malicious,2026-08-13
domain,veboy[.]top,malicious,2026-08-13
domain,veboz32[.]live,malicious,2026-08-13
domain,veboz34[.]live,malicious,2026-08-13
domain,veboz37[.]live,malicious,2026-08-13
domain,veboz[.]top,malicious,2026-08-13
domain,venus303-2024[.]shop,malicious,2026-08-13
domain,venus303gokil[.]com,malicious,2026-08-13
domain,venus303-menang[.]lol,malicious,2026-08-13
domain,viazul[.]com,malicious,2026-08-13
domain,viivijawagner[.]net,malicious,2026-08-13
domain,villabatuprivatepool[.]com,malicious,2026-08-13
domain,visa33-amp[.]xyz,malicious,2026-08-13
domain,visa33berkah[.]click,malicious,2026-08-13
domain,visa33-bonanza[.]click,malicious,2026-08-13
domain,visa33resmi7[.]shop,malicious,2026-08-13
domain,visa33resmi8[.]shop,malicious,2026-08-13
domain,visa33resmi9[.]shop,malicious,2026-08-13
domain,visa33resmi[.]com,malicious,2026-08-13
domain,vjxwpzwyhcxrteuavzn[.]shop,malicious,2026-08-13
domain,whats-dinner[.]com,malicious,2026-08-13
domain,winplatform[.]online,malicious,2026-08-13
domain,wotencore[.]net,malicious,2026-08-13
domain,wwkatana89[.]com,malicious,2026-08-13
domain,xien[.]tv,malicious,2026-08-13
domain,xoilac17[.]live,malicious,2026-08-13
domain,xoilac24h[.]tv,malicious,2026-08-13
domain,xoilac365[.]ai,malicious,2026-08-13
domain,xoilac365[.]app,malicious,2026-08-13
domain,xoilac365[.]buzz,malicious,2026-08-13
domain,xoilac365[.]ca,malicious,2026-08-13
domain,xoilac365c[.]tv,malicious,2026-08-13
domain,xoilac365[.]gg,malicious,2026-08-13
domain,xoilac365[.]in,malicious,2026-08-13
domain,xoilac365[.]it,malicious,2026-08-13
domain,xoilac365[.]life,malicious,2026-08-13
domain,xoilac365[.]link,malicious,2026-08-13
domain,xoilac365[.]ltd,malicious,2026-08-13
domain,xoilac365[.]one,malicious,2026-08-13
domain,xoilac365[.]today,malicious,2026-08-13
domain,xoilac365v[.]live,malicious,2026-08-13
domain,xoilac365[.]website,malicious,2026-08-13
domain,xoilac365z31[.]live,malicious,2026-08-13
domain,xoilac365z32[.]live,malicious,2026-08-13
domain,xoilac365z33[.]live,malicious,2026-08-13
domain,xoilac365z34[.]live,malicious,2026-08-13
domain,xoilac365z35[.]live,malicious,2026-08-13
domain,xoilac365z36[.]live,malicious,2026-08-13
domain,xoilac365z37[.]live,malicious,2026-08-13
domain,xoilac365z38[.]live,malicious,2026-08-13
domain,xoilac365z39[.]live,malicious,2026-08-13
domain,xoilac365z[.]live,malicious,2026-08-13
domain,xoilac86z46[.]live,malicious,2026-08-13
domain,xoilac86z48[.]live,malicious,2026-08-13
domain,xoilacchamtv[.]gg,malicious,2026-08-13
domain,xoilacxc[.]cc,malicious,2026-08-13
domain,xoilacx[.]com,malicious,2026-08-13
domain,xoilacxg[.]cc,malicious,2026-08-13
domain,xoilacxj[.]cc,malicious,2026-08-13
domain,xoilacxk[.]cc,malicious,2026-08-13
domain,xoilacxl[.]cc,malicious,2026-08-13
domain,xoilacxm[.]cc,malicious,2026-08-13
domain,xoilacxx[.]cc,malicious,2026-08-13
domain,xoilacxya[.]top,malicious,2026-08-13
domain,xoilacxyb[.]top,malicious,2026-08-13
domain,xoilacxy[.]cc,malicious,2026-08-13
domain,xoilacxyc[.]top,malicious,2026-08-13
domain,xoilacxye[.]top,malicious,2026-08-13
domain,xoilacxyf[.]top,malicious,2026-08-13
domain,xoilacxyg[.]top,malicious,2026-08-13
domain,xoilacxyh[.]top,malicious,2026-08-13
domain,xoilacxyi[.]top,malicious,2026-08-13
domain,xoilacxyj[.]top,malicious,2026-08-13
domain,xoilacxyk[.]top,malicious,2026-08-13
domain,xoilacxyl[.]top,malicious,2026-08-13
domain,xoilacxyn[.]top,malicious,2026-08-13
domain,xoilacxyo[.]top,malicious,2026-08-13
domain,xoilacxyp[.]top,malicious,2026-08-13
domain,xoilacxyr[.]top,malicious,2026-08-13
domain,xoilacxys[.]top,malicious,2026-08-13
domain,xoilacxyt[.]top,malicious,2026-08-13
domain,xoilacxyu[.]top,malicious,2026-08-13
domain,xoilacxyv[.]top,malicious,2026-08-13
domain,xoilacxyw[.]top,malicious,2026-08-13
domain,xoilacxyx[.]top,malicious,2026-08-13
domain,xoilacxyy[.]top,malicious,2026-08-13
domain,xoilacxyz[.]cc,malicious,2026-08-13
domain,xoilacxz[.]cc,malicious,2026-08-13
domain,xoilacz11[.]live,malicious,2026-08-13
domain,xoilacz[.]ai,malicious,2026-08-13
domain,xoilacz[.]ca,malicious,2026-08-13
domain,xoilacz[.]de,malicious,2026-08-13
domain,xoilaczik[.]tv,malicious,2026-08-13
domain,xoilaczio[.]tv,malicious,2026-08-13
domain,xoilacz[.]ph,malicious,2026-08-13
domain,xoilacz[.]vip,malicious,2026-08-13
domain,yepdone[.]app,malicious,2026-08-13
domain,zglancaj-avto[.]si,malicious,2026-08-13
domain,15romolo[.]com,malicious,2026-08-13
domain,1800-sports[.]com,malicious,2026-08-13
domain,365[.]quanlythietbitruonghoc[.]com,malicious,2026-08-13
domain,789bet-dang-nhap[.]cyou,malicious,2026-08-13
domain,90phut[.]asia,malicious,2026-08-13
domain,90phutm9[.]live,malicious,2026-08-13
domain,90phut[.]net,malicious,2026-08-13
domain,90phutxxi[.]cc,malicious,2026-08-13
domain,90phutxxl[.]cc,malicious,2026-08-13
domain,90phutxxm[.]cc,malicious,2026-08-13
domain,90phutxxo[.]cc,malicious,2026-08-13
domain,90phutxxp[.]cc,malicious,2026-08-13
domain,90phutxxq[.]cc,malicious,2026-08-13
domain,90phutxxr[.]cc,malicious,2026-08-13
domain,90phutxxt[.]cc,malicious,2026-08-13
domain,90phutz65[.]live,malicious,2026-08-13
domain,90ptv[.]tv,malicious,2026-08-13
domain,91phut3[.]tv,malicious,2026-08-13
domain,91phut[.]vip,malicious,2026-08-13
domain,93phut[.]net,malicious,2026-08-13
domain,achristmascarollive[.]com,malicious,2026-08-13
domain,activelivingbydesign[.]org,malicious,2026-08-13
domain,adaptretail[.]com,malicious,2026-08-13
domain,afroam[.]org,malicious,2026-08-13
domain,alexkeha[.]com,malicious,2026-08-13
domain,aliveinbaghdad[.]org,malicious,2026-08-13
domain,alliedprogress[.]org,malicious,2026-08-13
domain,allmediany[.]com,malicious,2026-08-13
domain,allonsaumarche[.]com,malicious,2026-08-13
domain,alma-de-cuba[.]com,malicious,2026-08-13
domain,aseaneconomist[.]com,malicious,2026-08-13
domain,azgop[.]org,malicious,2026-08-13
domain,banh88[.]top,malicious,2026-08-13
domain,banthang[.]uk,malicious,2026-08-13
domain,barleyjohns[.]com,malicious,2026-08-13
domain,begleyliving[.]com,malicious,2026-08-13
domain,belo[.]vn,malicious,2026-08-13
domain,benyagoda[.]com,malicious,2026-08-13
domain,berecycled[.]org,malicious,2026-08-13
domain,betbongda7d[.]com,malicious,2026-08-13
domain,betgoal247[.]com,malicious,2026-08-13
domain,betgoal7d[.]com,malicious,2026-08-13
domain,betgoalso[.]com,malicious,2026-08-13
domain,betsports24h[.]com,malicious,2026-08-13
domain,betthethao247[.]com,malicious,2026-08-13
domain,betthethao24h[.]com,malicious,2026-08-13
domain,betthethao365[.]com,malicious,2026-08-13
domain,bigcityswing[.]com,malicious,2026-08-13
domain,binhluan66[.]com,malicious,2026-08-13
domain,bioscholar[.]com,malicious,2026-08-13
domain,blackacrebrewing[.]com,malicious,2026-08-13
domain,blackbraziltoday[.]com,malicious,2026-08-13
domain,bliss-athome[.]com,malicious,2026-08-13
domain,bongdadata[.]com,malicious,2026-08-13
domain,bongdaon[.]com,malicious,2026-08-13
domain,bongda[.]rut[.]pm,malicious,2026-08-13
domain,bongdasite[.]com,malicious,2026-08-13
domain,bongdaso[.]agency,malicious,2026-08-13
domain,bongtrontv[.]live,malicious,2026-08-13
domain,bordersreorganization[.]com,malicious,2026-08-13
domain,boyzonenetwork[.]com,malicious,2026-08-13
domain,bucklebunnies[.]org,malicious,2026-08-13
domain,bundoo[.]com,malicious,2026-08-13
domain,bwinggate[.]com,malicious,2026-08-13
domain,c19hcc[.]org,malicious,2026-08-13
domain,cablemap[.]info,malicious,2026-08-13
domain,cacuocbongda[.]fun,malicious,2026-08-13
domain,cadobongda[.]club,malicious,2026-08-13
domain,cakhia35[.]com,malicious,2026-08-13
domain,cakhia365[.]tv,malicious,2026-08-13
domain,cakhia37[.]tv,malicious,2026-08-13
domain,cakhia7[.]vip,malicious,2026-08-13
domain,cakhiam7[.]live,malicious,2026-08-13
domain,cakhiatv7[.]com,malicious,2026-08-13
domain,cakhiazxb[.]cc,malicious,2026-08-13
domain,cakhiazxu[.]cc,malicious,2026-08-13
domain,cantab-lounge[.]com,malicious,2026-08-13
domain,cc-briance-combade[.]com,malicious,2026-08-13
domain,citidex[.]com,malicious,2026-08-13
domain,classicmoviefavorites[.]com,malicious,2026-08-13
domain,coastguardnews[.]com,malicious,2026-08-13
domain,concerned[.]tech,malicious,2026-08-13
domain,consocollaborative[.]com,malicious,2026-08-13
domain,cookiemag[.]com,malicious,2026-08-13
domain,covid19wbec[.]org,malicious,2026-08-13
domain,crystalsatcitycenter[.]com,malicious,2026-08-13
domain,cskbs[.]com,malicious,2026-08-13
domain,cuestione[.]com,malicious,2026-08-13
domain,deligallery[.]com,malicious,2026-08-13
domain,derbyshireuk[.]net,malicious,2026-08-13
domain,designsquish[.]com,malicious,2026-08-13
domain,doloresthemovie[.]com,malicious,2026-08-13
domain,drjudithreisman[.]com,malicious,2026-08-13
domain,eastloshigh[.]com,malicious,2026-08-13
domain,eatmikeys[.]com,malicious,2026-08-13
domain,ecoshiftconsulting[.]com,malicious,2026-08-13
domain,endcoal[.]org,malicious,2026-08-13
domain,entechtaiwan[.]net,malicious,2026-08-13
domain,eqmedicine[.]com,malicious,2026-08-13
domain,euro2024volunteers[.]com,malicious,2026-08-13
domain,f168live[.]vip,malicious,2026-08-13
domain,fansonline[.]net,malicious,2026-08-13
domain,farmcrowdy[.]com,malicious,2026-08-13
domain,farmedanddangerous[.]org,malicious,2026-08-13
domain,fb88so1[.]vip,malicious,2026-08-13
domain,federacionvenezolanadefutbol[.]org,malicious,2026-08-13
domain,felixdennisfoundation[.]com,malicious,2026-08-13
domain,ffsmusic[.]com,malicious,2026-08-13
domain,financialservicesforum[.]org,malicious,2026-08-13
domain,flavornapavalley[.]com,malicious,2026-08-13
domain,foodsov[.]org,malicious,2026-08-13
domain,foxartistic[.]com,malicious,2026-08-13
domain,freephotosbank[.]com,malicious,2026-08-13
domain,fumbaro[.]org,malicious,2026-08-13
domain,gameofthronesbr[.]com,malicious,2026-08-13
domain,geriallen[.]com,malicious,2026-08-13
domain,gezitter[.]org,malicious,2026-08-13
domain,glassbooth[.]org,malicious,2026-08-13
domain,grytics[.]com,malicious,2026-08-13
domain,guzelcilingir[.]com,malicious,2026-08-13
domain,happilyeveretched[.]com,malicious,2026-08-13
domain,harvardarabalumni[.]org,malicious,2026-08-13
domain,hbcurising[.]com,malicious,2026-08-13
domain,hechoendumbo[.]com,malicious,2026-08-13
domain,hoiyeubongda[.]com,malicious,2026-08-13
domain,hoiyeubongda[.]muasi[.]net,malicious,2026-08-13
domain,i64656c6967616c6c657279o636f6dz[.]oszar[.]com,malicious,2026-08-13
domain,i6661726d63726f776479o636f6dz[.]oszar[.]com,malicious,2026-08-13
domain,i67657269616c6c656eo636f6dz[.]oszar[.]com,malicious,2026-08-13
domain,i6d697373696f6e626f78o636f6dz[.]oszar[.]com,malicious,2026-08-13
domain,ibrarian[.]net,malicious,2026-08-13
domain,icenetwork[.]com,malicious,2026-08-13
domain,ihst[.]org,malicious,2026-08-13
domain,ijmed[.]org,malicious,2026-08-13
domain,independentmass[.]org,malicious,2026-08-13
domain,industrystandardny[.]com,malicious,2026-08-13
domain,ineer[.]org,malicious,2026-08-13
domain,infolatam[.]com,malicious,2026-08-13
domain,iot[.]ttu[.]edu[.]tw,malicious,2026-08-13
domain,iraqwarlogs[.]com,malicious,2026-08-13
domain,izidore[.]com,malicious,2026-08-13
domain,jackandjillpolitics[.]com,malicious,2026-08-13
domain,japanthis[.]com,malicious,2026-08-13
domain,javvin[.]com,malicious,2026-08-13
domain,jeffknupp[.]com,malicious,2026-08-13
domain,jkglei[.]com,malicious,2026-08-13
domain,jobsage[.]com,malicious,2026-08-13
domain,k9webprotection[.]com,malicious,2026-08-13
domain,kehlanimusic[.]com,malicious,2026-08-13
domain,keonhacai1[.]club,malicious,2026-08-13
domain,keonhacai5[.]agency,malicious,2026-08-13
domain,keonhacai5[.]black,malicious,2026-08-13
domain,keonhacaiz[.]cc,malicious,2026-08-13
domain,keonhacaiz[.]co,malicious,2026-08-13
domain,keonhacaiz[.]io,malicious,2026-08-13
domain,keonhacaiz[.]vip,malicious,2026-08-13
domain,keoso[.]co,malicious,2026-08-13
domain,keoso[.]me,malicious,2026-08-13
domain,keoso[.]vip,malicious,2026-08-13
domain,keotot[.]co,malicious,2026-08-13
domain,keotot[.]vip,malicious,2026-08-13
domain,kredi26[.]com,malicious,2026-08-13
domain,kubet777[.]space,malicious,2026-08-13
domain,kvnonews[.]com,malicious,2026-08-13
domain,lastreetfoodfest[.]com,malicious,2026-08-13
domain,laurasianacademy[.]com,malicious,2026-08-13
domain,lebanondailyrecord[.]com,malicious,2026-08-13
domain,livelikevr[.]com,malicious,2026-08-13
domain,loradicarlo[.]com,malicious,2026-08-13
domain,lostlaketiki[.]com,malicious,2026-08-13
domain,lyrics007[.]com,malicious,2026-08-13
domain,mangoinfo[.]net,malicious,2026-08-13
domain,mapper[.]terra-drone[.]net,malicious,2026-08-13
domain,missingpetpartnership[.]org,malicious,2026-08-13
domain,mitom10[.]tv,malicious,2026-08-13
domain,mi-tom[.]com,malicious,2026-08-13
domain,mitomf[.]tv,malicious,2026-08-13
domain,mobilehtml5[.]org,malicious,2026-08-13
domain,munskin[.]com,malicious,2026-08-13
domain,musicanddealers[.]com,malicious,2026-08-13
domain,myheatworks[.]com,malicious,2026-08-13
domain,mywholefoodlife[.]com,malicious,2026-08-13
domain,navigenics[.]com,malicious,2026-08-13
domain,nobeijing2022[.]org,malicious,2026-08-13
domain,nusi[.]org,malicious,2026-08-13
domain,nutricionhospitalaria[.]com,malicious,2026-08-13
domain,onefifthhouston[.]com,malicious,2026-08-13
domain,opendatafrance[.]net,malicious,2026-08-13
domain,openrdf[.]org,malicious,2026-08-13
domain,ovimagazine[.]com,malicious,2026-08-13
domain,pageresource[.]com,malicious,2026-08-13
domain,palemale[.]com,malicious,2026-08-13
domain,pausewellaging[.]com,malicious,2026-08-13
domain,photovillenyc[.]org,malicious,2026-08-13
domain,planetbasedfoods[.]com,malicious,2026-08-13
domain,portbrewing[.]com,malicious,2026-08-13
domain,privateci[.]org,malicious,2026-08-13
domain,publicartinla[.]com,malicious,2026-08-13
domain,qtrax[.]com,malicious,2026-08-13
domain,rakhoi[.]onesportk8s[.]com,malicious,2026-08-13
domain,rakhoiz[.]com,malicious,2026-08-13
domain,retailbum[.]com,malicious,2026-08-13
domain,sadebaron[.]com,malicious,2026-08-13
domain,saigontv[.]net,malicious,2026-08-13
domain,samoacookhouse[.]net,malicious,2026-08-13
domain,schooldisciplinedata[.]org,malicious,2026-08-13
domain,seltzerland[.]com,malicious,2026-08-13
domain,serialoptimist[.]com,malicious,2026-08-13
domain,sffcc[.]org,malicious,2026-08-13
domain,shakespeare-w[.]com,malicious,2026-08-13
domain,shaneblackphoto[.]com,malicious,2026-08-13
domain,sh-riraku30[.]xyz,malicious,2026-08-13
domain,skinfive[.]com,malicious,2026-08-13
domain,smalltimes[.]com,malicious,2026-08-13
domain,smckids[.]com,malicious,2026-08-13
domain,snltheexhibition[.]com,malicious,2026-08-13
domain,socolive17[.]tv,malicious,2026-08-13
domain,socolive2[.]net,malicious,2026-08-13
domain,soikeotv[.]club,malicious,2026-08-13
domain,soikeotv[.]info,malicious,2026-08-13
domain,soikeotv[.]site,malicious,2026-08-13
domain,soikeotv[.]vip,malicious,2026-08-13
domain,soikeo[.]win,malicious,2026-08-13
domain,stopstonningnow[.]com,malicious,2026-08-13
domain,sudaneseprofessionals[.]org,malicious,2026-08-13
domain,teatroateatro[.]com,malicious,2026-08-13
domain,thecarving-board[.]com,malicious,2026-08-13
domain,theconfidencecode[.]com,malicious,2026-08-13
domain,theglasslands[.]com,malicious,2026-08-13
domain,theicec[.]com,malicious,2026-08-13
domain,theleftcoaster[.]com,malicious,2026-08-13
domain,thelitupshow[.]com,malicious,2026-08-13
domain,thelookoutedinburgh[.]co,malicious,2026-08-13
domain,themetapicture[.]com,malicious,2026-08-13
domain,thepilcrowpub[.]com,malicious,2026-08-13
domain,thisbarsaveslives[.]com,malicious,2026-08-13
domain,tieplua[.]trongtamtay[.]com,malicious,2026-08-13
domain,tieplua[.]tv,malicious,2026-08-13
domain,tk88vn[.]top,malicious,2026-08-13
domain,todaysmeet[.]com,malicious,2026-08-13
domain,torobravopdx[.]com,malicious,2026-08-13
domain,tv[.]trachanhtv[.]com,malicious,2026-08-13
domain,ukscn[.]org,malicious,2026-08-13
domain,uncommonthought[.]com,malicious,2026-08-13
domain,unmanned-ship[.]org,malicious,2026-08-13
domain,unpublishedzine[.]com,malicious,2026-08-13
domain,unroadsafetyweek[.]org,malicious,2026-08-13
domain,upanh[.]com,malicious,2026-08-13
domain,uscoles[.]com,malicious,2026-08-13
domain,vaccinaid[.]org,malicious,2026-08-13
domain,vebo4[.]live,malicious,2026-08-13
domain,vebo6[.]com,malicious,2026-08-13
domain,vebobd[.]live,malicious,2026-08-13
domain,vebo[.]live,malicious,2026-08-13
domain,vebo[.]top,malicious,2026-08-13
domain,veboz62[.]live,malicious,2026-08-13
domain,verminsupreme[.]com,malicious,2026-08-13
domain,viseyes[.]org,malicious,2026-08-13
domain,wegotserved[.]com,malicious,2026-08-13
domain,whoisleonardpeltier[.]info,malicious,2026-08-13
domain,wisdomly[.]net,malicious,2026-08-13
domain,wngd[.]org,malicious,2026-08-13
domain,workpop[.]com,malicious,2026-08-13
domain,worldat1c[.]org,malicious,2026-08-13
domain,xcz01[.]live,malicious,2026-08-13
domain,xcz04[.]live,malicious,2026-08-13
domain,xcz05[.]live,malicious,2026-08-13
domain,xembd3[.]vebo[.]live,malicious,2026-08-13
domain,xembd[.]vebo[.]live,malicious,2026-08-13
domain,xembongdaz[.]site,malicious,2026-08-13
domain,xembongdaz[.]xyz,malicious,2026-08-13
domain,xembongtt[.]onl,malicious,2026-08-13
domain,xemdabanh3[.]net,malicious,2026-08-13
domain,xemdabanhhd[.]com,malicious,2026-08-13
domain,xl365[.]api-football[.]xyz,malicious,2026-08-13
domain,xoilac10[.]tv,malicious,2026-08-13
domain,xoilac14[.]tv,malicious,2026-08-13
domain,xoilac22[.]tv,malicious,2026-08-13
domain,xoilac24[.]tv,malicious,2026-08-13
domain,xoilac26[.]live,malicious,2026-08-13
domain,xoilac2[.]com,malicious,2026-08-13
domain,xoilac2[.]net,malicious,2026-08-13
domain,xoilac30[.]tv,malicious,2026-08-13
domain,xoilac31[.]tv,malicious,2026-08-13
domain,xoilac35[.]tv,malicious,2026-08-13
domain,xoilac365cc[.]cc,malicious,2026-08-13
domain,xoilac365k[.]cc,malicious,2026-08-13
domain,xoilac365p[.]cc,malicious,2026-08-13
domain,xoilac365z65[.]live,malicious,2026-08-13
domain,xoilac36[.]tv,malicious,2026-08-13
domain,xoilac50[.]tv,malicious,2026-08-13
domain,xoilac56[.]tv,malicious,2026-08-13
domain,xoilac58[.]tv,malicious,2026-08-13
domain,xoilac86kk[.]tv,malicious,2026-08-13
domain,xoilac91[.]tv,malicious,2026-08-13
domain,xoilac96[.]net,malicious,2026-08-13
domain,xoilac[.]info,malicious,2026-08-13
domain,xoilactv10[.]com,malicious,2026-08-13
domain,xoilactv5[.]org,malicious,2026-08-13
domain,xoilaczi8[.]live,malicious,2026-08-13
domain,xoilacz[.]net,malicious,2026-08-13
domain,xoilaczq[.]tv,malicious,2026-08-13
domain,xoilaczz[.]net,malicious,2026-08-13
domain,xoilaczzqzz[.]tv,malicious,2026-08-13
domain,xoilaczzxzz[.]tv,malicious,2026-08-13
domain,xoilaczzzt[.]tv,malicious,2026-08-13
domain,ycmc[.]com,malicious,2026-08-13
domain,yumsugar[.]com,malicious,2026-08-13
domain,zeldinforcongress[.]com,malicious,2026-08-13
domain,zerodivide[.]org,malicious,2026-08-13
domain,zerozerosf[.]com,malicious,2026-08-13
domain,zooppa[.]com,malicious,2026-08-13
domain,123football[.]com,malicious,2026-08-13
domain,90p[.]co,malicious,2026-08-13
domain,90phutxxd[.]cc,malicious,2026-08-13
domain,90phutz74[.]live,malicious,2026-08-13
domain,90phutz76[.]live,malicious,2026-08-13
domain,90phutz80[.]live,malicious,2026-08-13
domain,90ptv[.]vip,malicious,2026-08-13
domain,90p[.]vip,malicious,2026-08-13
domain,91phuttv[.]com,malicious,2026-08-13
domain,91phuttv[.]tv,malicious,2026-08-13
domain,91phutz[.]tv,malicious,2026-08-13
domain,91p[.]net,malicious,2026-08-13
domain,91p[.]tv,malicious,2026-08-13
domain,acta-acustica-united-with-acustica[.]com,malicious,2026-08-13
domain,actiontrip[.]com,malicious,2026-08-13
domain,aditedtech[.]com,malicious,2026-08-13
domain,ahalife[.]com,malicious,2026-08-13
domain,alexmaclean[.]com,malicious,2026-08-13
domain,anniemacpresents[.]com,malicious,2026-08-13
domain,asfhvbdxghjdrewyh87[.]vip,malicious,2026-08-13
domain,axisphilly[.]org,malicious,2026-08-13
domain,banhmi[.]tv,malicious,2026-08-13
domain,barbancourt[.]net,malicious,2026-08-13
domain,barlouieamerica[.]com,malicious,2026-08-13
domain,bashrcgenerator[.]com,malicious,2026-08-13
domain,bigapplebbq[.]org,malicious,2026-08-13
domain,braigolabs[.]com,malicious,2026-08-13
domain,broadcasting-history[.]com,malicious,2026-08-13
domain,broadcast-live[.]com,malicious,2026-08-13
domain,bulgaria-france[.]net,malicious,2026-08-13
domain,byte[.]co,malicious,2026-08-13
domain,cakhia10[.]net,malicious,2026-08-13
domain,cakhia18[.]net,malicious,2026-08-13
domain,cakhia21[.]net,malicious,2026-08-13
domain,cakhia6[.]com,malicious,2026-08-13
domain,cakhia7[.]net,malicious,2026-08-13
domain,cakhia9[.]net,malicious,2026-08-13
domain,cakhiam1[.]live,malicious,2026-08-13
domain,cakhiam2[.]live,malicious,2026-08-13
domain,candy-crush[.]io,malicious,2026-08-13
domain,carbon-clear[.]com,malicious,2026-08-13
domain,cdn[.]foxbghsuit[.]com,malicious,2026-08-13
domain,cdn[.]nationofbillions[.]com,malicious,2026-08-13
domain,cdn[.]xoilacz69[.]live,malicious,2026-08-13
domain,cdn[.]xoilaczh[.]cc,malicious,2026-08-13
domain,cdn[.]xoilaczp[.]top,malicious,2026-08-13
domain,cdn[.]xoilaczxh[.]tv,malicious,2026-08-13
domain,cdn[.]xoilaczz52[.]live,malicious,2026-08-13
domain,cdn[.]xoilaczzx[.]tv,malicious,2026-08-13
domain,cdn[.]xoilaczzz[.]cc,malicious,2026-08-13
domain,cecinfo[.]org,malicious,2026-08-13
domain,channel-korea[.]com,malicious,2026-08-13
domain,chaolongtv[.]com,malicious,2026-08-13
domain,coastmariner[.]com,malicious,2026-08-13
domain,conservativebeaver[.]com,malicious,2026-08-13
domain,conservativepartyconference[.]com,malicious,2026-08-13
domain,dansimmons[.]com,malicious,2026-08-13
domain,dealzon[.]com,malicious,2026-08-13
domain,deanforamerica[.]com,malicious,2026-08-13
domain,drishtipat[.]org,malicious,2026-08-13
domain,erinbromage[.]com,malicious,2026-08-13
domain,eteladnan[.]com,malicious,2026-08-13
domain,etellekt[.]com,malicious,2026-08-13
domain,fb88so1[.]com,malicious,2026-08-13
domain,feelcove[.]com,malicious,2026-08-13
domain,fora[.]tv,malicious,2026-08-13
domain,foxbghsuit[.]com,malicious,2026-08-13
domain,frankievskitchen[.]com,malicious,2026-08-13
domain,getnorth2018[.]com,malicious,2026-08-13
domain,gocarrots[.]org,malicious,2026-08-13
domain,haescommunity[.]com,malicious,2026-08-13
domain,hamweather[.]com,malicious,2026-08-13
domain,helio-international[.]org,malicious,2026-08-13
domain,houseofbeautyworld[.]com,malicious,2026-08-13
domain,huffingtonpost[.]tn,malicious,2026-08-13
domain,huffpostmaghreb[.]com,malicious,2026-08-13
domain,i62617262616e636f757274o6e6574z[.]oszar[.]com,malicious,2026-08-13
domain,i696272617269616eo6e6574z[.]oszar[.]com,malicious,2026-08-13
domain,i79636d63o636f6dz[.]oszar[.]com,malicious,2026-08-13
domain,ichozee[.]github[.]io,malicious,2026-08-13
domain,inc-asean[.]com,malicious,2026-08-13
domain,info-svc[.]com,malicious,2026-08-13
domain,intelltheory[.]com,malicious,2026-08-13
domain,justlikemebox[.]com,malicious,2026-08-13
domain,jveuxetrebonne[.]com,malicious,2026-08-13
domain,keonhacai[.]ai,malicious,2026-08-13
domain,keonhacai[.]bike,malicious,2026-08-13
domain,keoso[.]net,malicious,2026-08-13
domain,keoso[.]tv,malicious,2026-08-13
domain,lindipendenza[.]com,malicious,2026-08-13
domain,linkagogo[.]com,malicious,2026-08-13
domain,lutheransonline[.]com,malicious,2026-08-13
domain,marawilsonwritesstuff[.]com,malicious,2026-08-13
domain,maskmagazine[.]com,malicious,2026-08-13
domain,mebongda[.]vn,malicious,2026-08-13
domain,meettheauthor[.]com,malicious,2026-08-13
domain,mequedouno[.]com,malicious,2026-08-13
domain,mirayobysantana[.]com,malicious,2026-08-13
domain,missionbox[.]com,malicious,2026-08-13
domain,mitom12[.]live,malicious,2026-08-13
domain,mitom1[.]net,malicious,2026-08-13
domain,mitom9[.]net,malicious,2026-08-13
domain,mitom[.]net,malicious,2026-08-13
domain,mythicalcreaturesguide[.]com,malicious,2026-08-13
domain,navidadessorprendentes[.]com,malicious,2026-08-13
domain,neat-burger[.]com,malicious,2026-08-13
domain,newmeaccelerator[.]com,malicious,2026-08-13
domain,newsmavens[.]com,malicious,2026-08-13
domain,nigerianbestforum[.]com,malicious,2026-08-13
domain,nobumatsuhisa[.]com,malicious,2026-08-13
domain,northshoreoutlook[.]com,malicious,2026-08-13
domain,pdfslide[.]net,malicious,2026-08-13
domain,progressivefix[.]com,malicious,2026-08-13
domain,proudgreenhome[.]com,malicious,2026-08-13
domain,pueblosinfronteras[.]org,malicious,2026-08-13
domain,quick-counter[.]net,malicious,2026-08-13
domain,qwethe38dfhgfnjhis[.]vip,malicious,2026-08-13
domain,rakhoi[.]bio,malicious,2026-08-13
domain,rakhoiz48[.]live,malicious,2026-08-13
domain,rakhoiz51[.]live,malicious,2026-08-13
domain,rally-america[.]com,malicious,2026-08-13
domain,ramapoughlenapenation[.]org,malicious,2026-08-13
domain,ramhaiti[.]com,malicious,2026-08-13
domain,russianbooker[.]org,malicious,2026-08-13
domain,safetravelsmagazine[.]com,malicious,2026-08-13
domain,saigon-gpdaily[.]com[.]vn,malicious,2026-08-13
domain,screen[.]bid,malicious,2026-08-13
domain,sharepointna[.]com,malicious,2026-08-13
domain,sheckys[.]com,malicious,2026-08-13
domain,sheilakuehl[.]com,malicious,2026-08-13
domain,socolivevn[.]tv,malicious,2026-08-13
domain,socolivez[.]live,malicious,2026-08-13
domain,socotv[.]live,malicious,2026-08-13
domain,socotv[.]net,malicious,2026-08-13
domain,soikeotv[.]net,malicious,2026-08-13
domain,spbsoftwarehouse[.]com,malicious,2026-08-13
domain,statedatalab[.]org,malicious,2026-08-13
domain,stuarthsmith[.]com,malicious,2026-08-13
domain,supervisorkuehl[.]com,malicious,2026-08-13
domain,tammao[.]tv,malicious,2026-08-13
domain,tekdeeps[.]com,malicious,2026-08-13
domain,thechainlink[.]org,malicious,2026-08-13
domain,thechinabeat[.]org,malicious,2026-08-13
domain,theouthousers[.]com,malicious,2026-08-13
domain,thetruthwins[.]com,malicious,2026-08-13
domain,thugian[.]com[.]vn,malicious,2026-08-13
domain,tippingcowicecream[.]com,malicious,2026-08-13
domain,tk88betvncom[.]tk88vn[.]top,malicious,2026-08-13
domain,tonightshowwithconanobrien[.]com,malicious,2026-08-13
domain,tourist-information-uk[.]com,malicious,2026-08-13
domain,trafficgenerationcafe[.]com,malicious,2026-08-13
domain,tructiepdabong[.]tv,malicious,2026-08-13
domain,truecenterpublishing[.]com,malicious,2026-08-13
domain,ttbd[.]live,malicious,2026-08-13
domain,under[.]me,malicious,2026-08-13
domain,usernpkve[.]com,malicious,2026-08-13
domain,vaoroi3[.]com,malicious,2026-08-13
domain,vebo10[.]net,malicious,2026-08-13
domain,vebo11[.]net,malicious,2026-08-13
domain,vebo12[.]com,malicious,2026-08-13
domain,vebo13[.]net,malicious,2026-08-13
domain,vebo14[.]com,malicious,2026-08-13
domain,vebo14[.]net,malicious,2026-08-13
domain,vebo1[.]net,malicious,2026-08-13
domain,vebo5[.]live,malicious,2026-08-13
domain,vebo5[.]net,malicious,2026-08-13
domain,vebo5[.]tv,malicious,2026-08-13
domain,vebov[.]tv,malicious,2026-08-13
domain,veboz64[.]live,malicious,2026-08-13
domain,veboz66[.]live,malicious,2026-08-13
domain,veinteractive[.]com,malicious,2026-08-13
domain,victorypolicemotorcycles[.]com,malicious,2026-08-13
domain,visithullandeastyorkshire[.]com,malicious,2026-08-13
domain,wearyourvoicemag[.]com,malicious,2026-08-13
domain,wezzoo[.]com,malicious,2026-08-13
domain,wildjordan[.]com,malicious,2026-08-13
domain,wolfpatrol[.]org,malicious,2026-08-13
domain,xembd2[.]vebo[.]live,malicious,2026-08-13
domain,xoilac12[.]tv,malicious,2026-08-13
domain,xoilac20[.]tv,malicious,2026-08-13
domain,xoilac247[.]tv,malicious,2026-08-13
domain,xoilac24[.]net,malicious,2026-08-13
domain,xoilac28[.]tv,malicious,2026-08-13
domain,xoilac29[.]live,malicious,2026-08-13
domain,xoilac2[.]tv,malicious,2026-08-13
domain,xoilac34[.]tv,malicious,2026-08-13
domain,xoilac365e[.]tv,malicious,2026-08-13
domain,xoilac365g[.]cc,malicious,2026-08-13
domain,xoilac365[.]tv,malicious,2026-08-13
domain,xoilac365tv[.]site,malicious,2026-08-13
domain,xoilac365xx[.]cc,malicious,2026-08-13
domain,xoilac36[.]com,malicious,2026-08-13
domain,xoilac3[.]com,malicious,2026-08-13
domain,xoilac3[.]net,malicious,2026-08-13
domain,xoilac47[.]tv,malicious,2026-08-13
domain,xoilac49[.]tv,malicious,2026-08-13
domain,xoilac5[.]live,malicious,2026-08-13
domain,xoilac60[.]tv,malicious,2026-08-13
domain,xoilac61[.]tv,malicious,2026-08-13
domain,xoilac65[.]tv,malicious,2026-08-13
domain,xoilac6[.]com,malicious,2026-08-13
domain,xoilac6[.]net,malicious,2026-08-13
domain,xoilac6[.]tv,malicious,2026-08-13
domain,xoilac78[.]tv,malicious,2026-08-13
domain,xoilac81[.]tv,malicious,2026-08-13
domain,xoilac8[.]tv,malicious,2026-08-13
domain,xoilac8[.]vip,malicious,2026-08-13
domain,xoilac[.]co,malicious,2026-08-13
domain,xoi-lac[.]com,malicious,2026-08-13
domain,xoilacm[.]tv,malicious,2026-08-13
domain,xoilacn[.]com,malicious,2026-08-13
domain,xoilacn[.]net,malicious,2026-08-13
domain,xoilac[.]org,malicious,2026-08-13
domain,xoilactv[.]ltd,malicious,2026-08-13
domain,xoilac-tv[.]net,malicious,2026-08-13
domain,xoilac-tv[.]tv,malicious,2026-08-13
domain,xoilac-tv[.]vip,malicious,2026-08-13
domain,xoilacviet[.]net,malicious,2026-08-13
domain,xoilacvn[.]tv,malicious,2026-08-13
domain,xoilacz100[.]live,malicious,2026-08-13
domain,xoilacz1[.]com,malicious,2026-08-13
domain,xoilacz1[.]vip,malicious,2026-08-13
domain,xoilacz8[.]tv,malicious,2026-08-13
domain,xoilacz98[.]live,malicious,2026-08-13
domain,xoilacz9[.]tv,malicious,2026-08-13
domain,xoilacz[.]com,malicious,2026-08-13
domain,xoilaczez[.]tv,malicious,2026-08-13
domain,xoilaczm[.]tv,malicious,2026-08-13
domain,xoilacztv[.]live,malicious,2026-08-13
domain,xoilacztv[.]tv,malicious,2026-08-13
domain,xoilaczzaa[.]tv,malicious,2026-08-13
domain,xoilaczzuu[.]tv,malicious,2026-08-13
domain,xoilaczzz[.]org,malicious,2026-08-13
domain,xoivo[.]tv,malicious,2026-08-13
domain,cj-entertainment[.]com,malicious,2026-08-13
domain,slantedscreen[.]com,malicious,2026-08-13
domain,xoilacxyi[.]cc,malicious,2026-08-13
domain,mitomza[.]cc,malicious,2026-08-13
domain,xoilac86tt[.]tv,malicious,2026-08-13
domain,xoilacxyx[.]cc,malicious,2026-08-13
domain,90phuttk[.]cc,malicious,2026-08-13
domain,ticklinggiants[.]com,malicious,2026-08-13
domain,xoilac365rr[.]cc,malicious,2026-08-13
domain,coconutpoetry[.]org,malicious,2026-08-13
domain,socoliverr[.]io,malicious,2026-08-13
domain,luongson[.]lol,malicious,2026-08-13
domain,mitom2[.]com,malicious,2026-08-13
domain,teach-wave-goat[.]shop,malicious,2026-08-13
domain,teach-wave-best[.]shop,malicious,2026-08-13
domain,batusuitesvilla[.]com,malicious,2026-08-13
domain,gzpop-nov08[.]com,malicious,2026-08-13
domain,vebox8[.]live,malicious,2026-08-13
domain,automotoclassicsale[.]com,malicious,2026-08-13
domain,xoilacxyh[.]tv,malicious,2026-08-13
domain,aricimprota[.]com,malicious,2026-08-13
domain,xoilaczzzzb[.]tv,malicious,2026-08-13
domain,utopiamusic[.]com,malicious,2026-08-13
domain,festra[.]com,malicious,2026-08-13
domain,elcronistadiario[.]com,malicious,2026-08-13
domain,xoilaczxp[.]cc,malicious,2026-08-13
domain,edwardmermelstein[.]com,malicious,2026-08-13
domain,xoilac86kb[.]tv,malicious,2026-08-13
domain,bluarmorhelmets[.]com,malicious,2026-08-13
domain,elmotahedaclean[.]com,malicious,2026-08-13
domain,idev101[.]com,malicious,2026-08-13
domain,friendsoffortmacon[.]org,malicious,2026-08-13
domain,corregidorphilippines[.]com,malicious,2026-08-13
domain,achievementschooldistrict[.]org,malicious,2026-08-13
domain,xoilackh[.]tv,malicious,2026-08-13
domain,socoliveyy[.]cc,malicious,2026-08-13
domain,hyggelig-news[.]com,malicious,2026-08-13
domain,cakhiaaq[.]cc,malicious,2026-08-13
domain,asoprimatologicacolombiana[.]org,malicious,2026-08-13
domain,collapsinghorsetheatre[.]com,malicious,2026-08-13
domain,andregiordan[.]com,malicious,2026-08-13
domain,xoilac86tv[.]mobi,malicious,2026-08-13
domain,pallav[.]io,malicious,2026-08-13
domain,kanabisfashion[.]com,malicious,2026-08-13
domain,cakhia-tv[.]sa[.]com,malicious,2026-08-13
domain,brentscajunseafood[.]com,malicious,2026-08-13
domain,lastwaltz[.]info,malicious,2026-08-13
domain,xoxlabs[.]io,malicious,2026-08-13
domain,bm-soho[.]com,malicious,2026-08-13
domain,90phutjj[.]io,malicious,2026-08-13
domain,mohinitourntravel[.]com,malicious,2026-08-13
domain,inkflapstore[.]com,malicious,2026-08-13
domain,blackbuckwine[.]com,malicious,2026-08-13
domain,rakhoiik[.]cc,malicious,2026-08-13
domain,vebozzy[.]cc,malicious,2026-08-13
domain,xoilackvx[.]tv,malicious,2026-08-13
domain,socoliveeo[.]cc,malicious,2026-08-13
domain,srgia[.]com,malicious,2026-08-13
domain,vebozaq[.]cc,malicious,2026-08-13
domain,adalytica[.]io,malicious,2026-08-13
domain,mitomto[.]cc,malicious,2026-08-13
domain,mitomv[.]cc,malicious,2026-08-13
domain,unwasted[.]io,malicious,2026-08-13
domain,hotel-restaurant-leclos[.]com,malicious,2026-08-13
domain,letswp[.]io,malicious,2026-08-13
domain,aseanlibrary[.]org,malicious,2026-08-13
domain,doxel[.]co,malicious,2026-08-13
domain,vaoroitvttbd[.]org,malicious,2026-08-13
domain,rakhoiio[.]cc,malicious,2026-08-13
domain,cakhia-tv[.]space,malicious,2026-08-13
domain,cakhiahd247[.]tv,malicious,2026-08-13
domain,cakhiatvttbd[.]com,malicious,2026-08-13
domain,statisticsassignmenthelp[.]io,malicious,2026-08-13
domain,ecoinomic[.]io,malicious,2026-08-13
domain,gimkit[.]io,malicious,2026-08-13
domain,cakhiazzbb[.]cc,malicious,2026-08-13
domain,vebotw[.]cc,malicious,2026-08-13
domain,cakhiayy[.]io,malicious,2026-08-13
domain,thapcamtva[.]live,malicious,2026-08-13
domain,ojaibevco[.]com,malicious,2026-08-13
domain,10storage[.]net,malicious,2026-08-13
domain,abacaglass[.]com,malicious,2026-08-13
domain,restaurant-edelweiss-valdisere[.]com,malicious,2026-08-13
domain,socolivezr[.]cc,malicious,2026-08-13
domain,niftyfilm[.]io,malicious,2026-08-13
domain,themovieflix[.]io,malicious,2026-08-13
domain,xoilac365gg[.]cc,malicious,2026-08-13
domain,rakhoizr[.]cc,malicious,2026-08-13
domain,90phutzr[.]tv,malicious,2026-08-13
domain,vaoroizzr[.]cc,malicious,2026-08-13
domain,pachmarhitravels[.]com,malicious,2026-08-13
domain,absolutefigures[.]com,malicious,2026-08-13
domain,lartdubasic[.]com,malicious,2026-08-13
domain,thumbly[.]io,malicious,2026-08-13
domain,la-chatelle[.]com,malicious,2026-08-13
domain,theleah[.]co,malicious,2026-08-13
domain,xoilacxkz[.]tv,malicious,2026-08-13
domain,ba12dayscosmetics[.]com,malicious,2026-08-13
domain,soikeobayernmunich[.]online,malicious,2026-08-13
domain,shimoguri[.]com,malicious,2026-08-13
domain,cakhiatvo[.]com,malicious,2026-08-13
domain,vsbet191[.]com,malicious,2026-08-13
domain,thehijabshop[.]com,malicious,2026-08-13
domain,vebotvi[.]cc,malicious,2026-08-13
domain,mitomtvw[.]cc,malicious,2026-08-13
domain,vebotvf[.]cc,malicious,2026-08-13
domain,rakhoiih[.]cc,malicious,2026-08-13
domain,xoilac365xj[.]tv,malicious,2026-08-13
domain,xoilac365xg[.]tv,malicious,2026-08-13
domain,90phutcw[.]tv,malicious,2026-08-13
domain,socoliveii[.]tv,malicious,2026-08-13
domain,mitomtv[.]space,malicious,2026-08-13
domain,convi[.]io,malicious,2026-08-13
domain,attendancesystem[.]io,malicious,2026-08-13
domain,trumpvsbernie[.]com,malicious,2026-08-13
domain,perfect-rolex[.]io,malicious,2026-08-13
domain,eurasian-style[.]com,malicious,2026-08-13
domain,leslunettesbleues[.]com,malicious,2026-08-13
domain,tfidf[.]com,malicious,2026-08-13
domain,weye-feye[.]com,malicious,2026-08-13
domain,redr[.]org,malicious,2026-08-13
domain,bloxter[.]io,malicious,2026-08-13
domain,andyonblast[.]io,malicious,2026-08-13
domain,theroyalslc[.]com,malicious,2026-08-13
domain,dupontautoandbody[.]com,malicious,2026-08-13
domain,adreward[.]io,malicious,2026-08-13
domain,howyoufeel[.]io,malicious,2026-08-13
domain,sinfonicaregiondemurcia[.]com,malicious,2026-08-13
domain,refvsb[.]com,malicious,2026-08-13
domain,svalbard-images[.]com,malicious,2026-08-13
domain,tgbot[.]world,malicious,2026-08-13
domain,firstlead[.]io,malicious,2026-08-13
domain,trackervsb[.]live,malicious,2026-08-13
domain,autonym[.]io,malicious,2026-08-13
domain,pumalabs[.]io,malicious,2026-08-13
domain,chatboxvs[.]com,malicious,2026-08-13
domain,cockatiels[.]org,malicious,2026-08-13
domain,loyi[.]io,malicious,2026-08-13
domain,liveitloveitmakeit[.]com,malicious,2026-08-13
domain,aabusinessroundtable[.]org,malicious,2026-08-13
domain,sisterhoodclub[.]io,malicious,2026-08-13
domain,s-o-k-o[.]com,malicious,2026-08-13
domain,xmails[.]io,malicious,2026-08-13
domain,keonhacaii[.]tv,malicious,2026-08-13
domain,viethongchinh[.]com[.]vn,malicious,2026-08-13
domain,joysushi[.]net,malicious,2026-08-13
domain,ptit[.]vn,malicious,2026-08-13
domain,agarabi[.]io,malicious,2026-08-13
domain,avantserv[.]io,malicious,2026-08-13
domain,yuhhu[.]io,malicious,2026-08-13
domain,kosyedenbacgiang[.]vn,malicious,2026-08-13
domain,mediation[.]vn,malicious,2026-08-13
domain,squaready[.]io,malicious,2026-08-13
domain,webphotomart[.]com,malicious,2026-08-13
domain,jamesgilleard[.]com,malicious,2026-08-13
domain,chuker[.]xyz,malicious,2026-08-13
domain,descartableskingpack[.]com,malicious,2026-08-13
domain,haritts[.]com,malicious,2026-08-13
domain,amthucbonmua[.]vn,malicious,2026-08-13
domain,haciendahotsprings[.]com,malicious,2026-08-13
domain,johnnysbird[.]com,malicious,2026-08-13
domain,wallstreetwhitman[.]com,malicious,2026-08-13
domain,paxland[.]vn,malicious,2026-08-13
domain,worldcupclub2025[.]com,malicious,2026-08-13
domain,noroma[.]net,malicious,2026-08-13
domain,twoi[.]io,malicious,2026-08-13
domain,cuanhuaabshanquoc[.]vn,malicious,2026-08-13
domain,dropolis[.]io,malicious,2026-08-13
domain,flexweb[.]io,malicious,2026-08-13
domain,davetrader[.]io,malicious,2026-08-13
domain,jbah[.]info[.]vn,malicious,2026-08-13
domain,ludic-engineering[.]com,malicious,2026-08-13
domain,thammyquoctebally[.]com,malicious,2026-08-13
domain,limto[.]io,malicious,2026-08-13
domain,hello-svg[.]com,malicious,2026-08-13
domain,infoodco[.]com[.]vn,malicious,2026-08-13
domain,redroc[.]io,malicious,2026-08-13
domain,cc-anglican[.]org,malicious,2026-08-13
domain,abcxyz[.]buzz,malicious,2026-08-13
domain,shopsuabim[.]vn,malicious,2026-08-13
domain,rarms[.]org[.]au,malicious,2026-08-13
domain,sofabella[.]vn,malicious,2026-08-13
domain,pokerfinance[.]io,malicious,2026-08-13
domain,marina-vinhomes[.]vn,malicious,2026-08-13
domain,techexperience[.]net,malicious,2026-08-13
domain,adamkhooeducation[.]com[.]vn,malicious,2026-08-13
domain,oakam[.]com,malicious,2026-08-13
domain,1hot[.]vn,malicious,2026-08-13
domain,beefdaily[.]com[.]vn,malicious,2026-08-13
domain,lojinhade1real[.]com,malicious,2026-08-13
domain,cltvlv[.]com,malicious,2026-08-13
domain,nxtstage[.]io,malicious,2026-08-13
domain,topnhacai1[.]us[.]org,malicious,2026-08-13
domain,zifitoken[.]io,malicious,2026-08-13
domain,neosentec[.]com,malicious,2026-08-13
domain,checkerviet[.]io,malicious,2026-08-13
domain,lesstravelednorthwest[.]com,malicious,2026-08-13
domain,upraisal[.]io,malicious,2026-08-13
domain,devcasts[.]io,malicious,2026-08-13
domain,quantumanalytica[.]io,malicious,2026-08-13
domain,albitaonline[.]com,malicious,2026-08-13
domain,zettai[.]info,malicious,2026-08-13
domain,qsample[.]com,malicious,2026-08-13
domain,duniafitnes[.]com,malicious,2026-08-13
domain,orangeresort[.]vn,malicious,2026-08-13
domain,letstest[.]io,malicious,2026-08-13
domain,reallyengineering[.]com,malicious,2026-08-13
domain,ttlg[.]io,malicious,2026-08-13
domain,techmarketers[.]io,malicious,2026-08-13
domain,thammyvienjt[.]vn,malicious,2026-08-13
domain,thcfa[.]org[.]au,malicious,2026-08-13
domain,openode[.]io,malicious,2026-08-13
domain,buschgardenstampablog[.]com,malicious,2026-08-13
domain,spinney[.]io,malicious,2026-08-13
domain,sightverse[.]io,malicious,2026-08-13
domain,code-room[.]io,malicious,2026-08-13
domain,partyland[.]io,malicious,2026-08-13
domain,lariscossa[.]com,malicious,2026-08-13
domain,cotthoaivuong[.]vn,malicious,2026-08-13
domain,volecoxigolong[.]cf,malicious,2026-08-13
domain,journaux-collection[.]com,malicious,2026-08-13
domain,unibay[.]io,malicious,2026-08-13
domain,deathnote-token[.]io,malicious,2026-08-13
domain,calcom[.]com[.]mx,malicious,2026-08-13
domain,thanmamobile[.]vn,malicious,2026-08-13
domain,odysseusmind[.]online,malicious,2026-08-13
domain,getclean[.]io,malicious,2026-08-13
domain,icocalendar[.]io,malicious,2026-08-13
domain,tanphat-group[.]com[.]vn,malicious,2026-08-13
domain,chateauleveque[.]com,malicious,2026-08-13
domain,taxfreeaid[.]com,malicious,2026-08-13
domain,gsshop[.]vn,malicious,2026-08-13
domain,1111[.]com[.]vn,malicious,2026-08-13
domain,thesailingbay[.]vn,malicious,2026-08-13
domain,meets[.]it[.]com,malicious,2026-08-13
domain,wevina[.]vn,malicious,2026-08-13
domain,mytinytumbler[.]com,malicious,2026-08-13
domain,satchmoproject[.]com,malicious,2026-08-13
domain,vitos[.]com[.]vn,malicious,2026-08-13
domain,cardanocenters[.]io,malicious,2026-08-13
domain,freetaxation[.]org,malicious,2026-08-13
domain,steeldetailer[.]io,malicious,2026-08-13
domain,dowow[.]io,malicious,2026-08-13
domain,abedulart[.]com,malicious,2026-08-13
domain,weldinggroup[.]pl,malicious,2026-08-13
domain,hardwarehacklab[.]io,malicious,2026-08-13
domain,unionhubs[.]com,malicious,2026-08-13
domain,worma[.]io,malicious,2026-08-13
domain,gunies[.]io,malicious,2026-08-13
domain,thebodyvr[.]com,malicious,2026-08-13
domain,repelis[.]io,malicious,2026-08-13
domain,really-engineering[.]com,malicious,2026-08-13
domain,emojisymbols[.]com,malicious,2026-08-13
domain,chuyennhatrongoi[.]info[.]vn,malicious,2026-08-13
domain,om3[.]io,malicious,2026-08-13
domain,thudoxanh[.]com[.]vn,malicious,2026-08-13
domain,delitebe[.]com,malicious,2026-08-13
domain,garakuta-studio[.]com,malicious,2026-08-13
domain,cloudsafari[.]io,malicious,2026-08-13
domain,sailingclimatetippingpoints[.]org,malicious,2026-08-13
domain,sadblock[.]io,malicious,2026-08-13
domain,spektacosmetics[.]com,malicious,2026-08-13
domain,jubilo[.]io,malicious,2026-08-13
domain,hapitones[.]com,malicious,2026-08-13
domain,nowwhere[.]io,malicious,2026-08-13
domain,namhouse[.]com[.]vn,malicious,2026-08-13
domain,qualitygadgets24x7[.]com,malicious,2026-08-13
domain,ardimento[.]com,malicious,2026-08-13
domain,pubnub[.]io,malicious,2026-08-13
domain,oneworlddolls[.]com,malicious,2026-08-13
domain,moonman[.]io,malicious,2026-08-13
domain,vorkushem[.]eu,malicious,2026-08-13
domain,atypic[.]io,malicious,2026-08-13
domain,innovati[.]io,malicious,2026-08-13
domain,asadoreltolmo[.]com,malicious,2026-08-13
domain,anai[.]io,malicious,2026-08-13
domain,smartcityapphack[.]com,malicious,2026-08-13
domain,foroxd[.]com,malicious,2026-08-13
domain,tedioso[.]com,malicious,2026-08-13
domain,webstu[.]be,malicious,2026-08-13
domain,premier-live-casino-se[.]com,malicious,2026-08-13
domain,inoo[.]io,malicious,2026-08-13
domain,ordo-rosarius-equilibrio[.]net,malicious,2026-08-13
domain,cientic[.]com,malicious,2026-08-13
domain,shield-snap[.]com,malicious,2026-08-13
domain,fastgo[.]mobi,malicious,2026-08-13
domain,grentify[.]com,malicious,2026-08-13
domain,nash19[.]com,malicious,2026-08-13
domain,vghealthcare[.]vn,malicious,2026-08-13
domain,seework[.]io,malicious,2026-08-13
domain,truerec[.]io,malicious,2026-08-13
domain,starfishoysterbed[.]com,malicious,2026-08-13
domain,ideallifeonline[.]com,malicious,2026-08-13
domain,trackervsb[.]com,malicious,2026-08-13
domain,borchardtbrothers[.]com,malicious,2026-08-13
domain,defamation-thefilm[.]com,malicious,2026-08-13
domain,unity-innovation[.]com,malicious,2026-08-13
domain,4thsystem[.]com,malicious,2026-08-13
domain,archtoria[.]com,malicious,2026-08-13
domain,timerlap[.]com,malicious,2026-08-13
domain,chelitepages[.]com,malicious,2026-08-13
domain,reponomics[.]org,malicious,2026-08-13
domain,allamericanoutdoorsgear[.]com,malicious,2026-08-13
domain,levigroup[.]vn,malicious,2026-08-13
domain,laichaucc[.]edu[.]vn,malicious,2026-08-13
domain,velocity-timepieces[.]com,malicious,2026-08-13
domain,glh[.]vn,malicious,2026-08-13
domain,filmvf[.]io,malicious,2026-08-13
domain,argentinaconecta[.]com,malicious,2026-08-13
domain,labcards[.]io,malicious,2026-08-13
domain,britelite[.]io,malicious,2026-08-13
domain,closefriend[.]io,malicious,2026-08-13
domain,yutaowellness[.]com,malicious,2026-08-13
domain,spirates[.]io,malicious,2026-08-13
domain,xoilac[.]today,malicious,2026-08-13
domain,xoilackc[.]tv,malicious,2026-08-13
domain,rakhoizy[.]cc,malicious,2026-08-13
domain,goprice[.]io,malicious,2026-08-13
domain,teatredelraval[.]com,malicious,2026-08-13
domain,cryptogods[.]io,malicious,2026-08-13
domain,xoilac365[.]biz,malicious,2026-08-13
domain,90phutqq[.]io,malicious,2026-08-13
domain,xoilac86tv[.]link,malicious,2026-08-13
domain,homeschool-activities[.]com,malicious,2026-08-13
domain,xoilaczzbbz[.]tv,malicious,2026-08-13
domain,rakhoixp[.]cc,malicious,2026-08-13
domain,vebozxt[.]cc,malicious,2026-08-13
domain,2048cupcakes[.]io,malicious,2026-08-13
domain,happywheelsunblocked[.]io,malicious,2026-08-13
domain,xoilackvt[.]tv,malicious,2026-08-13
domain,globalvintagemedia[.]com,malicious,2026-08-13
domain,xoilac86bt[.]tv,malicious,2026-08-13
domain,ipverse[.]io,malicious,2026-08-13
domain,xoilaczffz[.]tv,malicious,2026-08-13
domain,xoilacxxt[.]cc,malicious,2026-08-13
domain,vaoroizzm[.]cc,malicious,2026-08-13
domain,xoilachd-aff2026[.]tv,malicious,2026-08-13
domain,xoilac-aff2026[.]live,malicious,2026-08-13
domain,stdutility[.]com,malicious,2026-08-13
domain,xoilaciib[.]cc,malicious,2026-08-13
domain,deltarune[.]io,malicious,2026-08-13
domain,cakhiazvl[.]tv,malicious,2026-08-13
domain,xoilaczssz[.]tv,malicious,2026-08-13
domain,parkfy[.]com,malicious,2026-08-13
domain,xoilaczzf[.]io,malicious,2026-08-13
domain,xoilacttbdwc2026a[.]tv,malicious,2026-08-13
domain,xoilaclink[.]ai,malicious,2026-08-13
domain,rinconrestaurants[.]com,malicious,2026-08-13
domain,oitolabs[.]io,malicious,2026-08-13
domain,dlike[.]io,malicious,2026-08-13
domain,stalingrad[.]net,malicious,2026-08-13
domain,microbrain[.]io,malicious,2026-08-13
domain,xoilac86xc[.]tv,malicious,2026-08-13
domain,xoilaczddz[.]tv,malicious,2026-08-13
domain,detnovel[.]com,malicious,2026-08-13
domain,xoilacza[.]net,malicious,2026-08-13
domain,xoilacvi[.]net,malicious,2026-08-13
domain,talentibo[.]io,malicious,2026-08-13
domain,lookawns[.]com,malicious,2026-08-13
domain,lemonmap[.]io,malicious,2026-08-13
domain,authorandrewsmith[.]com,malicious,2026-08-13
domain,championshipsubdivisionnews[.]com,malicious,2026-08-13
domain,us-santander[.]com,malicious,2026-08-13
domain,socolivekg[.]cc,malicious,2026-08-13
domain,xoilaczz43[.]live,malicious,2026-08-13
domain,lenirobredo[.]com,malicious,2026-08-13
domain,keinomatsubarasou[.]com,malicious,2026-08-13
domain,cakhiazxx[.]cc,malicious,2026-08-13
domain,xoilacvzy[.]cc,malicious,2026-08-13
domain,izzzleep[.]com,malicious,2026-08-13
domain,xoilaczxj[.]tv,malicious,2026-08-13
domain,socolivemm[.]cc,malicious,2026-08-13
domain,socolivezg[.]cc,malicious,2026-08-13
domain,rakhoiz11[.]live,malicious,2026-08-13
domain,diabolo[.]io,malicious,2026-08-13
domain,vebozk[.]cc,malicious,2026-08-13
domain,borealisrecords[.]com,malicious,2026-08-13
domain,90phutz21[.]live,malicious,2026-08-13
domain,bloomsandflora[.]com,malicious,2026-08-13
domain,gofbw[.]com,malicious,2026-08-13
domain,giamcanlishou[.]com,malicious,2026-08-13
domain,90phutsy[.]cc,malicious,2026-08-13
domain,xoilaczzyzz[.]tv,malicious,2026-08-13
domain,rezilion[.]com,malicious,2026-08-13
domain,socolivedd[.]io,malicious,2026-08-13
domain,mitomzr[.]cc,malicious,2026-08-13
domain,xoilaczz56[.]live,malicious,2026-08-13
domain,mitomtvttbd[.]net,malicious,2026-08-13
domain,historylapse[.]org,malicious,2026-08-13
domain,vaoroivh[.]cc,malicious,2026-08-13
domain,xoilaccu[.]tv,malicious,2026-08-13
domain,masten-space[.]com,malicious,2026-08-13
domain,xoilac86a[.]tv,malicious,2026-08-13
domain,kuzeyborugroup[.]com,malicious,2026-08-13
domain,xoilacvv[.]cc,malicious,2026-08-13
domain,cakhiaz65[.]live,malicious,2026-08-13
domain,socolivevo[.]cc,malicious,2026-08-13
domain,rakhoin[.]cc,malicious,2026-08-13
domain,ww2lct[.]org,malicious,2026-08-13
domain,brownhoundbistro[.]com,malicious,2026-08-13
domain,mitomz13[.]live,malicious,2026-08-13
domain,xoilaccs[.]tv,malicious,2026-08-13
domain,mormonssecret[.]com,malicious,2026-08-13
domain,phunxamthammy[.]info,malicious,2026-08-13
domain,monasteriosanpedrodecardena[.]com,malicious,2026-08-13
domain,xoilacxys[.]cc,malicious,2026-08-13
domain,socolivezzz[.]cc,malicious,2026-08-13
domain,rakhoivz[.]cc,malicious,2026-08-13
domain,nailnerd[.]com,malicious,2026-08-13
domain,rakhoiij[.]cc,malicious,2026-08-13
domain,k2burn[.]net,malicious,2026-08-13
domain,pettirosso2013[.]com,malicious,2026-08-13
domain,socoliveoo[.]cc,malicious,2026-08-13
domain,vaorois[.]cc,malicious,2026-08-13
domain,xoilacsq[.]cc,malicious,2026-08-13
domain,cakhiazzxx[.]cc,malicious,2026-08-13
domain,completelyfreesoftware[.]com,malicious,2026-08-13
domain,xoilac86z70[.]live,malicious,2026-08-13
domain,brandonlay[.]com,malicious,2026-08-13
domain,florevegan[.]com,malicious,2026-08-13
domain,cakhiaz69[.]live,malicious,2026-08-13
domain,socolivetc[.]cc,malicious,2026-08-13
domain,lucascafe[.]com,malicious,2026-08-13
domain,socoliveee[.]io,malicious,2026-08-13
domain,xoilacvzj[.]cc,malicious,2026-08-13
domain,vaoroi22[.]live,malicious,2026-08-13
domain,xoilaczz58[.]live,malicious,2026-08-13
domain,woolshedbaa[.]com,malicious,2026-08-13
domain,cakhiazko[.]cc,malicious,2026-08-13
domain,xoilaccp[.]cc,malicious,2026-08-13
domain,veboxg[.]cc,malicious,2026-08-13
domain,xoilactivi[.]com,malicious,2026-08-13
domain,xoilaczzll[.]cc,malicious,2026-08-13
domain,recyclodrome[.]org,malicious,2026-08-13
domain,cakhiavg[.]cc,malicious,2026-08-13
domain,xoilacxxs[.]cc,malicious,2026-08-13
domain,xoilacttbd365[.]tv,malicious,2026-08-13
domain,satil[.]com,malicious,2026-08-13
domain,veboz22[.]live,malicious,2026-08-13
domain,newenglandpremiership[.]com,malicious,2026-08-13
domain,xoilacsosf[.]live,malicious,2026-08-13
domain,socolivetvh[.]cc,malicious,2026-08-13
domain,xoilaczie[.]tv,malicious,2026-08-13
domain,cakhiazze[.]cc,malicious,2026-08-13
domain,thehankwilliamsmuseum[.]com,malicious,2026-08-13
domain,thegoodship[.]com,malicious,2026-08-13
domain,mitomtvn[.]cc,malicious,2026-08-13
domain,travisrebels[.]org,malicious,2026-08-13
domain,funaokaonsen[.]net,malicious,2026-08-13
domain,xoilaczxa[.]tv,malicious,2026-08-13
domain,sporki[.]com,malicious,2026-08-13
domain,90phutz51[.]live,malicious,2026-08-13
domain,socolivebb[.]cc,malicious,2026-08-13
domain,nikondigitutor[.]com,malicious,2026-08-13
domain,xoilaclink[.]io,malicious,2026-08-13
domain,hipssister[.]com,malicious,2026-08-13
domain,90phutxxf[.]cc,malicious,2026-08-13
domain,kitlife[.]net,malicious,2026-08-13
domain,thanhhanewcity[.]com,malicious,2026-08-13
domain,scopahealdsburg[.]com,malicious,2026-08-13
domain,stargazermercantile[.]com,malicious,2026-08-13
domain,xoilacztx[.]tv,malicious,2026-08-13
domain,ironhealth[.]io,malicious,2026-08-13
domain,eoigirona[.]com,malicious,2026-08-13
domain,bongdazc[.]com,malicious,2026-08-13
domain,90phutvz[.]cc,malicious,2026-08-13
domain,mitomz12[.]live,malicious,2026-08-13
domain,xoilaczz95[.]live,malicious,2026-08-13
domain,vebozs[.]cc,malicious,2026-08-13
domain,bitqt[.]io,malicious,2026-08-13
domain,ihategreenjello[.]com,malicious,2026-08-13
domain,xoilacxye[.]tv,malicious,2026-08-13
domain,receitasnarede[.]com,malicious,2026-08-13
domain,socolivezze[.]cc,malicious,2026-08-13
domain,pole-eau[.]com,malicious,2026-08-13
domain,90phutbx[.]cc,malicious,2026-08-13
domain,xoilaczzpz[.]tv,malicious,2026-08-13
domain,90phutai[.]cc,malicious,2026-08-13
domain,thaispiceanddice[.]com,malicious,2026-08-13
domain,stone-plaza[.]com,malicious,2026-08-13
domain,xoilactv2[.]solutions,malicious,2026-08-13
domain,redlinerectoys[.]com,malicious,2026-08-13
domain,90phuttu[.]cc,malicious,2026-08-13
domain,xoilac86tv[.]io,malicious,2026-08-13
domain,mudfooted[.]com,malicious,2026-08-13
domain,ekamoneness[.]org,malicious,2026-08-13
domain,xoilactvhdxa[.]io,malicious,2026-08-13
domain,xoilacxs[.]cc,malicious,2026-08-13
domain,holeinthewallcamps[.]org,malicious,2026-08-13
domain,alodias[.]com,malicious,2026-08-13
domain,restaurantdupin[.]com,malicious,2026-08-13
domain,doorstepdelivery[.]com,malicious,2026-08-13
domain,rakhoiz[.]cc,malicious,2026-08-13
domain,vaoroikc[.]cc,malicious,2026-08-13
domain,splasher-game[.]com,malicious,2026-08-13
domain,xoilaczz77[.]live,malicious,2026-08-13
domain,xoilacziv[.]tv,malicious,2026-08-13
domain,pacoca[.]io,malicious,2026-08-13
domain,saintlouschicago[.]com,malicious,2026-08-13
domain,cakhiatvhdx[.]io,malicious,2026-08-13
domain,high-brands[.]com,malicious,2026-08-13
domain,ijettcs[.]org,malicious,2026-08-13
domain,xoilac86z49[.]live,malicious,2026-08-13
domain,xoilac86z68[.]live,malicious,2026-08-13
domain,cakhiazxs[.]cc,malicious,2026-08-13
domain,xoilaczzpp[.]cc,malicious,2026-08-13
domain,supersoldiertalk[.]com,malicious,2026-08-13
domain,xoilac86tx[.]tv,malicious,2026-08-13
domain,miantojomexicanrestaurant[.]com,malicious,2026-08-13
domain,doctopus[.]io,malicious,2026-08-13
domain,free2work[.]org,malicious,2026-08-13
domain,vaoroikw[.]cc,malicious,2026-08-13
domain,cancerworld[.]org,malicious,2026-08-13
domain,socolivez8[.]live,malicious,2026-08-13
domain,xoilactvv[.]co,malicious,2026-08-13
domain,xoilacyys[.]cc,malicious,2026-08-13
domain,sphrpay[.]io,malicious,2026-08-13
domain,xoilac86bb[.]tv,malicious,2026-08-13
domain,howattractiveami[.]io,malicious,2026-08-13
domain,xoilacvzf[.]cc,malicious,2026-08-13
domain,vaoroikd[.]cc,malicious,2026-08-13
domain,papiinc[.]com,malicious,2026-08-13
domain,xoilac247-worldcup2026[.]tv,malicious,2026-08-13
domain,paspotlight[.]org,malicious,2026-08-13
domain,socolivekf[.]cc,malicious,2026-08-13
domain,xoilac90phuta[.]tv,malicious,2026-08-13
domain,vaoroi8[.]live,malicious,2026-08-13
domain,teamonetickets[.]com,malicious,2026-08-13
domain,vebozn[.]cc,malicious,2026-08-13
domain,psychologyinspain[.]com,malicious,2026-08-13
domain,thoroproducts[.]com,malicious,2026-08-13
domain,xoilac86z59[.]live,malicious,2026-08-13
domain,errorbase[.]net,malicious,2026-08-13
domain,foundation-earth[.]org,malicious,2026-08-13
domain,socoliveyy[.]tv,malicious,2026-08-13
domain,socolive[.]net,malicious,2026-08-13
domain,xoilaczz76[.]live,malicious,2026-08-13
domain,bmil[.]io,malicious,2026-08-13
domain,xoilaczz42[.]live,malicious,2026-08-13
domain,wearethefallen[.]com,malicious,2026-08-13
domain,xoilaczxs[.]tv,malicious,2026-08-13
domain,socolivetvr[.]cc,malicious,2026-08-13
domain,vaoroip[.]cc,malicious,2026-08-13
domain,rakhoiiu[.]cc,malicious,2026-08-13
domain,yobs[.]com,malicious,2026-08-13
domain,narrativetherapylibrary[.]com,malicious,2026-08-13
domain,rakhoiz40[.]live,malicious,2026-08-13
domain,artscapedanielslaunchpad[.]com,malicious,2026-08-13
domain,muskegontimes[.]com,malicious,2026-08-13
domain,xoilac86z56[.]live,malicious,2026-08-13
domain,vaoroizf[.]cc,malicious,2026-08-13
domain,nycga[.]net,malicious,2026-08-13
domain,kamax[.]io,malicious,2026-08-13
domain,calan-band[.]com,malicious,2026-08-13
domain,bearmach[.]com,malicious,2026-08-13
domain,rakhoivh[.]cc,malicious,2026-08-13
domain,woodlandschools[.]com,malicious,2026-08-13
domain,xoilaczzcc[.]cc,malicious,2026-08-13
domain,letlivefilm[.]com,malicious,2026-08-13
domain,rakhoitvttbd[.]com,malicious,2026-08-13
domain,ai-depot[.]com,malicious,2026-08-13
domain,90phutk[.]cc,malicious,2026-08-13
domain,xoilaczp[.]cc,malicious,2026-08-13
domain,collaboration-world[.]com,malicious,2026-08-13
domain,90phutac[.]cc,malicious,2026-08-13
domain,milnersblog[.]com,malicious,2026-08-13
domain,tinnhac[.]com,malicious,2026-08-13
domain,rakhoivp[.]cc,malicious,2026-08-13
domain,steemkr[.]com,malicious,2026-08-13
domain,xoilac86z47[.]live,malicious,2026-08-13
domain,xoilacxyg[.]tv,malicious,2026-08-13
domain,sunchipssolareclipse[.]com,malicious,2026-08-13
domain,furiousfpv[.]com,malicious,2026-08-13
domain,socolivevt[.]cc,malicious,2026-08-13
domain,kientructhienkieu[.]com,malicious,2026-08-13
domain,xoilaczzzp[.]tv,malicious,2026-08-13
domain,vebozh[.]cc,malicious,2026-08-13
domain,vaoroiki[.]cc,malicious,2026-08-13
domain,joyfax[.]com,malicious,2026-08-13
domain,xoilac86z42[.]live,malicious,2026-08-13
domain,vebozxs[.]cc,malicious,2026-08-13
domain,saberdao[.]io,malicious,2026-08-13
domain,kelownabrewingcompany[.]com,malicious,2026-08-13
domain,cola247[.]tv,malicious,2026-08-13
domain,vaoroiv[.]tv,malicious,2026-08-13
domain,pokemongammaemerald[.]io,malicious,2026-08-13
domain,xoilacvzd[.]cc,malicious,2026-08-13
domain,panamadisease[.]org,malicious,2026-08-13
domain,talisman-energy[.]com,malicious,2026-08-13
domain,cakhiatvhdx[.]live,malicious,2026-08-13
domain,xoilaczxn[.]tv,malicious,2026-08-13
domain,battlefrogseries[.]com,malicious,2026-08-13
domain,gavangvsb[.]cc,malicious,2026-08-13
domain,xoilactivim[.]cc,malicious,2026-08-13
domain,freethework[.]com,malicious,2026-08-13
domain,vaoroia[.]cc,malicious,2026-08-13
domain,theuds[.]com,malicious,2026-08-13
domain,techoff[.]io,malicious,2026-08-13
domain,xoilactvx12[.]club,malicious,2026-08-13
domain,pravid[.]io,malicious,2026-08-13
domain,xoilactvx14[.]club,malicious,2026-08-13
domain,ireachcontent[.]com,malicious,2026-08-13
domain,grupo-orbis[.]com,malicious,2026-08-13
domain,xoilactvx11[.]club,malicious,2026-08-13
domain,cakhiax3[.]cc,malicious,2026-08-13
domain,cuoco-seattle[.]com,malicious,2026-08-13
domain,socolivetvf[.]cc,malicious,2026-08-13
domain,loansafe[.]org,malicious,2026-08-13
domain,crystalantlers[.]com,malicious,2026-08-13
domain,ascii-table[.]com,malicious,2026-08-13
domain,veboz57[.]live,malicious,2026-08-13
domain,xoilaczxf[.]cc,malicious,2026-08-13
domain,xoilacvzg[.]cc,malicious,2026-08-13
domain,xoilaczznz[.]tv,malicious,2026-08-13
domain,90phutvm[.]cc,malicious,2026-08-13
domain,xoilac86z67[.]live,malicious,2026-08-13
domain,cakhiazg[.]cc,malicious,2026-08-13
domain,xoilaczzgzz[.]tv,malicious,2026-08-13
domain,socolivevk[.]cc,malicious,2026-08-13
domain,gavang-wc2026[.]tv,malicious,2026-08-13
domain,100barclay[.]com,malicious,2026-08-13
domain,xoilactvhdx[.]io,malicious,2026-08-13
domain,baarandbass[.]com,malicious,2026-08-13
domain,voies-off[.]com,malicious,2026-08-13
domain,xoilaczz85[.]live,malicious,2026-08-13
domain,forerunnerchurch[.]com,malicious,2026-08-13
domain,cakhiazzo[.]cc,malicious,2026-08-13
domain,xoilacsu[.]cc,malicious,2026-08-13
domain,llanrwst[.]net,malicious,2026-08-13
domain,andysdenton[.]com,malicious,2026-08-13
domain,thewidely[.]com,malicious,2026-08-13
domain,frameup[.]io,malicious,2026-08-13
domain,timbresmag[.]com,malicious,2026-08-13
domain,xembonghay1[.]com,malicious,2026-08-13
domain,prospectlakepark[.]com,malicious,2026-08-13
domain,xoilaczth[.]tv,malicious,2026-08-13
domain,socolivez10[.]live,malicious,2026-08-13
domain,xoilaczzzl[.]tv,malicious,2026-08-13
domain,tascosadrivein[.]com,malicious,2026-08-13
domain,xoilacee[.]io,malicious,2026-08-13
domain,theharbor[.]org,malicious,2026-08-13
domain,90phuttz[.]cc,malicious,2026-08-13
domain,xoilac86z62[.]live,malicious,2026-08-13
domain,cakhiaz74[.]live,malicious,2026-08-13
domain,hhe-sc[.]com,malicious,2026-08-13
domain,zebitex[.]com,malicious,2026-08-13
domain,agtechsolutions[.]io,malicious,2026-08-13
domain,riverparkvaldosta[.]com,malicious,2026-08-13
domain,herbalpertis[.]com,malicious,2026-08-13
domain,cakhiaav[.]cc,malicious,2026-08-13
domain,realestate4ransom[.]com,malicious,2026-08-13
domain,persimmonbristol[.]com,malicious,2026-08-13
domain,helloracer[.]com,malicious,2026-08-13
domain,xoilacvnnf[.]tv,malicious,2026-08-13
domain,jagdhofkeller[.]com,malicious,2026-08-13
domain,tidden[.]com,malicious,2026-08-13
domain,socolivett[.]tv,malicious,2026-08-13
domain,aphotofauna[.]com,malicious,2026-08-13
domain,socolivehh[.]io,malicious,2026-08-13
domain,vebotvy[.]cc,malicious,2026-08-13
domain,thisisthoughtful[.]com,malicious,2026-08-13
domain,xoilaczzee[.]cc,malicious,2026-08-13
domain,xoilaczz90[.]live,malicious,2026-08-13
domain,vaoroivo[.]cc,malicious,2026-08-13
domain,cakhiazkd[.]cc,malicious,2026-08-13
domain,90phuta[.]cc,malicious,2026-08-13
domain,skytourszipline[.]com,malicious,2026-08-13
domain,90phutst[.]cc,malicious,2026-08-13
domain,clinicaordas[.]com,malicious,2026-08-13
domain,cakhiazto[.]cc,malicious,2026-08-13
domain,orangesv[.]com,malicious,2026-08-13
domain,greenparkhadong[.]com,malicious,2026-08-13
domain,xoilacztl[.]tv,malicious,2026-08-13
domain,socolivess[.]cc,malicious,2026-08-13
domain,xoilaczv9[.]live,malicious,2026-08-13
domain,cakhiaae[.]cc,malicious,2026-08-13
domain,cakhiagg[.]io,malicious,2026-08-13
domain,auberge-de-la-truffe[.]com,malicious,2026-08-13
domain,altitudeh2o[.]com,malicious,2026-08-13
domain,xoilac86z66[.]live,malicious,2026-08-13
domain,xoilaccq[.]tv,malicious,2026-08-13
domain,dgpatterns[.]com,malicious,2026-08-13
domain,cakhiaz87[.]live,malicious,2026-08-13
domain,chefevan[.]com,malicious,2026-08-13
domain,xoilactivik[.]cc,malicious,2026-08-13
domain,90phutas[.]cc,malicious,2026-08-13
domain,90phuttg[.]cc,malicious,2026-08-13
domain,occi-wg[.]org,malicious,2026-08-13
domain,vaoroi15[.]live,malicious,2026-08-13
domain,nalinstudios[.]com,malicious,2026-08-13
domain,vaoroik[.]cc,malicious,2026-08-13
domain,xoilaczzzk[.]tv,malicious,2026-08-13
domain,jornaldeangola[.]com,malicious,2026-08-13
domain,extravaganzi[.]com,malicious,2026-08-13
domain,stari[.]io,malicious,2026-08-13
domain,mitomzn[.]cc,malicious,2026-08-13
domain,noteborn[.]com,malicious,2026-08-13
domain,cakhiaz75[.]live,malicious,2026-08-13
domain,xoilaczz57[.]live,malicious,2026-08-13
domain,bomble[.]com,malicious,2026-08-13
domain,xoilacztb[.]tv,malicious,2026-08-13
domain,nauticrawlgame[.]com,malicious,2026-08-13
domain,xoilaczz[.]io,malicious,2026-08-13
domain,vebozx[.]cc,malicious,2026-08-13
domain,cakhiazxl[.]cc,malicious,2026-08-13
domain,xoilaczvx[.]cc,malicious,2026-08-13
domain,90phutz55[.]live,malicious,2026-08-13
domain,rakhoid[.]cc,malicious,2026-08-13
domain,caheo-worldcup2026[.]tv,malicious,2026-08-13
domain,cakhiacf[.]cc,malicious,2026-08-13
domain,90phutti[.]cc,malicious,2026-08-13
domain,rakhoivt[.]cc,malicious,2026-08-13
domain,paramoteur[.]com,malicious,2026-08-13
domain,vebotvc[.]cc,malicious,2026-08-13
domain,superdenim[.]com,malicious,2026-08-13
domain,rakhoim[.]cc,malicious,2026-08-13
domain,marilyn[.]vn,malicious,2026-08-13
domain,xoilackz[.]tv,malicious,2026-08-13
domain,90phutz31[.]live,malicious,2026-08-13
domain,xoilac86z[.]cc,malicious,2026-08-13
domain,xoilaczzfz[.]tv,malicious,2026-08-13
domain,cakhiaa[.]cc,malicious,2026-08-13
domain,xoilaczz91[.]live,malicious,2026-08-13
domain,cmschoice[.]org,malicious,2026-08-13
domain,cakhiazzqq[.]cc,malicious,2026-08-13
domain,aromacookery[.]com,malicious,2026-08-13
domain,neidhammer[.]com,malicious,2026-08-13
domain,socolivetb[.]cc,malicious,2026-08-13
domain,nibbly[.]io,malicious,2026-08-13
domain,nuukik[.]com,malicious,2026-08-13
domain,arlrooftop[.]com,malicious,2026-08-13
domain,socoliveee[.]cc,malicious,2026-08-13
domain,rakhoiz13[.]live,malicious,2026-08-13
domain,vaoroil[.]cc,malicious,2026-08-13
domain,xoilac247wc2026a[.]tv,malicious,2026-08-13
domain,xoilac360-wc2026[.]tv,malicious,2026-08-13
domain,asistasjourney[.]com,malicious,2026-08-13
domain,streettokitchen[.]com,malicious,2026-08-13
domain,vebozxm[.]cc,malicious,2026-08-13
domain,nikaustore[.]com,malicious,2026-08-13
domain,90phutaz[.]cc,malicious,2026-08-13
domain,medal-medaille[.]com,malicious,2026-08-13
domain,xoilaczzzzd[.]tv,malicious,2026-08-13
domain,centricgastrobar[.]com,malicious,2026-08-13
domain,90phutap[.]cc,malicious,2026-08-13
domain,netcommons[.]net,malicious,2026-08-13
domain,xoilacvvb[.]cc,malicious,2026-08-13
domain,icethesite[.]com,malicious,2026-08-13
domain,xoilaczz46[.]live,malicious,2026-08-13
domain,vaoroir[.]cc,malicious,2026-08-13
domain,xoilackvk[.]tv,malicious,2026-08-13
domain,xoilacvzq[.]cc,malicious,2026-08-13
domain,coviself[.]com,malicious,2026-08-13
domain,xoilactvit[.]cc,malicious,2026-08-13
domain,xoilaczxk[.]tv,malicious,2026-08-13
domain,carverartsandscience[.]org,malicious,2026-08-13
domain,orivium[.]io,malicious,2026-08-13
domain,cakhiavo[.]cc,malicious,2026-08-13
domain,xoilac86b[.]cc,malicious,2026-08-13
domain,xoilaczzlz[.]tv,malicious,2026-08-13
domain,bahayofw[.]com,malicious,2026-08-13
domain,sharkmedia[.]io,malicious,2026-08-13
domain,cakhiaab[.]cc,malicious,2026-08-13
domain,xoilac86z52[.]live,malicious,2026-08-13
domain,themoonlandingz[.]com,malicious,2026-08-13
domain,anfipiemonte[.]org,malicious,2026-08-13
domain,rakhoiz22[.]live,malicious,2026-08-13
domain,rakhoiz7[.]live,malicious,2026-08-13
domain,festivalpantiero[.]com,malicious,2026-08-13
domain,mitomtw[.]cc,malicious,2026-08-13
domain,xoilaczzbb[.]cc,malicious,2026-08-13
domain,cakhiaztk[.]cc,malicious,2026-08-13
domain,formonline[.]net,malicious,2026-08-13
domain,bimmian[.]com,malicious,2026-08-13
domain,jorna[.]io,malicious,2026-08-13
domain,tellyouwhat[.]in,malicious,2026-08-13
domain,labuwiki[.]com,malicious,2026-08-13
domain,takatisperuvianchicken[.]com,malicious,2026-08-13
domain,rakhoixr[.]cc,malicious,2026-08-13
domain,xoilac86tv[.]vip,malicious,2026-08-13
domain,freedomdex[.]io,malicious,2026-08-13
domain,dan-exchange[.]com,malicious,2026-08-13
domain,veboz44[.]live,malicious,2026-08-13
domain,premiohystrio[.]org,malicious,2026-08-13
domain,jordanaires[.]net,malicious,2026-08-13
domain,xoilaczz82[.]live,malicious,2026-08-13
domain,theguide[.]io,malicious,2026-08-13
domain,90phutae[.]cc,malicious,2026-08-13
domain,colatv53[.]live,malicious,2026-08-13
domain,xoilac86x[.]tv,malicious,2026-08-13
domain,walkbikemarin[.]org,malicious,2026-08-13
domain,coyoteclan[.]com,malicious,2026-08-13
domain,emoi[.]io,malicious,2026-08-13
domain,socolivekt[.]cc,malicious,2026-08-13
domain,goschedule[.]io,malicious,2026-08-13
domain,xoilaciie[.]cc,malicious,2026-08-13
domain,gavangwc26[.]tv,malicious,2026-08-13
domain,poweredbyclear[.]com,malicious,2026-08-13
domain,rakhoir[.]cc,malicious,2026-08-13
domain,bursabilimmerkezi[.]org,malicious,2026-08-13
domain,sylvaindeville[.]net,malicious,2026-08-13
domain,myflexonline[.]com,malicious,2026-08-13
domain,clicknlearn[.]net,malicious,2026-08-13
domain,xoilacz[.]in,malicious,2026-08-13
domain,lolsheaven[.]com,malicious,2026-08-13
domain,xoilaczzezz[.]tv,malicious,2026-08-13
domain,90phutz35[.]live,malicious,2026-08-13
domain,cakhiaz90[.]live,malicious,2026-08-13
domain,foxclinicwholesale[.]com,malicious,2026-08-13
domain,healthystrokes[.]com,malicious,2026-08-13
domain,foolishgadgets[.]com,malicious,2026-08-13
domain,socolivezu[.]cc,malicious,2026-08-13
domain,vaoroikf[.]cc,malicious,2026-08-13
domain,xoilac86kx[.]tv,malicious,2026-08-13
domain,cakhiatvv[.]live,malicious,2026-08-13
domain,cakhiazxh[.]cc,malicious,2026-08-13
domain,seacritterscafe[.]com,malicious,2026-08-13
domain,socolivedd[.]cc,malicious,2026-08-13
domain,cakhiaz71[.]live,malicious,2026-08-13
domain,xoilaczxc[.]tv,malicious,2026-08-13
domain,rakhoiv[.]cc,malicious,2026-08-13
domain,goi-s[.]com,malicious,2026-08-13
domain,mitomtvi[.]cc,malicious,2026-08-13
domain,javadc[.]org,malicious,2026-08-13
domain,cassstbar[.]com,malicious,2026-08-13
domain,cakhiavp[.]cc,malicious,2026-08-13
domain,90phutty[.]cc,malicious,2026-08-13
domain,xoilac86el[.]tv,malicious,2026-08-13
domain,appnr[.]com,malicious,2026-08-13
domain,xoilaczzss[.]cc,malicious,2026-08-13
domain,future-store[.]org,malicious,2026-08-13
domain,xoilacm[.]live,malicious,2026-08-13
domain,xoilaczvf[.]cc,malicious,2026-08-13
domain,90phuttp[.]cc,malicious,2026-08-13
domain,worldgolfimax[.]com,malicious,2026-08-13
domain,90phuti[.]cc,malicious,2026-08-13
domain,vebozxk[.]cc,malicious,2026-08-13
domain,andamanese[.]net,malicious,2026-08-13
domain,rakhoiz24[.]live,malicious,2026-08-13
domain,cakhiazkq[.]cc,malicious,2026-08-13
domain,ashokaturkiye[.]org,malicious,2026-08-13
domain,bauwerk-hochzeit[.]io,malicious,2026-08-13
domain,momofilmfest[.]com,malicious,2026-08-13
domain,gavangtv[.]fun,malicious,2026-08-13
domain,xoilacxp[.]cc,malicious,2026-08-13
domain,chilmarkresearch[.]com,malicious,2026-08-13
domain,xoilacxyu[.]tv,malicious,2026-08-13
domain,shtooka[.]net,malicious,2026-08-13
domain,cakhiavu[.]cc,malicious,2026-08-13
domain,xoilackvc[.]tv,malicious,2026-08-13
domain,cmgestore[.]com,malicious,2026-08-13
domain,cajacanarias[.]tv,malicious,2026-08-13
domain,xoilacxh[.]cc,malicious,2026-08-13
domain,xoilac365n[.]cc,malicious,2026-08-13
domain,13thstreetrep[.]org,malicious,2026-08-13
domain,classicmoviechat[.]com,malicious,2026-08-13
domain,meganhiltyonline[.]com,malicious,2026-08-13
domain,johnocallaghan[.]net,malicious,2026-08-13
domain,veboz33[.]live,malicious,2026-08-13
domain,cakhiazki[.]cc,malicious,2026-08-13
domain,xoilaczz48[.]live,malicious,2026-08-13
domain,xoilacn[.]cc,malicious,2026-08-13
domain,colattbd-worldcup2026[.]tv,malicious,2026-08-13
domain,stellabiderman[.]com,malicious,2026-08-13
domain,mitomr[.]cc,malicious,2026-08-13
domain,pierauge[.]com,malicious,2026-08-13
domain,ettasrestaurant[.]com,malicious,2026-08-13
domain,vaoroie[.]cc,malicious,2026-08-13
domain,cakhia50[.]xyz,malicious,2026-08-13
domain,northernlightsccs[.]com,malicious,2026-08-13
domain,socoliveaa[.]cc,malicious,2026-08-13
domain,cakhiazxg[.]cc,malicious,2026-08-13
domain,adeepbluedive[.]com,malicious,2026-08-13
domain,lytuong[.]net,malicious,2026-08-13
domain,xoilacxyk[.]cc,malicious,2026-08-13
domain,xoilacttbd-wc2026[.]tv,malicious,2026-08-13
domain,selmastudenttickets[.]com,malicious,2026-08-13
domain,xoilaczti[.]tv,malicious,2026-08-13
domain,xoilacs[.]cc,malicious,2026-08-13
domain,heroesempires[.]com,malicious,2026-08-13
domain,vaoroikm[.]cc,malicious,2026-08-13
domain,choicemedia[.]tv,malicious,2026-08-13
domain,shipparade[.]com,malicious,2026-08-13
domain,xoilacb[.]cc,malicious,2026-08-13
domain,hi-fidelity-forum[.]com,malicious,2026-08-13
domain,milkmanapps[.]com,malicious,2026-08-13
domain,anstad[.]com,malicious,2026-08-13
domain,rankedftw[.]com,malicious,2026-08-13
domain,uniabroad[.]io,malicious,2026-08-13
domain,xoilaccv[.]tv,malicious,2026-08-13
domain,cylonjs[.]com,malicious,2026-08-13
domain,mitomvd[.]cc,malicious,2026-08-13
domain,xoilacxya[.]cc,malicious,2026-08-13
domain,rakhoih[.]cc,malicious,2026-08-13
domain,90phutz57[.]live,malicious,2026-08-13
domain,cakhiaz78[.]live,malicious,2026-08-13
domain,momoai[.]io,malicious,2026-08-13
domain,socolivezh[.]cc,malicious,2026-08-13
domain,essayrewriter[.]io,malicious,2026-08-13
domain,goldsteinmusic[.]com,malicious,2026-08-13
domain,xoilackl[.]tv,malicious,2026-08-13
domain,simon-listens[.]org,malicious,2026-08-13
domain,vaoroiu[.]cc,malicious,2026-08-13
domain,vaoroivx[.]cc,malicious,2026-08-13
domain,maplebear[.]vn,malicious,2026-08-13
domain,xoilaczib[.]tv,malicious,2026-08-13
domain,xoilaczzzzc[.]tv,malicious,2026-08-13
domain,bleekerofficial[.]com,malicious,2026-08-13
domain,socolivekp[.]cc,malicious,2026-08-13
domain,cakhiaz81[.]live,malicious,2026-08-13
domain,90phutvg[.]cc,malicious,2026-08-13
domain,90phuttq[.]cc,malicious,2026-08-13
domain,cakhiavk[.]cc,malicious,2026-08-13
domain,90phutxxe[.]cc,malicious,2026-08-13
domain,rakhoiz34[.]live,malicious,2026-08-13
domain,yogaloftlondon[.]com,malicious,2026-08-13
domain,latelierblanc[.]com,malicious,2026-08-13
domain,xoilaczzizz[.]tv,malicious,2026-08-13
domain,compression[.]ca,malicious,2026-08-13
domain,xoilaczzvv[.]cc,malicious,2026-08-13
domain,currentintelligence[.]net,malicious,2026-08-13
domain,veboz28[.]live,malicious,2026-08-13
domain,socolivetvk[.]cc,malicious,2026-08-13
domain,90phutvx[.]cc,malicious,2026-08-13
domain,rakhoixc[.]cc,malicious,2026-08-13
domain,ruwenzori[.]net,malicious,2026-08-13
domain,socolivecc[.]io,malicious,2026-08-13
domain,veboz40[.]live,malicious,2026-08-13
domain,androidsnippets[.]com,malicious,2026-08-13
domain,centredesaddictions[.]org,malicious,2026-08-13
domain,mitomzl[.]cc,malicious,2026-08-13
domain,xoilaczzmz[.]tv,malicious,2026-08-13
domain,catwalkbytigi[.]com,malicious,2026-08-13
domain,xoilaczvy[.]cc,malicious,2026-08-13
domain,xoilaczvj[.]cc,malicious,2026-08-13
domain,tonygonzalesforcongress[.]com,malicious,2026-08-13
domain,sciencegeekgirl[.]com,malicious,2026-08-13
domain,rakhoie[.]cc,malicious,2026-08-13
domain,gomediashark[.]com,malicious,2026-08-13
domain,veboz55[.]live,malicious,2026-08-13
domain,xoilaczix[.]tv,malicious,2026-08-13
domain,cakhiavq[.]cc,malicious,2026-08-13
domain,xoilaczxh[.]cc,malicious,2026-08-13
domain,xoilacxtb[.]cc,malicious,2026-08-13
domain,radiaid[.]com,malicious,2026-08-13
domain,xoilaczxu[.]tv,malicious,2026-08-13
domain,siciliaparchi[.]com,malicious,2026-08-13
domain,90phutvj[.]cc,malicious,2026-08-13
domain,socolivetvn[.]cc,malicious,2026-08-13
domain,xoilaciix[.]cc,malicious,2026-08-13
domain,xoilaczzu[.]cc,malicious,2026-08-13
domain,rakhoiz19[.]live,malicious,2026-08-13
domain,joebrower[.]com,malicious,2026-08-13
domain,cakhiaaj[.]cc,malicious,2026-08-13
domain,madcpo[.]org,malicious,2026-08-13
domain,xoilacsy[.]cc,malicious,2026-08-13
domain,socolivekd[.]cc,malicious,2026-08-13
domain,xoilactvv[.]com,malicious,2026-08-13
domain,cakhiaz89[.]live,malicious,2026-08-13
domain,mitomz11[.]live,malicious,2026-08-13
domain,socolivex3[.]cc,malicious,2026-08-13
domain,xoilaciia[.]cc,malicious,2026-08-13
domain,xoilaczz97[.]live,malicious,2026-08-13
domain,childrenofthetribe[.]com,malicious,2026-08-13
domain,vebotvj[.]cc,malicious,2026-08-13
domain,xoilac365z[.]cc,malicious,2026-08-13
domain,opalmagic[.]net,malicious,2026-08-13
domain,cakhiaau[.]cc,malicious,2026-08-13
domain,90phutz54[.]live,malicious,2026-08-13
domain,veboz41[.]live,malicious,2026-08-13
domain,xoilaczkv[.]tv,malicious,2026-08-13
domain,xoilaczzdd[.]cc,malicious,2026-08-13
domain,cowart[.]io,malicious,2026-08-13
domain,xoilacvzt[.]cc,malicious,2026-08-13
domain,xoilactvv[.]online,malicious,2026-08-13
domain,ncscpartners[.]org,malicious,2026-08-13
domain,f4uae[.]com,malicious,2026-08-13
domain,unitedexchange[.]io,malicious,2026-08-13
domain,serviciosesencialesviolencia[.]org,malicious,2026-08-13
domain,rakhoive[.]cc,malicious,2026-08-13
domain,90phute[.]cc,malicious,2026-08-13
domain,cakhiaz79[.]live,malicious,2026-08-13
domain,vebozxq[.]cc,malicious,2026-08-13
domain,xoilaczzii[.]tv,malicious,2026-08-13
domain,rakhoiy[.]cc,malicious,2026-08-13
domain,xoilaclink-wc2026[.]tv,malicious,2026-08-13
domain,demasterblenders1753[.]com,malicious,2026-08-13
domain,poxi[.]io,malicious,2026-08-13
domain,41southsandpoint[.]com,malicious,2026-08-13
domain,xoilaczxk[.]cc,malicious,2026-08-13
domain,vaoroiz[.]cc,malicious,2026-08-13
domain,leoinnovationlab[.]com,malicious,2026-08-13
domain,xoilaczv[.]mobi,malicious,2026-08-13
domain,veboz35[.]live,malicious,2026-08-13
domain,rakhoixq[.]cc,malicious,2026-08-13
domain,locationwizard[.]io,malicious,2026-08-13
domain,xoilac86z58[.]live,malicious,2026-08-13
domain,ristorantealmororoma[.]com,malicious,2026-08-13
domain,rakhoiz10[.]live,malicious,2026-08-13
domain,rakhoizv[.]tv,malicious,2026-08-13
domain,yvea[.]io,malicious,2026-08-13
domain,90phutsu[.]cc,malicious,2026-08-13
domain,bongdaza[.]com,malicious,2026-08-13
domain,xoilaczxf[.]tv,malicious,2026-08-13
domain,rakhoip[.]cc,malicious,2026-08-13
domain,cliftonsla[.]com,malicious,2026-08-13
domain,xoilacu[.]cc,malicious,2026-08-13
domain,thewhiskystramash[.]com,malicious,2026-08-13
domain,90phutv[.]cc,malicious,2026-08-13
domain,kelleylaboratory[.]com,malicious,2026-08-13
domain,abbayedemarcilhac[.]com,malicious,2026-08-13
domain,cakhiazzg[.]cc,malicious,2026-08-13
domain,xoilaczr[.]cc,malicious,2026-08-13
domain,xoilac86z54[.]live,malicious,2026-08-13
domain,themoralliberal[.]com,malicious,2026-08-13
domain,gavangvsa[.]cc,malicious,2026-08-13
domain,home-connect-plus[.]com,malicious,2026-08-13
domain,veboxx[.]cc,malicious,2026-08-13
domain,viet-studies[.]net,malicious,2026-08-13
domain,xoilacsd[.]cc,malicious,2026-08-13
domain,xoilaczxx[.]cc,malicious,2026-08-13
domain,kweb[.]io,malicious,2026-08-13
domain,artitude[.]io,malicious,2026-08-13
domain,xoilaczz59[.]live,malicious,2026-08-13
domain,socolivedd[.]tv,malicious,2026-08-13
domain,vaoroi365[.]cc,malicious,2026-08-13
domain,90phutva[.]cc,malicious,2026-08-13
domain,xoilaczzozz[.]tv,malicious,2026-08-13
domain,90phutbg[.]cc,malicious,2026-08-13
domain,gavangvsa[.]live,malicious,2026-08-13
domain,socolivezzd[.]cc,malicious,2026-08-13
domain,nohoundunhomed[.]org,malicious,2026-08-13
domain,xoilac365i[.]cc,malicious,2026-08-13
domain,socolivetvt[.]cc,malicious,2026-08-13
domain,dirtyhandsmovie[.]com,malicious,2026-08-13
domain,xoilactvttbd[.]com,malicious,2026-08-13
domain,xoilacse[.]cc,malicious,2026-08-13
domain,cakhiazzpp[.]cc,malicious,2026-08-13
domain,cakhiahh[.]io,malicious,2026-08-13
domain,90phutz39[.]live,malicious,2026-08-13
domain,samsungdforum[.]com,malicious,2026-08-13
domain,pokeroguegame[.]io,malicious,2026-08-13
domain,zewebanim[.]com,malicious,2026-08-13
domain,socolivezzl[.]cc,malicious,2026-08-13
domain,cakhiai[.]cc,malicious,2026-08-13
domain,xoilac7[.]cc,malicious,2026-08-13
domain,rakhoixd[.]cc,malicious,2026-08-13
domain,xoilacky[.]tv,malicious,2026-08-13
domain,xoilacif[.]cc,malicious,2026-08-13
domain,socolivezza[.]cc,malicious,2026-08-13
domain,valleyswat[.]net,malicious,2026-08-13
domain,amanisbyob[.]com,malicious,2026-08-13
domain,xoilacsm[.]cc,malicious,2026-08-13
domain,autodriving[.]net,malicious,2026-08-13
domain,90phutz34[.]live,malicious,2026-08-13
domain,asianartmall[.]com,malicious,2026-08-13
domain,ubabub[.]com,malicious,2026-08-13
domain,puerto-plata-airport[.]com,malicious,2026-08-13
domain,shopjessicabuurman[.]com,malicious,2026-08-13
domain,socolivetvx[.]cc,malicious,2026-08-13
domain,xoilaczz51[.]live,malicious,2026-08-13
domain,annesastronomynews[.]com,malicious,2026-08-13
domain,xoilacrr[.]cc,malicious,2026-08-13
domain,veboz31[.]live,malicious,2026-08-13
domain,90phutvh[.]cc,malicious,2026-08-13
domain,mitomtvd[.]cc,malicious,2026-08-13
domain,xoilaczzoz[.]tv,malicious,2026-08-13
domain,cakhiar[.]cc,malicious,2026-08-13
domain,xoilackva[.]tv,malicious,2026-08-13
domain,yesteryearstools[.]com,malicious,2026-08-13
domain,thapcamtv[.]cab,malicious,2026-08-13
domain,mitomtvs[.]cc,malicious,2026-08-13
domain,90phutz48[.]live,malicious,2026-08-13
domain,obseva[.]com,malicious,2026-08-13
domain,mitomz19[.]live,malicious,2026-08-13
domain,lauraalberts[.]com,malicious,2026-08-13
domain,24sevenac[.]com,malicious,2026-08-13
domain,90phutab[.]cc,malicious,2026-08-13
domain,xoilacxyl[.]cc,malicious,2026-08-13
domain,3b-productions[.]com,malicious,2026-08-13
domain,fespaco[.]org,malicious,2026-08-13
domain,heeiastatepark[.]org,malicious,2026-08-13
domain,gotec[.]io,malicious,2026-08-13
domain,defit[.]io,malicious,2026-08-13
domain,xoilacxyb[.]cc,malicious,2026-08-13
domain,90phutcn[.]tv,malicious,2026-08-13
domain,kivohotel[.]com,malicious,2026-08-13
domain,rakhoiva[.]cc,malicious,2026-08-13
domain,socoliveaa[.]io,malicious,2026-08-13
domain,xoilaczxe[.]cc,malicious,2026-08-13
domain,rakhoiiy[.]cc,malicious,2026-08-13
domain,xoilaczz68[.]live,malicious,2026-08-13
domain,stablecredit[.]io,malicious,2026-08-13
domain,xoilactv[.]skin,malicious,2026-08-13
domain,listgrow[.]io,malicious,2026-08-13
domain,xoilacztr[.]tv,malicious,2026-08-13
domain,cakhiaztp[.]cc,malicious,2026-08-13
domain,cakhiaat[.]cc,malicious,2026-08-13
domain,xoilaczz41[.]live,malicious,2026-08-13
domain,xoilac-tvv[.]site,malicious,2026-08-13
domain,mitomp[.]cc,malicious,2026-08-13
domain,mitomzt[.]cc,malicious,2026-08-13
domain,rakhoivf[.]cc,malicious,2026-08-13
domain,cakhiazka[.]cc,malicious,2026-08-13
domain,ckx[.]org,malicious,2026-08-13
domain,xoilaczxa[.]cc,malicious,2026-08-13
domain,hotpatterns[.]com,malicious,2026-08-13
domain,90phutam[.]cc,malicious,2026-08-13
domain,allma[.]io,malicious,2026-08-13
domain,cakhiavv[.]cc,malicious,2026-08-13
domain,rusdlink[.]org,malicious,2026-08-13
domain,kleindorf-art[.]com,malicious,2026-08-13
domain,homemademimi[.]com,malicious,2026-08-13
domain,cleanocean[.]io,malicious,2026-08-13
domain,gavang-worldcup2026[.]tv,malicious,2026-08-13
domain,veboz59[.]live,malicious,2026-08-13
domain,xoilaciid[.]cc,malicious,2026-08-13
domain,xoilac86z55[.]live,malicious,2026-08-13
domain,lavillettadal1940[.]com,malicious,2026-08-13
domain,colatv65[.]live,malicious,2026-08-13
domain,vinhomesdreamcitys[.]com,malicious,2026-08-13
domain,xoilaczzmzz[.]tv,malicious,2026-08-13
domain,vebotvl[.]cc,malicious,2026-08-13
domain,cakhiazzoo[.]cc,malicious,2026-08-13
domain,caheotvttbd[.]org,malicious,2026-08-13
domain,xoilaczzz[.]mobi,malicious,2026-08-13
domain,90phutav[.]cc,malicious,2026-08-13
domain,tructiepbongda[.]fans,malicious,2026-08-13
domain,friendlyfalls[.]com,malicious,2026-08-13
domain,paelas[.]com,malicious,2026-08-13
domain,xoilac86z51[.]live,malicious,2026-08-13
domain,90phutar[.]cc,malicious,2026-08-13
domain,veboz58[.]live,malicious,2026-08-13
domain,rakhoiz28[.]live,malicious,2026-08-13
domain,mystarship[.]com,malicious,2026-08-13
domain,xoilaci[.]cc,malicious,2026-08-13
domain,samurainashville[.]com,malicious,2026-08-13
domain,xoilac365nn[.]cc,malicious,2026-08-13
domain,vvbrown[.]com,malicious,2026-08-13
domain,vaoroih[.]cc,malicious,2026-08-13
domain,rakhoif[.]cc,malicious,2026-08-13
domain,xoilacztf[.]tv,malicious,2026-08-13
domain,xoilaczz84[.]live,malicious,2026-08-13
domain,xoilaczts[.]tv,malicious,2026-08-13
domain,flymotorsich[.]com,malicious,2026-08-13
domain,plutoshift[.]com,malicious,2026-08-13
domain,juiceboxseattle[.]com,malicious,2026-08-13
domain,in-afp[.]org,malicious,2026-08-13
domain,superflydeluxe[.]com,malicious,2026-08-13
domain,mitomz16[.]live,malicious,2026-08-13
domain,kustard[.]io,malicious,2026-08-13
domain,xoilaciit[.]cc,malicious,2026-08-13
domain,socolivezzv[.]cc,malicious,2026-08-13
domain,cesky-dialog[.]net,malicious,2026-08-13
domain,vaoroi24[.]live,malicious,2026-08-13
domain,ecoduna[.]com,malicious,2026-08-13
domain,unioneweb[.]com,malicious,2026-08-13
domain,xoilaczzszz[.]tv,malicious,2026-08-13
domain,nunez-yanowsky[.]com,malicious,2026-08-13
domain,prasm[.]io,malicious,2026-08-13
domain,ethnographymatters[.]net,malicious,2026-08-13
domain,tungsteno[.]io,malicious,2026-08-13
domain,vaoroivz[.]cc,malicious,2026-08-13
domain,saoketvttbd[.]net,malicious,2026-08-13
domain,themintgrad[.]org,malicious,2026-08-13
domain,kosushimiami[.]com,malicious,2026-08-13
domain,xoilac86z63[.]live,malicious,2026-08-13
domain,philostv[.]com,malicious,2026-08-13
domain,xoilac86bl[.]tv,malicious,2026-08-13
domain,cakhiaag[.]cc,malicious,2026-08-13
domain,cakhiazzrr[.]cc,malicious,2026-08-13
domain,veboz21[.]live,malicious,2026-08-13
domain,xoilacvzb[.]cc,malicious,2026-08-13
domain,scbt[.]org,malicious,2026-08-13
domain,heilendes-wissen[.]com,malicious,2026-08-13
domain,colatv52[.]live,malicious,2026-08-13
domain,cakhiazzk[.]cc,malicious,2026-08-13
domain,speedthrone[.]io,malicious,2026-08-13
domain,xoilaczzll[.]tv,malicious,2026-08-13
domain,moshimonde[.]com,malicious,2026-08-13
domain,tructiepbongda[.]mobile,malicious,2026-08-13
domain,moplants[.]com,malicious,2026-08-13
domain,90phutz23[.]live,malicious,2026-08-13
domain,socolivezzc[.]cc,malicious,2026-08-13
domain,xoilac360-worldcup2026[.]tv,malicious,2026-08-13
domain,asiantown[.]net,malicious,2026-08-13
domain,cakhiaz77[.]live,malicious,2026-08-13
domain,xoilacza[.]cc,malicious,2026-08-13
domain,socoliveth[.]cc,malicious,2026-08-13
domain,90phutz42[.]live,malicious,2026-08-13
domain,celpl[.]io,malicious,2026-08-13
domain,vertcos[.]com,malicious,2026-08-13
domain,cakhiaac[.]cc,malicious,2026-08-13
domain,rakhoiz27[.]live,malicious,2026-08-13
domain,instantnodes[.]io,malicious,2026-08-13
domain,crfh[.]net,malicious,2026-08-13
domain,dieu-crea-la-femme[.]com,malicious,2026-08-13
domain,hotel-maritime[.]com,malicious,2026-08-13
domain,cakhiax1[.]cc,malicious,2026-08-13
domain,nyser[.]org,malicious,2026-08-13
domain,xoilac86zk[.]tv,malicious,2026-08-13
domain,vaoroii[.]tv,malicious,2026-08-13
domain,socolivezzu[.]cc,malicious,2026-08-13
domain,mxgpvideogame[.]com,malicious,2026-08-13
domain,socolivetvl[.]cc,malicious,2026-08-13
domain,sensoryecology[.]com,malicious,2026-08-13
domain,holacode[.]com,malicious,2026-08-13
domain,90phutsp[.]cc,malicious,2026-08-13
domain,xoilac365x[.]cc,malicious,2026-08-13
domain,rakhoivg[.]cc,malicious,2026-08-13
domain,vaoroim[.]cc,malicious,2026-08-13
domain,procodeguide[.]com,malicious,2026-08-13
domain,wskerrsculpture[.]com,malicious,2026-08-13
domain,urlaubswelt-kanaren[.]com,malicious,2026-08-13
domain,acjalae[.]org,malicious,2026-08-13
domain,rakhoitvr[.]cc,malicious,2026-08-13
domain,vaoroif[.]cc,malicious,2026-08-13
domain,cakhiaao[.]cc,malicious,2026-08-13
domain,vebotvh[.]cc,malicious,2026-08-13
domain,theinspirationroom[.]com,malicious,2026-08-13
domain,atterley[.]com,malicious,2026-08-13
domain,socolivex2[.]cc,malicious,2026-08-13
domain,xoilactvfullhd[.]io,malicious,2026-08-13
domain,moovactivewear[.]com,malicious,2026-08-13
domain,ilha-deserta[.]com,malicious,2026-08-13
domain,mfaabkhazia[.]org,malicious,2026-08-13
domain,xoilaczz55[.]live,malicious,2026-08-13
domain,xoilac86vx[.]tv,malicious,2026-08-13
domain,newbium[.]com,malicious,2026-08-13
domain,shelteredco[.]com,malicious,2026-08-13
domain,colatvia[.]live,malicious,2026-08-13
domain,socolivezq[.]cc,malicious,2026-08-13
domain,rentup[.]io,malicious,2026-08-13
domain,pivotshare[.]com,malicious,2026-08-13
domain,pizzaalley[.]com,malicious,2026-08-13
domain,90phutz49[.]live,malicious,2026-08-13
domain,cakhiaxs[.]cc,malicious,2026-08-13
domain,xoilactiviv[.]cc,malicious,2026-08-13
domain,xoilaczz93[.]live,malicious,2026-08-13
domain,xoilacvvm[.]cc,malicious,2026-08-13
domain,futureofeverything[.]io,malicious,2026-08-13
domain,breweroil[.]com,malicious,2026-08-13
domain,yvonneridley[.]org,malicious,2026-08-13
domain,theblueroomefc[.]com,malicious,2026-08-13
domain,xoilactvctr[.]live,malicious,2026-08-13
domain,beaconhillparkhistory[.]org,malicious,2026-08-13
domain,phongkhamago[.]com,malicious,2026-08-13
domain,xoilackkc[.]cc,malicious,2026-08-13
domain,90phutz94[.]live,malicious,2026-08-13
domain,cakhiazzs[.]cc,malicious,2026-08-13
domain,xoilaczi[.]cc,malicious,2026-08-13
domain,hellooo[.]io,malicious,2026-08-13
domain,cakhiaz64[.]live,malicious,2026-08-13
domain,cakhiaz84[.]live,malicious,2026-08-13
domain,cakhiavm[.]cc,malicious,2026-08-13
domain,socolivevq[.]cc,malicious,2026-08-13
domain,tomomi-i[.]com,malicious,2026-08-13
domain,90phutz46[.]live,malicious,2026-08-13
domain,doubleagentusa[.]com,malicious,2026-08-13
domain,xoilaczz61[.]live,malicious,2026-08-13
domain,xoilaczz78[.]live,malicious,2026-08-13
domain,allaboutmadonna[.]com,malicious,2026-08-13
domain,xoilac86st[.]tv,malicious,2026-08-13
domain,vebozd[.]cc,malicious,2026-08-13
domain,khomuctv[.]org,malicious,2026-08-13
domain,recroommemphis[.]com,malicious,2026-08-13
domain,cakhiatvoa[.]live,malicious,2026-08-13
domain,vebozy[.]cc,malicious,2026-08-13
domain,cifilter[.]io,malicious,2026-08-13
domain,madeleine-gustave[.]com,malicious,2026-08-13
domain,xoilaccx[.]tv,malicious,2026-08-13
domain,rakhoig[.]cc,malicious,2026-08-13
domain,vaoroikt[.]cc,malicious,2026-08-13
domain,thoughtpursuits[.]com,malicious,2026-08-13
domain,skdb[.]io,malicious,2026-08-13
domain,pahiyasfestival[.]com,malicious,2026-08-13
domain,xoilac86[.]io,malicious,2026-08-13
domain,hokusetsu-ikimono[.]com,malicious,2026-08-13
domain,xoilacztk[.]tv,malicious,2026-08-13
domain,netizensfilm[.]com,malicious,2026-08-13
domain,seascape-trinidad[.]com,malicious,2026-08-13
domain,90phutz53[.]live,malicious,2026-08-13
domain,90phutbz[.]cc,malicious,2026-08-13
domain,eaglespark[.]com,malicious,2026-08-13
domain,cakhiazxw[.]cc,malicious,2026-08-13
domain,gunbarrelcity[.]net,malicious,2026-08-13
domain,vaoroii[.]cc,malicious,2026-08-13
domain,xoilaczzx[.]com,malicious,2026-08-13
domain,izmail-city[.]org,malicious,2026-08-13
domain,socolivekb[.]cc,malicious,2026-08-13
domain,xoilac-tv[.]video,malicious,2026-08-13
domain,ichi2[.]net,malicious,2026-08-13
domain,scentofobsession[.]com,malicious,2026-08-13
domain,she-is-summer[.]com,malicious,2026-08-13
domain,campingzaragoza[.]com,malicious,2026-08-13
domain,jazzbreak[.]com,malicious,2026-08-13
domain,xoilaczzzz[.]cc,malicious,2026-08-13
domain,cakhiaxu[.]cc,malicious,2026-08-13
domain,spoonsleep[.]com,malicious,2026-08-13
domain,rakhoiz35[.]live,malicious,2026-08-13
domain,90phutz24[.]live,malicious,2026-08-13
domain,randrworld[.]com,malicious,2026-08-13
domain,xoilaczk[.]mobi,malicious,2026-08-13
domain,mitomk[.]cc,malicious,2026-08-13
domain,xoilaczznn[.]tv,malicious,2026-08-13
domain,xoilaczzw[.]tv,malicious,2026-08-13
domain,90phutz26[.]live,malicious,2026-08-13
domain,cantuscoelln[.]com,malicious,2026-08-13
domain,xoilacvvl[.]cc,malicious,2026-08-13
domain,echodex[.]io,malicious,2026-08-13
domain,cakhiazkc[.]cc,malicious,2026-08-13
domain,cultureandyouth[.]org,malicious,2026-08-13
domain,artfullywed[.]com,malicious,2026-08-13
domain,gotham-news[.]com,malicious,2026-08-13
domain,wonderybrand[.]com,malicious,2026-08-13
domain,cakhiaw[.]cc,malicious,2026-08-13
domain,lechienandalou[.]com,malicious,2026-08-13
domain,xoilacxyx[.]tv,malicious,2026-08-13
domain,cakhiad[.]cc,malicious,2026-08-13
domain,artano[.]io,malicious,2026-08-13
domain,xoilac86d[.]cc,malicious,2026-08-13
domain,cakhiazh[.]cc,malicious,2026-08-13
domain,akiyonoguchi[.]com,malicious,2026-08-13
domain,activeeon[.]com,malicious,2026-08-13
domain,centiserver[.]org,malicious,2026-08-13
domain,morganours[.]com,malicious,2026-08-13
domain,xoilaczz96[.]live,malicious,2026-08-13
domain,xoilaczia[.]tv,malicious,2026-08-13
domain,xoilaccd[.]tv,malicious,2026-08-13
domain,90phuttv[.]futbol,malicious,2026-08-13
domain,xoilacg[.]cc,malicious,2026-08-13
domain,windowsonecare[.]com,malicious,2026-08-13
domain,xoilactivin[.]cc,malicious,2026-08-13
domain,stop-ttip[.]org,malicious,2026-08-13
domain,xemcakhia[.]net,malicious,2026-08-13
domain,kineko[.]io,malicious,2026-08-13
domain,socolivezzj[.]cc,malicious,2026-08-13
domain,xoilaclivetv[.]com,malicious,2026-08-13
domain,xoilaczxy[.]tv,malicious,2026-08-13
domain,saintjamesalbany[.]com,malicious,2026-08-13
domain,cakhiazxv[.]cc,malicious,2026-08-13
domain,orangegirl[.]com,malicious,2026-08-13
domain,cakhiazf[.]cc,malicious,2026-08-13
domain,gotchosen[.]io,malicious,2026-08-13
domain,bullardlaw[.]com,malicious,2026-08-13
domain,buildingtomorrowtoday[.]com,malicious,2026-08-13
domain,90phutcp[.]tv,malicious,2026-08-13
domain,90phutir[.]cc,malicious,2026-08-13
domain,xoilaczxb[.]tv,malicious,2026-08-13
domain,savegocco[.]com,malicious,2026-08-13
domain,cakhiaaa[.]cc,malicious,2026-08-13
domain,xoilaczvo[.]cc,malicious,2026-08-13
domain,knowledgemobilization[.]net,malicious,2026-08-13
domain,elkstein[.]org,malicious,2026-08-13
domain,xoilacsa[.]cc,malicious,2026-08-13
domain,tiltitup[.]com,malicious,2026-08-13
domain,socolivevu[.]cc,malicious,2026-08-13
domain,cakhiaza[.]cc,malicious,2026-08-13
domain,ccnmatthews[.]com,malicious,2026-08-13
domain,xoilaco[.]cc,malicious,2026-08-13
domain,xoilacvza[.]cc,malicious,2026-08-13
domain,biggcreative[.]com,malicious,2026-08-13
domain,jreast[.]travel,malicious,2026-08-13
domain,eyeteasemedia[.]com,malicious,2026-08-13
domain,xoilaczta[.]tv,malicious,2026-08-13
domain,90phutz43[.]live,malicious,2026-08-13
domain,mitomtc[.]cc,malicious,2026-08-13
domain,90phutsw[.]cc,malicious,2026-08-13
domain,thunderstone[.]io,malicious,2026-08-13
domain,socolivevj[.]cc,malicious,2026-08-13
domain,veboz36[.]live,malicious,2026-08-13
domain,xoilac86bz[.]tv,malicious,2026-08-13
domain,cakhiaax[.]cc,malicious,2026-08-13
domain,90phutaa[.]cc,malicious,2026-08-13
domain,90phutu[.]cc,malicious,2026-08-13
domain,vebotvo[.]cc,malicious,2026-08-13
domain,xoilac86z65[.]live,malicious,2026-08-13
domain,xoilaczir[.]tv,malicious,2026-08-13
domain,trumptraders[.]org,malicious,2026-08-13
domain,rakhoiif[.]cc,malicious,2026-08-13
domain,xoilacvzc[.]cc,malicious,2026-08-13
domain,cakhiazxy[.]cc,malicious,2026-08-13
domain,xoilacxya[.]tv,malicious,2026-08-13
domain,xoilacgrc[.]tv,malicious,2026-08-13
domain,living-planit[.]com,malicious,2026-08-13
domain,xoilac86k[.]tv,malicious,2026-08-13
domain,vaoroi11[.]live,malicious,2026-08-13
domain,xoilaczz71[.]live,malicious,2026-08-13
domain,jadore-detroit[.]com,malicious,2026-08-13
domain,xoilaczih[.]tv,malicious,2026-08-13
domain,ideasapiens[.]com,malicious,2026-08-13
domain,allthemoms[.]com,malicious,2026-08-13
domain,opp-connect[.]com,malicious,2026-08-13
domain,thegirlspotct[.]com,malicious,2026-08-13
domain,rakhoiz12[.]live,malicious,2026-08-13
domain,veboz60[.]live,malicious,2026-08-13
domain,cakhiazzcc[.]cc,malicious,2026-08-13
domain,xoilaczzxx[.]cc,malicious,2026-08-13
domain,xoilaczz74[.]live,malicious,2026-08-13
domain,xoilac86xk[.]tv,malicious,2026-08-13
domain,rakhoiz25[.]live,malicious,2026-08-13
domain,xoilackg[.]tv,malicious,2026-08-13
domain,cakhiakk[.]io,malicious,2026-08-13
domain,socoliveuu[.]cc,malicious,2026-08-13
domain,eventchain[.]io,malicious,2026-08-13
domain,rakhoixi[.]cc,malicious,2026-08-13
domain,mitomt[.]cc,malicious,2026-08-13
domain,90phutth[.]cc,malicious,2026-08-13
domain,vaoroi17[.]live,malicious,2026-08-13
domain,staugs[.]org,malicious,2026-08-13
domain,xoilaczzzi[.]tv,malicious,2026-08-13
domain,nyakaschool[.]org,malicious,2026-08-13
domain,90phutzu[.]cc,malicious,2026-08-13
domain,rakhoii[.]cc,malicious,2026-08-13
domain,businessinnovationfactory[.]com,malicious,2026-08-13
domain,dobrateama[.]com,malicious,2026-08-13
domain,lambdafactory[.]io,malicious,2026-08-13
domain,xoilaczx[.]cc,malicious,2026-08-13
domain,cakhiax2[.]cc,malicious,2026-08-13
domain,cakhiazxe[.]cc,malicious,2026-08-13
domain,xoilacxo[.]cc,malicious,2026-08-13
domain,xoilac-tv[.]media,malicious,2026-08-13
domain,katsutan-sendan[.]com,malicious,2026-08-13
domain,rakhoivs[.]cc,malicious,2026-08-13
domain,f1-malaysia[.]com,malicious,2026-08-13
domain,mitomzz[.]cc,malicious,2026-08-13
domain,cakhiaz67[.]live,malicious,2026-08-13
domain,raptorcapital[.]io,malicious,2026-08-13
domain,xoilacvvo[.]cc,malicious,2026-08-13
domain,nurtureart[.]org,malicious,2026-08-13
domain,1noce[.]com,malicious,2026-08-13
domain,plaquehd[.]com,malicious,2026-08-13
domain,vebotvz[.]cc,malicious,2026-08-13
domain,unionstationdowntown[.]com,malicious,2026-08-13
domain,rakhoiq[.]cc,malicious,2026-08-13
domain,freeroam[.]io,malicious,2026-08-13
domain,zoglive[.]com,malicious,2026-08-13
domain,xoilac-tvv[.]website,malicious,2026-08-13
domain,ctrlalt[.]io,malicious,2026-08-13
domain,ideacheck[.]io,malicious,2026-08-13
domain,xoilaciic[.]cc,malicious,2026-08-13
domain,xoilacsk[.]cc,malicious,2026-08-13
domain,y-engeikan[.]com,malicious,2026-08-13
domain,xoilaczz73[.]live,malicious,2026-08-13
domain,90phutxxk[.]cc,malicious,2026-08-13
domain,xoilacxyu[.]cc,malicious,2026-08-13
domain,staki[.]io,malicious,2026-08-13
domain,socolivevl[.]cc,malicious,2026-08-13
domain,zmjones[.]com,malicious,2026-08-13
domain,xoilaczxd[.]tv,malicious,2026-08-13
domain,smokingsides[.]com,malicious,2026-08-13
domain,seaside-spa[.]com,malicious,2026-08-13
domain,colatv41[.]live,malicious,2026-08-13
domain,coronaelectricbeach[.]com,malicious,2026-08-13
domain,veboz29[.]live,malicious,2026-08-13
domain,veboz25[.]live,malicious,2026-08-13
domain,raspberrypihelp[.]net,malicious,2026-08-13
domain,a1aweather[.]com,malicious,2026-08-13
domain,robindeslois[.]org,malicious,2026-08-13
domain,90phutik[.]cc,malicious,2026-08-13
domain,gkfxprime[.]com,malicious,2026-08-13
domain,rakhoiiz[.]cc,malicious,2026-08-13
domain,printaholic[.]com,malicious,2026-08-13
domain,xoilaczxz[.]cc,malicious,2026-08-13
domain,cakhiazzss[.]cc,malicious,2026-08-13
domain,primebeautycosmetics[.]com,malicious,2026-08-13
domain,aurus[.]io,malicious,2026-08-13
domain,xoilaczz64[.]live,malicious,2026-08-13
domain,immortalbeloveddc[.]com,malicious,2026-08-13
domain,belkoair[.]com,malicious,2026-08-13
domain,xoilaczz47[.]live,malicious,2026-08-13
domain,xoilackkb[.]cc,malicious,2026-08-13
domain,vaoroix[.]tv,malicious,2026-08-13
domain,cakhiaf[.]cc,malicious,2026-08-13
domain,socolivetve[.]cc,malicious,2026-08-13
domain,xoilaczq[.]cc,malicious,2026-08-13
domain,90phutta[.]cc,malicious,2026-08-13
domain,southsudaninfo[.]net,malicious,2026-08-13
domain,cupcakepedia[.]com,malicious,2026-08-13
domain,xoilac86ze[.]tv,malicious,2026-08-13
domain,bonjourfrenchcafe[.]com,malicious,2026-08-13
domain,mitomz7[.]live,malicious,2026-08-13
domain,xoilaczzdzz[.]tv,malicious,2026-08-13
domain,vebozxb[.]cc,malicious,2026-08-13
domain,fidentiax[.]com,malicious,2026-08-13
domain,colatv[.]pro,malicious,2026-08-13
domain,mitomz9[.]live,malicious,2026-08-13
domain,socolivevy[.]cc,malicious,2026-08-13
domain,xoilaczzuz[.]tv,malicious,2026-08-13
domain,toyota-rekihaku[.]com,malicious,2026-08-13
domain,mundoagil[.]io,malicious,2026-08-13
domain,xoilaczz53[.]live,malicious,2026-08-13
domain,meetatsilkies[.]com,malicious,2026-08-13
domain,xoilac365za[.]tv,malicious,2026-08-13
domain,cakhiazzm[.]cc,malicious,2026-08-13
domain,djhobby[.]com,malicious,2026-08-13
domain,xoilaczz44[.]live,malicious,2026-08-13
domain,counterpointfestival[.]com,malicious,2026-08-13
domain,encounterlax[.]com,malicious,2026-08-13
domain,xoilacch[.]tv,malicious,2026-08-13
domain,mitomtvb[.]cc,malicious,2026-08-13
domain,cakhiaz83[.]live,malicious,2026-08-13
domain,xoilaczvt[.]cc,malicious,2026-08-13
domain,womengivesd[.]org,malicious,2026-08-13
domain,atomm[.]com[.]co,malicious,2026-08-13
domain,xoilacki[.]tv,malicious,2026-08-13
domain,rakhoik[.]cc,malicious,2026-08-13
domain,xoilac86[.]live,malicious,2026-08-13
domain,spotvnews[.]com,malicious,2026-08-13
domain,agostinowine[.]com,malicious,2026-08-13
domain,cakhiaz62[.]live,malicious,2026-08-13
domain,mistymay[.]com,malicious,2026-08-13
domain,lanoteglobale[.]org,malicious,2026-08-13
domain,cakhiaal[.]cc,malicious,2026-08-13
domain,volvooceanrace[.]org,malicious,2026-08-13
domain,ukrainianiphone[.]com,malicious,2026-08-13
domain,rakhoivl[.]cc,malicious,2026-08-13
domain,xoilac86u[.]cc,malicious,2026-08-13
domain,mycreditsummit[.]com,malicious,2026-08-13
domain,90phutts[.]cc,malicious,2026-08-13
domain,troly[.]io,malicious,2026-08-13
domain,armazemdocaffe[.]com,malicious,2026-08-13
domain,prattle[.]co,malicious,2026-08-13
domain,xoilaczz75[.]live,malicious,2026-08-13
domain,xoilaczzmm[.]tv,malicious,2026-08-13
domain,rakhoiz29[.]live,malicious,2026-08-13
domain,vectortalent[.]com,malicious,2026-08-13
domain,nivacosta[.]com,malicious,2026-08-13
domain,radioafricakitchen[.]com,malicious,2026-08-13
domain,socolivevn[.]cc,malicious,2026-08-13
domain,xoilac247-wc2026[.]tv,malicious,2026-08-13
domain,vebotvk[.]cc,malicious,2026-08-13
domain,mitomz20[.]live,malicious,2026-08-13
domain,syriancivilwarmap[.]com,malicious,2026-08-13
domain,xoilacttbda[.]live,malicious,2026-08-13
domain,rakhoiz26[.]live,malicious,2026-08-13
domain,hasonhaivan[.]com,malicious,2026-08-13
domain,90phutvn[.]cc,malicious,2026-08-13
domain,aseh[.]net,malicious,2026-08-13
domain,ayearinredwood[.]com,malicious,2026-08-13
domain,ice-atlanta[.]com,malicious,2026-08-13
domain,photo-seminars[.]com,malicious,2026-08-13
domain,xoilac86zz[.]tv,malicious,2026-08-13
domain,90phutvd[.]cc,malicious,2026-08-13
domain,90phutz60[.]live,malicious,2026-08-13
domain,todaysbigfail[.]com,malicious,2026-08-13
domain,vaoroit[.]cc,malicious,2026-08-13
domain,xoilacztq[.]tv,malicious,2026-08-13
domain,cakhiaz86[.]live,malicious,2026-08-13
domain,codemarshal[.]org,malicious,2026-08-13
domain,xoilaczz92[.]live,malicious,2026-08-13
domain,pismoglass[.]com,malicious,2026-08-13
domain,xembongda-xoilac[.]online,malicious,2026-08-13
domain,90phutio[.]cc,malicious,2026-08-13
domain,xoilaczzff[.]cc,malicious,2026-08-13
domain,mitomtvt[.]cc,malicious,2026-08-13
domain,warhorsemovie[.]com,malicious,2026-08-13
domain,porttoportmtb[.]com,malicious,2026-08-13
domain,xoilaczzzzj[.]tv,malicious,2026-08-13
domain,hoiquantv[.]online,malicious,2026-08-13
domain,cakhiaay[.]cc,malicious,2026-08-13
domain,blackgirlstrekkin[.]com,malicious,2026-08-13
domain,rakhoiic[.]cc,malicious,2026-08-13
domain,hulahoop-lepetitshop[.]com,malicious,2026-08-13
domain,xoilaczzmm[.]cc,malicious,2026-08-13
domain,xoilaczz[.]mobi,malicious,2026-08-13
domain,bleudame[.]com,malicious,2026-08-13
domain,kungfumusic[.]com,malicious,2026-08-13
domain,xoilacze[.]cc,malicious,2026-08-13
domain,xoilacaa[.]io,malicious,2026-08-13
domain,socolivezzw[.]cc,malicious,2026-08-13
domain,cloudtribe[.]io,malicious,2026-08-13
domain,rakhoij[.]cc,malicious,2026-08-13
domain,xoilacvv[.]io,malicious,2026-08-13
domain,xoilaczxi[.]cc,malicious,2026-08-13
domain,socolivevw[.]cc,malicious,2026-08-13
domain,xoilacxa[.]cc,malicious,2026-08-13
domain,xoilaczks[.]tv,malicious,2026-08-13
domain,gavangtvhd[.]io,malicious,2026-08-13
domain,terroirmag[.]com,malicious,2026-08-13
domain,southparkscene[.]com,malicious,2026-08-13
domain,oceanshoreskites[.]com,malicious,2026-08-13
domain,vebotn[.]cc,malicious,2026-08-13
domain,socolivezd[.]cc,malicious,2026-08-13
domain,rakhoiz38[.]live,malicious,2026-08-13
domain,ameliasbistro[.]com,malicious,2026-08-13
domain,mitomtvu[.]cc,malicious,2026-08-13
domain,becomingmartha[.]com,malicious,2026-08-13
domain,felixstowemuseum[.]org,malicious,2026-08-13
domain,elektrasrl[.]com,malicious,2026-08-13
domain,xoilaczz80[.]live,malicious,2026-08-13
domain,xoilaczzhh[.]tv,malicious,2026-08-13
domain,xoilaczzvzz[.]tv,malicious,2026-08-13
domain,aptosundead[.]io,malicious,2026-08-13
domain,xoilaczxn[.]cc,malicious,2026-08-13
domain,dobysoft[.]com,malicious,2026-08-13
domain,xoilaclive-wc2026[.]tv,malicious,2026-08-13
domain,mitomy[.]cc,malicious,2026-08-13
domain,6502asm[.]com,malicious,2026-08-13
domain,veboz23[.]live,malicious,2026-08-13
domain,mitoms[.]cc,malicious,2026-08-13
domain,90phuttt[.]cc,malicious,2026-08-13
domain,socolivevv[.]cc,malicious,2026-08-13
domain,90phutis[.]cc,malicious,2026-08-13
domain,hoiquantv[.]vip,malicious,2026-08-13
domain,90phutax[.]cc,malicious,2026-08-13
domain,xoilaczzjz[.]tv,malicious,2026-08-13
domain,natplan[.]com,malicious,2026-08-13
domain,rakhoivc[.]cc,malicious,2026-08-13
domain,xoilaczzfzz[.]tv,malicious,2026-08-13
domain,coalcreekgolfresort[.]com,malicious,2026-08-13
domain,xoilactvhdxd[.]io,malicious,2026-08-13
domain,breastcrawl[.]org,malicious,2026-08-13
domain,morganhillcellars[.]com,malicious,2026-08-13
domain,advancedspuds[.]com,malicious,2026-08-13
domain,anewspirit[.]com,malicious,2026-08-13
domain,mitomq[.]cc,malicious,2026-08-13
domain,rakhoiz36[.]live,malicious,2026-08-13
domain,camptrillium[.]com,malicious,2026-08-13
domain,finnoexpert[.]com,malicious,2026-08-13
domain,jartogo[.]io,malicious,2026-08-13
domain,gotraffic[.]io,malicious,2026-08-13
domain,rushmyessay[.]com,malicious,2026-08-13
domain,solpal[.]io,malicious,2026-08-13
domain,ltfventures[.]us,malicious,2026-08-13
domain,socolivevx[.]cc,malicious,2026-08-13
domain,xoilac86g[.]cc,malicious,2026-08-13
domain,xoilacxt[.]cc,malicious,2026-08-13
domain,socolivexx[.]tv,malicious,2026-08-13
domain,intuitionpay[.]io,malicious,2026-08-13
domain,xoilaccb[.]cc,malicious,2026-08-13
domain,xoilaczim[.]tv,malicious,2026-08-13
domain,sentrinov[.]org,malicious,2026-08-13
domain,xoilaczzii[.]cc,malicious,2026-08-13
domain,freedoors[.]org,malicious,2026-08-13
domain,ultracane[.]com,malicious,2026-08-13
domain,tsuboya-yachimundori[.]com,malicious,2026-08-13
domain,xoilacxxv[.]cc,malicious,2026-08-13
domain,westminsterbooks[.]com,malicious,2026-08-13
domain,localguddy[.]com,malicious,2026-08-13
domain,90phutvc[.]cc,malicious,2026-08-13
domain,asafavidanmusic[.]com,malicious,2026-08-13
domain,cakhiazzuu[.]cc,malicious,2026-08-13
domain,caheotvhd[.]live,malicious,2026-08-13
domain,cakhiaz72[.]live,malicious,2026-08-13
domain,socolivevd[.]cc,malicious,2026-08-13
domain,xoilaczn[.]cc,malicious,2026-08-13
domain,veboxy[.]cc,malicious,2026-08-13
domain,alzheimersreadingroom[.]com,malicious,2026-08-13
domain,enter-play[.]com,malicious,2026-08-13
domain,cakhiatv[.]mom,malicious,2026-08-13
domain,xoilacvzn[.]cc,malicious,2026-08-13
domain,festival-of-wine[.]com,malicious,2026-08-13
domain,xoilaczxv[.]tv,malicious,2026-08-13
domain,xoilacvzv[.]cc,malicious,2026-08-13
domain,xoilaczzff[.]tv,malicious,2026-08-13
domain,cakhiatvv[.]ink,malicious,2026-08-13
domain,cakhiazt[.]cc,malicious,2026-08-13
domain,kamadoguru[.]com,malicious,2026-08-13
domain,tidex[.]com,malicious,2026-08-13
domain,dkc7dev[.]com,malicious,2026-08-13
domain,xoilac86[.]mobi,malicious,2026-08-13
domain,vebozay[.]cc,malicious,2026-08-13
domain,ndoiljobs[.]com,malicious,2026-08-13
domain,cakhiab[.]cc,malicious,2026-08-13
domain,socolivett[.]cc,malicious,2026-08-13
domain,gatosalvajestudio[.]com,malicious,2026-08-13
domain,missiontacoli[.]com,malicious,2026-08-13
domain,xoilaczzuu[.]cc,malicious,2026-08-13
domain,xoilac1[.]site,malicious,2026-08-13
domain,cheapqsls[.]com,malicious,2026-08-13
domain,socolivezzs[.]cc,malicious,2026-08-13
domain,90phutsr[.]cc,malicious,2026-08-13
domain,embraceubuntu[.]com,malicious,2026-08-13
domain,socolivezzf[.]cc,malicious,2026-08-13
domain,glamoriser[.]com,malicious,2026-08-13
domain,xoilaczy[.]cc,malicious,2026-08-13
domain,xoilac86i[.]tv,malicious,2026-08-13
domain,xoilac365vv[.]com,malicious,2026-08-13
domain,uplibra[.]io,malicious,2026-08-13
domain,baderpeaches[.]com,malicious,2026-08-13
domain,xoilac86z61[.]live,malicious,2026-08-13
domain,groupe-scopelec[.]com,malicious,2026-08-13
domain,xembongda[.]co[.]com,malicious,2026-08-13
domain,dveryoptom[.]com,malicious,2026-08-13
domain,4oregolf[.]com,malicious,2026-08-13
domain,90phutttbd[.]org,malicious,2026-08-13
domain,socolivehh[.]cc,malicious,2026-08-13
domain,vaoroivp[.]cc,malicious,2026-08-13
domain,cakhiazr[.]cc,malicious,2026-08-13
domain,vebotvu[.]cc,malicious,2026-08-13
domain,thinkmind[.]io,malicious,2026-08-13
domain,boap[.]org,malicious,2026-08-13
domain,animalrampage3d[.]io,malicious,2026-08-13
domain,90phutz29[.]live,malicious,2026-08-13
domain,customgraffiti[.]net,malicious,2026-08-13
domain,cakhiaaz[.]cc,malicious,2026-08-13
domain,cakhiazxn[.]cc,malicious,2026-08-13
domain,colatv[.]website,malicious,2026-08-13
domain,xoilacl[.]cc,malicious,2026-08-13
domain,dissoc[.]org,malicious,2026-08-13
domain,sparksummit[.]com,malicious,2026-08-13
domain,xoilactivi[.]mobi,malicious,2026-08-13
domain,xoilacee[.]cc,malicious,2026-08-13
domain,cakhiam[.]cc,malicious,2026-08-13
domain,annesiems[.]com,malicious,2026-08-13
domain,tabouligrill[.]com,malicious,2026-08-13
domain,cattedraledicefalu[.]com,malicious,2026-08-13
domain,screenmedia[.]net,malicious,2026-08-13
domain,patiwizz[.]com,malicious,2026-08-13
domain,xoilactivix[.]cc,malicious,2026-08-13
domain,rakhoixo[.]cc,malicious,2026-08-13
domain,cakhiazti[.]cc,malicious,2026-08-13
domain,pidruchniki[.]com,malicious,2026-08-13
domain,cakhiazkv[.]cc,malicious,2026-08-13
domain,xoilaccm[.]tv,malicious,2026-08-13
domain,semihemisphere[.]com,malicious,2026-08-13
domain,emgsymphonyorchestra[.]org,malicious,2026-08-13
domain,veboz24[.]live,malicious,2026-08-13
domain,cakhiazkb[.]cc,malicious,2026-08-13
domain,kentuckyowlbourbon[.]com,malicious,2026-08-13
domain,dni-makeup[.]com,malicious,2026-08-13
domain,cakhiazb[.]cc,malicious,2026-08-13
domain,xoilacvzs[.]cc,malicious,2026-08-13
domain,xoilacztc[.]tv,malicious,2026-08-13
domain,quebecspot[.]com,malicious,2026-08-13
domain,edelamarre[.]com,malicious,2026-08-13
domain,anna-mcdonald[.]com,malicious,2026-08-13
domain,xoilactivif[.]cc,malicious,2026-08-13
domain,kajoog[.]org,malicious,2026-08-13
domain,cakhiaah[.]cc,malicious,2026-08-13
domain,pejualatise[.]com,malicious,2026-08-13
domain,cakhiazzw[.]cc,malicious,2026-08-13
domain,vaoroio[.]cc,malicious,2026-08-13
domain,socolivezzk[.]cc,malicious,2026-08-13
domain,cakhiazzmm[.]cc,malicious,2026-08-13
domain,socolivez7[.]live,malicious,2026-08-13
domain,90phutz58[.]live,malicious,2026-08-13
domain,whenigrowupcoach[.]com,malicious,2026-08-13
domain,cavatar[.]io,malicious,2026-08-13
domain,90phutag[.]cc,malicious,2026-08-13
domain,xoilac365u[.]cc,malicious,2026-08-13
domain,theshakespearestandard[.]com,malicious,2026-08-13
domain,cakhiaxi[.]cc,malicious,2026-08-13
domain,mitomtvh[.]cc,malicious,2026-08-13
domain,thewhig[.]org,malicious,2026-08-13
domain,milestonemx[.]com,malicious,2026-08-13
domain,stlvtt[.]com,malicious,2026-08-13
domain,sofffa[.]com,malicious,2026-08-13
domain,90phuttw[.]cc,malicious,2026-08-13
domain,vaoroid[.]cc,malicious,2026-08-13
domain,deadoralivebar[.]com,malicious,2026-08-13
domain,leios[.]io,malicious,2026-08-13
domain,strandsauna-sylt[.]com,malicious,2026-08-13
domain,astralsnft[.]io,malicious,2026-08-13
domain,philippemanoury[.]com,malicious,2026-08-13
domain,cakhiazzz[.]cc,malicious,2026-08-13
domain,labelhabitation[.]com,malicious,2026-08-13
domain,bigroombar[.]com,malicious,2026-08-13
domain,xoilacxyj[.]tv,malicious,2026-08-13
domain,socolivetvj[.]cc,malicious,2026-08-13
domain,youandjerrycan[.]org,malicious,2026-08-13
domain,xoilaciis[.]cc,malicious,2026-08-13
domain,xoilackw[.]tv,malicious,2026-08-13
domain,xoilac[.]store,malicious,2026-08-13
domain,xoilaczxh[.]tv,malicious,2026-08-13
domain,jidaf[.]org,malicious,2026-08-13
domain,berith[.]org,malicious,2026-08-13
domain,90phutcs[.]tv,malicious,2026-08-13
domain,90phutz52[.]live,malicious,2026-08-13
domain,denis-darzacq[.]com,malicious,2026-08-13
domain,xoilaczz83[.]live,malicious,2026-08-13
domain,xoilacxym[.]tv,malicious,2026-08-13
domain,bebionic[.]com,malicious,2026-08-13
domain,habbitapp[.]io,malicious,2026-08-13
domain,gameonaus[.]com,malicious,2026-08-13
domain,cajuncabinguestcottage[.]com,malicious,2026-08-13
domain,pierrerestaurantdecopains[.]com,malicious,2026-08-13
domain,rakhoix[.]cc,malicious,2026-08-13
domain,xoilacvzh[.]cc,malicious,2026-08-13
domain,franciscanseculars[.]com,malicious,2026-08-13
domain,colatv40[.]live,malicious,2026-08-13
domain,xoilaczzzv[.]tv,malicious,2026-08-13
domain,90phuttn[.]cc,malicious,2026-08-13
domain,babyvamp-jessica[.]com,malicious,2026-08-13
domain,truthaboutdeception[.]com,malicious,2026-08-13
domain,xoilacxym[.]cc,malicious,2026-08-13
domain,xoilac365qq[.]cc,malicious,2026-08-13
domain,socolivezzh[.]cc,malicious,2026-08-13
domain,xoilacd[.]cc,malicious,2026-08-13
domain,veboz30[.]live,malicious,2026-08-13
domain,vaoroi23[.]live,malicious,2026-08-13
domain,cakhiazxi[.]cc,malicious,2026-08-13
domain,rakhoixm[.]cc,malicious,2026-08-13
domain,harborfreight22[.]com,malicious,2026-08-13
domain,superconstellation[.]org,malicious,2026-08-13
domain,vaoroi9[.]live,malicious,2026-08-13
domain,socolivekk[.]cc,malicious,2026-08-13
domain,rakhoiib[.]cc,malicious,2026-08-13
domain,xoilaczh[.]cc,malicious,2026-08-13
domain,issue247[.]com,malicious,2026-08-13
domain,adiumx[.]com,malicious,2026-08-13
domain,blackfishmovie[.]com,malicious,2026-08-13
domain,xoilaciig[.]cc,malicious,2026-08-13
domain,cakhiazzj[.]cc,malicious,2026-08-13
domain,bmvc2021-virtualconference[.]com,malicious,2026-08-13
domain,cakhiaztd[.]cc,malicious,2026-08-13
domain,90phutsn[.]cc,malicious,2026-08-13
domain,xoilaczz67[.]live,malicious,2026-08-13
domain,practicalservicedesign[.]com,malicious,2026-08-13
domain,colatv44[.]live,malicious,2026-08-13
domain,design-by-jaler[.]com,malicious,2026-08-13
domain,kibati-kai[.]net,malicious,2026-08-13
domain,shibuya-ygp[.]com,malicious,2026-08-13
domain,rakhoixx[.]cc,malicious,2026-08-13
domain,vaoroivd[.]cc,malicious,2026-08-13
domain,xoilac365xb[.]tv,malicious,2026-08-13
domain,agewellct[.]org,malicious,2026-08-13
domain,xoilactvx13[.]club,malicious,2026-08-13
domain,vebotvb[.]cc,malicious,2026-08-13
domain,opencitiesproject[.]org,malicious,2026-08-13
domain,outsideoftheboot[.]com,malicious,2026-08-13
domain,cakhiaz[.]cc,malicious,2026-08-13
domain,shrn[.]org,malicious,2026-08-13
domain,sodexo[.]vn,malicious,2026-08-13
domain,space-mine[.]io,malicious,2026-08-13
domain,xoilachdwc2026[.]tv,malicious,2026-08-13
domain,cakhiaz70[.]live,malicious,2026-08-13
domain,cakhiazta[.]cc,malicious,2026-08-13
domain,cakhiavz[.]cc,malicious,2026-08-13
domain,vaoroig[.]cc,malicious,2026-08-13
domain,socolivezzm[.]cc,malicious,2026-08-13
domain,3dphoto[.]io,malicious,2026-08-13
domain,rjkoehler[.]com,malicious,2026-08-13
domain,wi5[.]io,malicious,2026-08-13
domain,peterbrooke[.]org,malicious,2026-08-13
domain,brandcrush[.]com,malicious,2026-08-13
domain,90phutz33[.]live,malicious,2026-08-13
domain,xoilac365b[.]cc,malicious,2026-08-13
domain,dagashi[.]org,malicious,2026-08-13
domain,90phutz40[.]live,malicious,2026-08-13
domain,vaoroiy[.]cc,malicious,2026-08-13
domain,xoilacvzw[.]cc,malicious,2026-08-13
domain,loganvillepromovers[.]com,malicious,2026-08-13
domain,mitomn[.]cc,malicious,2026-08-13
domain,90phutz22[.]live,malicious,2026-08-13
domain,xoilactv3[.]solutions,malicious,2026-08-13
domain,socolivezo[.]cc,malicious,2026-08-13
domain,socolivejj[.]cc,malicious,2026-08-13
domain,tierraignaciana[.]com,malicious,2026-08-13
domain,90phutsh[.]cc,malicious,2026-08-13
domain,ohkpop[.]com,malicious,2026-08-13
domain,socolivevi[.]cc,malicious,2026-08-13
domain,miscdistillery[.]com,malicious,2026-08-13
domain,themok[.]io,malicious,2026-08-13
domain,xoilacztd[.]tv,malicious,2026-08-13
domain,waveengine[.]net,malicious,2026-08-13
domain,labelleassiette[.]com,malicious,2026-08-13
domain,sisleyhonda[.]com,malicious,2026-08-13
domain,digitalsunshine[.]io,malicious,2026-08-13
domain,edgee[.]net,malicious,2026-08-13
domain,vaoroikg[.]cc,malicious,2026-08-13
domain,hfme[.]org,malicious,2026-08-13
domain,xoilac365xd[.]tv,malicious,2026-08-13
domain,cakhiaz76[.]live,malicious,2026-08-13
domain,navarrasport[.]com,malicious,2026-08-13
domain,unipilot[.]io,malicious,2026-08-13
domain,scicos[.]org,malicious,2026-08-13
domain,90phuttb[.]cc,malicious,2026-08-13
domain,mitomzm[.]cc,malicious,2026-08-13
domain,technopor[.]com,malicious,2026-08-13
domain,cakhiazxc[.]cc,malicious,2026-08-13
domain,xoilaciih[.]cc,malicious,2026-08-13
domain,itccs[.]org,malicious,2026-08-13
domain,90phutay[.]cc,malicious,2026-08-13
domain,cakhia[.]org,malicious,2026-08-13
domain,superdoge[.]io,malicious,2026-08-13
domain,theyachtlondon[.]com,malicious,2026-08-13
domain,xoilacsp[.]cc,malicious,2026-08-13
domain,xyzprinting[.]com,malicious,2026-08-13
domain,ie-sf[.]org,malicious,2026-08-13
domain,totalping[.]com,malicious,2026-08-13
domain,gofs[.]io,malicious,2026-08-13
domain,yourwildlifepro[.]com,malicious,2026-08-13
domain,vebotva[.]cc,malicious,2026-08-13
domain,houseofcaress[.]com,malicious,2026-08-13
domain,waiting-forthe-sun[.]net,malicious,2026-08-13
domain,rakhoivv[.]cc,malicious,2026-08-13
domain,prosesbayar[.]com,malicious,2026-08-13
domain,90phutso[.]cc,malicious,2026-08-13
domain,marthasvineyardfitness[.]com,malicious,2026-08-13
domain,rakhoixs[.]cc,malicious,2026-08-13
domain,ferge[.]io,malicious,2026-08-13
domain,xoilaccz[.]tv,malicious,2026-08-13
domain,xoilaclive24h[.]io,malicious,2026-08-13
domain,gdccscan[.]io,malicious,2026-08-13
domain,90phutvf[.]cc,malicious,2026-08-13
domain,rakhoiz33[.]live,malicious,2026-08-13
domain,xoilaczxe[.]tv,malicious,2026-08-13
domain,socolivezj[.]cc,malicious,2026-08-13
domain,cakhiaj[.]cc,malicious,2026-08-13
domain,xoilacvnnd[.]tv,malicious,2026-08-13
domain,roypitzbarrelhouse[.]com,malicious,2026-08-13
domain,90phutbm[.]cc,malicious,2026-08-13
domain,roostandrestore[.]com,malicious,2026-08-13
domain,aacommission[.]org,malicious,2026-08-13
domain,oshunbeautyclinic[.]com,malicious,2026-08-13
domain,globalhive[.]io,malicious,2026-08-13
domain,xoilaczxl[.]tv,malicious,2026-08-13
domain,peepoople[.]com,malicious,2026-08-13
domain,xoilaczz72[.]live,malicious,2026-08-13
domain,xoilac365ss[.]cc,malicious,2026-08-13
domain,xoilacbongda-worldcup2026[.]tv,malicious,2026-08-13
domain,xoilacsl[.]cc,malicious,2026-08-13
domain,xoilaczza[.]cc,malicious,2026-08-13
domain,rakhoiin[.]cc,malicious,2026-08-13
domain,xoilacsi[.]cc,malicious,2026-08-13
domain,xoilac365zc[.]tv,malicious,2026-08-13
domain,xoilaczzzzg[.]tv,malicious,2026-08-13
domain,xoilacxxx[.]cc,malicious,2026-08-13
domain,cakhiaad[.]cc,malicious,2026-08-13
domain,socolivehd247[.]tv,malicious,2026-08-13
domain,vaoroike[.]cc,malicious,2026-08-13
domain,thebookwheelblog[.]com,malicious,2026-08-13
domain,xoilackt[.]tv,malicious,2026-08-13
domain,mitomtve[.]cc,malicious,2026-08-13
domain,solsticearena[.]com,malicious,2026-08-13
domain,xoilacci[.]cc,malicious,2026-08-13
domain,outrop[.]com,malicious,2026-08-13
domain,agot-genesis[.]com,malicious,2026-08-13
domain,workrules[.]net,malicious,2026-08-13
domain,xoilacztm[.]tv,malicious,2026-08-13
domain,omenkagallery[.]com,malicious,2026-08-13
domain,mreen[.]org,malicious,2026-08-13
domain,socolivetvs[.]cc,malicious,2026-08-13
domain,rakhoivd[.]cc,malicious,2026-08-13
domain,taclobanhotels[.]com,malicious,2026-08-13
domain,90phut-wc2026[.]tv,malicious,2026-08-13
domain,scottishdarts[.]com,malicious,2026-08-13
domain,xoilaczzzzh[.]tv,malicious,2026-08-13
domain,rakhoivb[.]cc,malicious,2026-08-13
domain,xoilacbb[.]io,malicious,2026-08-13
domain,90phutah[.]cc,malicious,2026-08-13
domain,vebozaf[.]cc,malicious,2026-08-13
domain,90phutz59[.]live,malicious,2026-08-13
domain,assistpatrol[.]com,malicious,2026-08-13
domain,socolivezzq[.]cc,malicious,2026-08-13
domain,90phutsj[.]cc,malicious,2026-08-13
domain,vebozaw[.]cc,malicious,2026-08-13
domain,xoilaczz66[.]live,malicious,2026-08-13
domain,xoilactv1[.]solutions,malicious,2026-08-13
domain,socolivezzg[.]cc,malicious,2026-08-13
domain,xoilacmm[.]io,malicious,2026-08-13
domain,hrscene[.]com,malicious,2026-08-13
domain,phantomforest[.]com,malicious,2026-08-13
domain,socialcapitalgateway[.]org,malicious,2026-08-13
domain,vebotvw[.]cc,malicious,2026-08-13
domain,xoilaczzkk[.]cc,malicious,2026-08-13
domain,xoilact[.]cc,malicious,2026-08-13
domain,cakhiazzh[.]cc,malicious,2026-08-13
domain,psptubedepot[.]com,malicious,2026-08-13
domain,xoilac86[.]cc,malicious,2026-08-13
domain,whiteboardcrm[.]com,malicious,2026-08-13
domain,xoilackke[.]cc,malicious,2026-08-13
domain,learnairbnb[.]com,malicious,2026-08-13
domain,a3artistsagency[.]com,malicious,2026-08-13
domain,dapprogram[.]org,malicious,2026-08-13
domain,de-locos-tapas[.]com,malicious,2026-08-13
domain,hoiquantv[.]site,malicious,2026-08-13
domain,xoilaczzr[.]cc,malicious,2026-08-13
domain,designerbox[.]com,malicious,2026-08-13
domain,bemydd[.]com,malicious,2026-08-13
domain,newshankuk[.]com,malicious,2026-08-13
domain,xoilacxxc[.]cc,malicious,2026-08-13
domain,xoilactivis[.]cc,malicious,2026-08-13
domain,socolivetvu[.]cc,malicious,2026-08-13
domain,xoilacff[.]cc,malicious,2026-08-13
domain,xoilacxyc[.]cc,malicious,2026-08-13
domain,luongsontv[.]black,malicious,2026-08-13
domain,almahealth[.]io,malicious,2026-08-13
domain,xoilaczzv[.]com,malicious,2026-08-13
domain,cakhiaz85[.]live,malicious,2026-08-13
domain,xoilaczz49[.]live,malicious,2026-08-13
domain,originalcottageinn[.]com,malicious,2026-08-13
domain,xoilaciv[.]top,malicious,2026-08-13
domain,micheleslist[.]org,malicious,2026-08-13
domain,bandai-asia[.]com,malicious,2026-08-13
domain,cakhiabb[.]io,malicious,2026-08-13
domain,afleurdepau[.]com,malicious,2026-08-13
domain,90phutaq[.]cc,malicious,2026-08-13
domain,vebotve[.]cc,malicious,2026-08-13
domain,rakhoiz17[.]live,malicious,2026-08-13
domain,korcula-hotels[.]com,malicious,2026-08-13
domain,jurasudfoot[.]com,malicious,2026-08-13
domain,picknzip[.]com,malicious,2026-08-13
domain,espoire[.]org,malicious,2026-08-13
domain,vaoroizt[.]cc,malicious,2026-08-13
domain,scratchcode[.]io,malicious,2026-08-13
domain,90phutz28[.]live,malicious,2026-08-13
domain,xoilacxyc[.]tv,malicious,2026-08-13
domain,mitomta[.]cc,malicious,2026-08-13
domain,90phutz45[.]live,malicious,2026-08-13
domain,extractcss[.]com,malicious,2026-08-13
domain,seren-books[.]com,malicious,2026-08-13
domain,crackedstream[.]io,malicious,2026-08-13
domain,chateaufoods[.]com,malicious,2026-08-13
domain,cakhiaar[.]cc,malicious,2026-08-13
domain,vebotvq[.]cc,malicious,2026-08-13
domain,veboz52[.]live,malicious,2026-08-13
domain,socolivezzi[.]cc,malicious,2026-08-13
domain,0responsables[.]com,malicious,2026-08-13
domain,xoilactva[.]run,malicious,2026-08-13
domain,rakhoiz30[.]live,malicious,2026-08-13
domain,xoilacko[.]tv,malicious,2026-08-13
domain,90phutxxv[.]cc,malicious,2026-08-13
domain,nfctimes[.]com,malicious,2026-08-13
domain,cakhiazxz[.]cc,malicious,2026-08-13
domain,xryshaygh[.]com,malicious,2026-08-13
domain,90phutz41[.]live,malicious,2026-08-13
domain,cakhiazz[.]io,malicious,2026-08-13
domain,90phutxxg[.]cc,malicious,2026-08-13
domain,xoilacxn[.]cc,malicious,2026-08-13
domain,bachdangco[.]com,malicious,2026-08-13
domain,qlick[.]io,malicious,2026-08-13
domain,rakhoiim[.]cc,malicious,2026-08-13
domain,xoilaczzbb[.]tv,malicious,2026-08-13
domain,xoilac86z64[.]live,malicious,2026-08-13
domain,xoilaczzoo[.]cc,malicious,2026-08-13
domain,xoilac365xp[.]tv,malicious,2026-08-13
domain,colatv[.]biz,malicious,2026-08-13
domain,jonathandmoreno[.]com,malicious,2026-08-13
domain,istillshootfilm[.]org,malicious,2026-08-13
domain,veboz56[.]live,malicious,2026-08-13
domain,jazzinpark[.]com,malicious,2026-08-13
domain,xoilacxta[.]cc,malicious,2026-08-13
domain,mitomz18[.]live,malicious,2026-08-13
domain,cakhiaz73[.]live,malicious,2026-08-13
domain,cakhiavt[.]cc,malicious,2026-08-13
domain,retrobowl-online[.]io,malicious,2026-08-13
domain,fondu[.]io,malicious,2026-08-13
domain,1c8[.]org,malicious,2026-08-13
domain,grandniletower[.]com,malicious,2026-08-13
domain,zbyte[.]io,malicious,2026-08-13
domain,thenewflea[.]org,malicious,2026-08-13
domain,canchea[.]co,malicious,2026-08-13
domain,quirqstation[.]com,malicious,2026-08-13
domain,amritathakur[.]in,malicious,2026-08-13
domain,90phut-worldcup2026a[.]tv,malicious,2026-08-13
domain,mitommf[.]cc,malicious,2026-08-13
domain,acova[.]io,malicious,2026-08-13
domain,newhollandskidsteer[.]org,malicious,2026-08-13
domain,xembongda[.]blog,malicious,2026-08-13
domain,abnerscheesesteakspa[.]com,malicious,2026-08-13
domain,pulsecloud[.]io,malicious,2026-08-13
domain,sinoue[.]com,malicious,2026-08-13
domain,twiitter[.]com,malicious,2026-08-13
domain,parkesplanada[.]com,malicious,2026-08-13
domain,xoilaczs[.]top,malicious,2026-08-13
domain,cakhiap[.]cc,malicious,2026-08-13
domain,xoilacsr[.]cc,malicious,2026-08-13
domain,zibity[.]com,malicious,2026-08-13
domain,treoci[.]org,malicious,2026-08-13
domain,cakhiazxf[.]cc,malicious,2026-08-13
domain,xoilachd-wc2026[.]tv,malicious,2026-08-13
domain,padang-today[.]com,malicious,2026-08-13
domain,vlovajobpru[.]com,malicious,2026-08-13
domain,lilleoperabrasserie[.]com,malicious,2026-08-13
domain,xoilacnn[.]cc,malicious,2026-08-13
domain,watiz[.]io,malicious,2026-08-13
domain,xoilacx[.]cc,malicious,2026-08-13
domain,wjec[.]net,malicious,2026-08-13
domain,certification-vegan[.]org,malicious,2026-08-13
domain,curedbouider[.]com,malicious,2026-08-13
domain,xoilaczzdd[.]tv,malicious,2026-08-13
domain,colatv99[.]live,malicious,2026-08-13
domain,xoilaczz99[.]live,malicious,2026-08-13
domain,xoilacxxh[.]cc,malicious,2026-08-13
domain,socolivehd[.]io,malicious,2026-08-13
domain,xoilaczzt[.]cc,malicious,2026-08-13
domain,yes4minneapolis[.]org,malicious,2026-08-13
domain,cru68[.]com,malicious,2026-08-13
domain,alianzamarblava[.]org,malicious,2026-08-13
domain,xoilaczzzzz[.]tv,malicious,2026-08-13
domain,vaoroi10[.]live,malicious,2026-08-13
domain,7ecrit[.]com,malicious,2026-08-13
domain,guper[.]io,malicious,2026-08-13
domain,xoilac86c[.]cc,malicious,2026-08-13
domain,xoilaczzyy[.]cc,malicious,2026-08-13
domain,briegowen[.]com,malicious,2026-08-13
domain,socolivenn[.]cc,malicious,2026-08-13
domain,xoilaczz81[.]live,malicious,2026-08-13
domain,socolivetvd[.]cc,malicious,2026-08-13
domain,ridgecafe[.]com,malicious,2026-08-13
domain,androiduipatterns[.]com,malicious,2026-08-13
domain,simphonie-du-marais[.]org,malicious,2026-08-13
domain,mardinifabrics[.]com,malicious,2026-08-13
domain,remoteimpact[.]io,malicious,2026-08-13
domain,xoilachd-worldcup2026[.]tv,malicious,2026-08-13
domain,compagnieduhasard[.]com,malicious,2026-08-13
domain,90phut[.]store,malicious,2026-08-13
domain,evesy[.]io,malicious,2026-08-13
domain,cakhiac[.]cc,malicious,2026-08-13
domain,xoilaczzcz[.]tv,malicious,2026-08-13
domain,delitdimages[.]org,malicious,2026-08-13
domain,antonellieventcenter[.]com,malicious,2026-08-13
domain,xoilaczzo[.]cc,malicious,2026-08-13
domain,berbix[.]com,malicious,2026-08-13
domain,transplantinterface[.]com,malicious,2026-08-13
domain,babayega[.]com,malicious,2026-08-13
domain,jeffgalloway131[.]com,malicious,2026-08-13
domain,socolivekc[.]cc,malicious,2026-08-13
domain,90phutxi[.]cc,malicious,2026-08-13
domain,cakhiavh[.]cc,malicious,2026-08-13
domain,xoilaczxv[.]cc,malicious,2026-08-13
domain,xoilaclivehda[.]tv,malicious,2026-08-13
domain,xoilaczzkzz[.]tv,malicious,2026-08-13
domain,xoilacvnnc[.]tv,malicious,2026-08-13
domain,cakhiaq[.]cc,malicious,2026-08-13
domain,raisingzoomer[.]com,malicious,2026-08-13
domain,frinx[.]io,malicious,2026-08-13
domain,xoilacyyw[.]cc,malicious,2026-08-13
domain,mitomm[.]cc,malicious,2026-08-13
domain,xoilaczkn[.]tv,malicious,2026-08-13
domain,colatv[.]net,malicious,2026-08-13
domain,prismafinance[.]com,malicious,2026-08-13
domain,cakhiazkf[.]cc,malicious,2026-08-13
domain,petsugar[.]com,malicious,2026-08-13
domain,ilaparis2023[.]org,malicious,2026-08-13
domain,socolivetm[.]cc,malicious,2026-08-13
domain,providenceresources[.]com,malicious,2026-08-13
domain,socolivetvq[.]cc,malicious,2026-08-13
domain,90phutsv[.]cc,malicious,2026-08-13
domain,socolivevs[.]cc,malicious,2026-08-13
domain,vaoroiky[.]cc,malicious,2026-08-13
domain,socialstats[.]io,malicious,2026-08-13
domain,thezimbabwestandard[.]com,malicious,2026-08-13
domain,valentinastexmexbbq[.]com,malicious,2026-08-13
domain,naka-sei[.]com,malicious,2026-08-13
domain,xoilacca[.]tv,malicious,2026-08-13
domain,reelsdownloader[.]io,malicious,2026-08-13
domain,cakhiazc[.]cc,malicious,2026-08-13
domain,socolivez9[.]live,malicious,2026-08-13
domain,socolivezzb[.]cc,malicious,2026-08-13
domain,hotel-llevant[.]com,malicious,2026-08-13
domain,xoilaczit[.]tv,malicious,2026-08-13
domain,xoilaczzzw[.]tv,malicious,2026-08-13
domain,esotericonline[.]net,malicious,2026-08-13
domain,xoilacxyr[.]tv,malicious,2026-08-13
domain,vaoroi18[.]live,malicious,2026-08-13
domain,lensdeli[.]com,malicious,2026-08-13
domain,webcp[.]io,malicious,2026-08-13
domain,xoilaczzv[.]cc,malicious,2026-08-13
domain,ringr[.]com,malicious,2026-08-13
domain,aoc-banon[.]com,malicious,2026-08-13
domain,jimleamusic[.]com,malicious,2026-08-13
domain,xoilaciim[.]cc,malicious,2026-08-13
domain,mitomz17[.]live,malicious,2026-08-13
domain,socolivezi[.]cc,malicious,2026-08-13
domain,cakhiao[.]cc,malicious,2026-08-13
domain,rakhoiz23[.]live,malicious,2026-08-13
domain,bangkokglassfc[.]com,malicious,2026-08-13
domain,xoilaczz79[.]live,malicious,2026-08-13
domain,elefantasia[.]org,malicious,2026-08-13
domain,cakhiazzjj[.]cc,malicious,2026-08-13
domain,xoilaczid[.]tv,malicious,2026-08-13
domain,joyabrooklyn[.]com,malicious,2026-08-13
domain,mitomzh[.]cc,malicious,2026-08-13
domain,airdropking[.]io,malicious,2026-08-13
domain,conun[.]io,malicious,2026-08-13
domain,cakhiavy[.]cc,malicious,2026-08-13
domain,veboz27[.]live,malicious,2026-08-13
domain,vebozj[.]cc,malicious,2026-08-13
domain,otocycles[.]com,malicious,2026-08-13
domain,90phutiv[.]cc,malicious,2026-08-13
domain,investlisboa[.]com,malicious,2026-08-13
domain,mitomzi[.]cc,malicious,2026-08-13
domain,xoilaczzaa[.]cc,malicious,2026-08-13
domain,xoilac86kz[.]tv,malicious,2026-08-13
domain,cakhiazxj[.]cc,malicious,2026-08-13
domain,xoilaczto[.]tv,malicious,2026-08-13
domain,xoilac86x[.]cc,malicious,2026-08-13
domain,socolivekn[.]cc,malicious,2026-08-13
domain,socoliveta[.]cc,malicious,2026-08-13
domain,xoilacttbdwc2026[.]tv,malicious,2026-08-13
domain,chieticalcio[.]com,malicious,2026-08-13
domain,xoilaczzzzi[.]tv,malicious,2026-08-13
domain,islamicommentary[.]org,malicious,2026-08-13
domain,xoilacy[.]cc,malicious,2026-08-13
domain,zamzammarketla[.]com,malicious,2026-08-13
domain,vebozb[.]cc,malicious,2026-08-13
domain,cakhiay[.]cc,malicious,2026-08-13
domain,brytlyt[.]io,malicious,2026-08-13
domain,joyridecoffeedistributors[.]com,malicious,2026-08-13
domain,tennessee-scv[.]org,malicious,2026-08-13
domain,xoilactvhdxc[.]io,malicious,2026-08-13
domain,xoilackd[.]tv,malicious,2026-08-13
domain,dodaam[.]com,malicious,2026-08-13
domain,xoilaczztzz[.]tv,malicious,2026-08-13
domain,howtogetfocused[.]com,malicious,2026-08-13
domain,rakhoixh[.]cc,malicious,2026-08-13
domain,stelizabethsdevelopment[.]com,malicious,2026-08-13
domain,alice-or-alice[.]com,malicious,2026-08-13
domain,90phutxz[.]cc,malicious,2026-08-13
domain,smartscene[.]io,malicious,2026-08-13
domain,socoliveve[.]cc,malicious,2026-08-13
domain,xoilac-wc2026[.]tv,malicious,2026-08-13
domain,cakhiaan[.]cc,malicious,2026-08-13
domain,90phutte[.]cc,malicious,2026-08-13
domain,mitomtva[.]cc,malicious,2026-08-13
domain,breakfastintheclassroom[.]org,malicious,2026-08-13
domain,vebo2[.]org,malicious,2026-08-13
domain,qbin[.]io,malicious,2026-08-13
domain,xoilacxd[.]cc,malicious,2026-08-13
domain,resol-nagoya[.]com,malicious,2026-08-13
domain,vebozf[.]cc,malicious,2026-08-13
domain,socolivetf[.]cc,malicious,2026-08-13
domain,xoilaczz50[.]live,malicious,2026-08-13
domain,socoliveke[.]cc,malicious,2026-08-13
domain,90phuttv[.]bid,malicious,2026-08-13
domain,xoilacxyb[.]tv,malicious,2026-08-13
domain,socolivezc[.]cc,malicious,2026-08-13
domain,90phutal[.]cc,malicious,2026-08-13
domain,xoilacta[.]cc,malicious,2026-08-13
domain,quarkjs[.]io,malicious,2026-08-13
domain,xoilactvtructiepbongda[.]org,malicious,2026-08-13
domain,xoilaczki[.]tv,malicious,2026-08-13
domain,xoilaczzzd[.]tv,malicious,2026-08-13
domain,cakhiazzt[.]cc,malicious,2026-08-13
domain,huussi[.]net,malicious,2026-08-13
domain,socoliveww[.]tv,malicious,2026-08-13
domain,xoilacxf[.]cc,malicious,2026-08-13
domain,socolivevp[.]cc,malicious,2026-08-13
domain,docsapp[.]io,malicious,2026-08-13
domain,thepracticalman[.]com,malicious,2026-08-13
domain,24online[.]info,malicious,2026-08-13
domain,littleduckorganics[.]com,malicious,2026-08-13
domain,karmannkonnection[.]com,malicious,2026-08-13
domain,leakyroofmeadery[.]com,malicious,2026-08-13
domain,blacksquare[.]io,malicious,2026-08-13
domain,xoilacvi[.]tv,malicious,2026-08-13
domain,rakhoivj[.]cc,malicious,2026-08-13
domain,xoilac86z41[.]live,malicious,2026-08-13
domain,xoilacxyw[.]tv,malicious,2026-08-13
domain,cakhiaap[.]cc,malicious,2026-08-13
domain,nepalvista[.]com,malicious,2026-08-13
domain,vebotvn[.]cc,malicious,2026-08-13
domain,cbscores[.]com,malicious,2026-08-13
domain,xoilac86z44[.]live,malicious,2026-08-13
domain,monsite[.]com,malicious,2026-08-13
domain,criticalatinoamericana[.]com,malicious,2026-08-13
domain,xoilaczzd[.]cc,malicious,2026-08-13
domain,gnrd[.]net,malicious,2026-08-13
domain,erasol[.]io,malicious,2026-08-13
domain,xoilactivit[.]cc,malicious,2026-08-13
domain,socolivetd[.]cc,malicious,2026-08-13
domain,porestaurant[.]com,malicious,2026-08-13
domain,jobcafe-w[.]com,malicious,2026-08-13
domain,rakhoiz20[.]live,malicious,2026-08-13
domain,sugarmanrogers[.]com,malicious,2026-08-13
domain,xoilacxyt[.]tv,malicious,2026-08-13
domain,socolivekk[.]tv,malicious,2026-08-13
domain,90phutz36[.]live,malicious,2026-08-13
domain,cakhiaz68[.]live,malicious,2026-08-13
domain,xoilaczz[.]site,malicious,2026-08-13
domain,xoilac86[.]ai,malicious,2026-08-13
domain,bombergames[.]net,malicious,2026-08-13
domain,xoilaczzz[.]cc,malicious,2026-08-13
domain,floracatalana[.]net,malicious,2026-08-13
domain,cakhiazzd[.]cc,malicious,2026-08-13
domain,mitomx[.]cc,malicious,2026-08-13
domain,socolivetg[.]cc,malicious,2026-08-13
domain,xoilaccs[.]cc,malicious,2026-08-13
domain,hungamaforchange[.]org,malicious,2026-08-13
domain,cakhiazzv[.]cc,malicious,2026-08-13
domain,xoilacvve[.]cc,malicious,2026-08-13
domain,carlyscafe[.]com,malicious,2026-08-13
domain,90phutxxs[.]cc,malicious,2026-08-13
domain,ebinokogenso[.]com,malicious,2026-08-13
domain,veboth[.]cc,malicious,2026-08-13
domain,epimodels[.]org,malicious,2026-08-13
domain,coldstoragechicago[.]com,malicious,2026-08-13
domain,yessa[.]io,malicious,2026-08-13
domain,vebohd[.]tv,malicious,2026-08-13
domain,xoilac86aa[.]tv,malicious,2026-08-13
domain,gillesmarierosteopathe[.]com,malicious,2026-08-13
domain,ultraworking[.]com,malicious,2026-08-13
domain,tns-ua[.]com,malicious,2026-08-13
domain,cakhiaz82[.]live,malicious,2026-08-13
domain,platformgallery[.]com,malicious,2026-08-13
domain,fintechranking[.]com,malicious,2026-08-13
domain,egyptiantheatreoregon[.]com,malicious,2026-08-13
domain,vaoroi13[.]live,malicious,2026-08-13
domain,cakhiazzkk[.]cc,malicious,2026-08-13
domain,socolivezzt[.]cc,malicious,2026-08-13
domain,socolivetvg[.]cc,malicious,2026-08-13
domain,xoilacso[.]cc,malicious,2026-08-13
domain,xoilacvze[.]cc,malicious,2026-08-13
domain,vaoroikx[.]cc,malicious,2026-08-13
domain,socolivetvz[.]cc,malicious,2026-08-13
domain,90phutsl[.]cc,malicious,2026-08-13
domain,anmonm[.]com,malicious,2026-08-13
domain,theflavoursaga[.]com,malicious,2026-08-13
domain,xoilaczxr[.]tv,malicious,2026-08-13
domain,90phutad[.]cc,malicious,2026-08-13
domain,xoivotvttbd[.]net,malicious,2026-08-13
domain,mamaframboise[.]com,malicious,2026-08-13
domain,bosmtb[.]com,malicious,2026-08-13
domain,xoilackq[.]tv,malicious,2026-08-13
domain,90phutz30[.]live,malicious,2026-08-13
domain,mitomz10[.]live,malicious,2026-08-13
domain,accordeon[.]org,malicious,2026-08-13
domain,xoilaciik[.]cc,malicious,2026-08-13
domain,eandppub[.]com,malicious,2026-08-13
domain,xoilacvzx[.]cc,malicious,2026-08-13
domain,savoy-hotel-brides[.]com,malicious,2026-08-13
domain,xoilaczxi[.]tv,malicious,2026-08-13
domain,90phutlink-wc2026[.]tv,malicious,2026-08-13
domain,xoilac-worldcup2026[.]tv,malicious,2026-08-13
domain,rakhoivk[.]cc,malicious,2026-08-13
domain,owtleeds[.]com,malicious,2026-08-13
domain,cakhiazs[.]cc,malicious,2026-08-13
domain,90phutsm[.]cc,malicious,2026-08-13
domain,xoilaczz86[.]live,malicious,2026-08-13
domain,xoilactvxa[.]cc,malicious,2026-08-13
domain,getmedusa[.]io,malicious,2026-08-13
domain,meetbutter[.]io,malicious,2026-08-13
domain,kubestudio[.]io,malicious,2026-08-13
domain,transactiveonline[.]org,malicious,2026-08-13
domain,xoilacztg[.]tv,malicious,2026-08-13
domain,williamzinsserwriter[.]com,malicious,2026-08-13
domain,xoilaczz63[.]live,malicious,2026-08-13
domain,mitomzs[.]cc,malicious,2026-08-13
domain,thesparkgroup[.]com,malicious,2026-08-13
domain,xoilacvzm[.]cc,malicious,2026-08-13
domain,xoilacxi[.]cc,malicious,2026-08-13
domain,rakhoivm[.]cc,malicious,2026-08-13
domain,xoilaczz70[.]live,malicious,2026-08-13
domain,xoilaczzgg[.]cc,malicious,2026-08-13
domain,finalfantasy13game[.]com,malicious,2026-08-13
domain,lasplayaszaragoza[.]com,malicious,2026-08-13
domain,xoilac-tvv[.]today,malicious,2026-08-13
domain,xoilacztp[.]tv,malicious,2026-08-13
domain,eu-fusions[.]org,malicious,2026-08-13
domain,tommyscuisine[.]com,malicious,2026-08-13
domain,fitmax[.]io,malicious,2026-08-13
domain,mitommj[.]cc,malicious,2026-08-13
domain,xoilaczt[.]cc,malicious,2026-08-13
domain,veboxz[.]cc,malicious,2026-08-13
domain,vebotvttbd[.]net,malicious,2026-08-13
domain,xoilaczzze[.]tv,malicious,2026-08-13
domain,cakhiaak[.]cc,malicious,2026-08-13
domain,azizonomics[.]com,malicious,2026-08-13
domain,xoilacxe[.]cc,malicious,2026-08-13
domain,90phutz37[.]live,malicious,2026-08-13
domain,medlabsau[.]io,malicious,2026-08-13
domain,socolivete[.]cc,malicious,2026-08-13
domain,coffeeclass[.]io,malicious,2026-08-13
domain,president-thai[.]com,malicious,2026-08-13
domain,xoilaczz62[.]live,malicious,2026-08-13
domain,90phutsx[.]cc,malicious,2026-08-13
domain,campuselect[.]org,malicious,2026-08-13
domain,xoilac86tv[.]tv,malicious,2026-08-13
domain,vebotvd[.]cc,malicious,2026-08-13
domain,xoilachd24h[.]tv,malicious,2026-08-13
domain,xoilaczzg[.]tv,malicious,2026-08-13
domain,zunispirits[.]com,malicious,2026-08-13
domain,xembongda[.]ai,malicious,2026-08-13
domain,americanproduct[.]com,malicious,2026-08-13
domain,xoilaczxc[.]cc,malicious,2026-08-13
domain,xoilac-tv[.]in,malicious,2026-08-13
domain,xoilacxys[.]tv,malicious,2026-08-13
domain,xoilaczv7[.]live,malicious,2026-08-13
domain,cssentertainment[.]com,malicious,2026-08-13
domain,portergoss[.]com,malicious,2026-08-13
domain,winterparkicerinksf[.]com,malicious,2026-08-13
domain,dolcegroup[.]com,malicious,2026-08-13
domain,90phuttj[.]cc,malicious,2026-08-13
domain,xoilaczze[.]cc,malicious,2026-08-13
domain,vaoroic[.]cc,malicious,2026-08-13
domain,xoilacxtk[.]cc,malicious,2026-08-13
domain,cakhiavs[.]cc,malicious,2026-08-13
domain,xoilaciiv[.]cc,malicious,2026-08-13
domain,topknotsandpearls[.]com,malicious,2026-08-13
domain,vaoroiks[.]cc,malicious,2026-08-13
domain,swissfax[.]com,malicious,2026-08-13
domain,cataliahealth[.]com,malicious,2026-08-13
domain,resrc[.]io,malicious,2026-08-13
domain,badlock[.]org,malicious,2026-08-13
domain,nodpi[.]org,malicious,2026-08-13
domain,xciptv[.]io,malicious,2026-08-13
domain,colatv42[.]live,malicious,2026-08-13
domain,cakhiazm[.]cc,malicious,2026-08-13
domain,xoilaczj[.]cc,malicious,2026-08-13
domain,xoilacxxz[.]cc,malicious,2026-08-13
domain,appsrvr[.]io,malicious,2026-08-13
domain,colatv[.]io,malicious,2026-08-13
domain,xoilaczvi[.]cc,malicious,2026-08-13
domain,curiousonstage[.]com,malicious,2026-08-13
domain,thepracticingcatholic[.]com,malicious,2026-08-13
domain,cakhiazz[.]cc,malicious,2026-08-13
domain,artiminds[.]com,malicious,2026-08-13
domain,viddyapp[.]io,malicious,2026-08-13
domain,two-i[.]com,malicious,2026-08-13
domain,xoilaczv8[.]live,malicious,2026-08-13
domain,socolivezzn[.]cc,malicious,2026-08-13
domain,xembongdaz[.]com,malicious,2026-08-13
domain,cakhiaz88[.]live,malicious,2026-08-13
domain,xoilacdd[.]io,malicious,2026-08-13
domain,xoilacza[.]mobi,malicious,2026-08-13
domain,kediet[.]com,malicious,2026-08-13
domain,cakhiax[.]cc,malicious,2026-08-13
domain,actricesdefrance[.]org,malicious,2026-08-13
domain,northchristianchurch[.]com,malicious,2026-08-13
domain,rileygainescenter[.]org,malicious,2026-08-13
domain,joinpad[.]net,malicious,2026-08-13
domain,cakhiavi[.]cc,malicious,2026-08-13
domain,anypad[.]io,malicious,2026-08-13
domain,cakhiaz66[.]live,malicious,2026-08-13
domain,xoilacvvu[.]cc,malicious,2026-08-13
domain,vebozg[.]cc,malicious,2026-08-13
domain,cedricdelsaux[.]com,malicious,2026-08-13
domain,xoilacvvn[.]cc,malicious,2026-08-13
domain,cakhiazxt[.]cc,malicious,2026-08-13
domain,turtlecreekwine[.]com,malicious,2026-08-13
domain,kapitall[.]com,malicious,2026-08-13
domain,socolivekl[.]cc,malicious,2026-08-13
domain,americansolutions[.]com,malicious,2026-08-13
domain,poxi[.]page,malicious,2026-08-13
domain,xoilaczz45[.]live,malicious,2026-08-13
domain,stifledgame[.]com,malicious,2026-08-13
domain,icmzaar[.]com,malicious,2026-08-13
domain,survival-expert[.]com,malicious,2026-08-13
domain,90phutip[.]cc,malicious,2026-08-13
domain,vebotvm[.]cc,malicious,2026-08-13
domain,andromedacouncil[.]com,malicious,2026-08-13
domain,teraz-my[.]com,malicious,2026-08-13
domain,airu[.]com[.]co,malicious,2026-08-13
domain,90phutrr[.]io,malicious,2026-08-13
domain,greatindianoutlet[.]com,malicious,2026-08-13
domain,tier1digital[.]co,malicious,2026-08-13
domain,acami[.]io,malicious,2026-08-13
domain,koreaworldcup[.]com,malicious,2026-08-13
domain,isnad[.]io,malicious,2026-08-13
domain,socolivewc2026[.]tv,malicious,2026-08-13
domain,xoilackk[.]io,malicious,2026-08-13
domain,xoilacke[.]tv,malicious,2026-08-13
domain,xoilaciii[.]cc,malicious,2026-08-13
domain,socolivevr[.]cc,malicious,2026-08-13
domain,vaoroi21[.]live,malicious,2026-08-13
domain,ijhcs[.]com,malicious,2026-08-13
domain,socolivezzr[.]cc,malicious,2026-08-13
domain,xoilac365kk[.]com,malicious,2026-08-13
domain,vaoroib[.]cc,malicious,2026-08-13
domain,pokmi[.]com,malicious,2026-08-13
domain,thesocialnetwork-movie[.]com,malicious,2026-08-13
domain,90phutz25[.]live,malicious,2026-08-13
domain,anyoneforpimms[.]com,malicious,2026-08-13
domain,myfacewhen[.]net,malicious,2026-08-13
domain,xoilaczz94[.]live,malicious,2026-08-13
domain,veboz43[.]live,malicious,2026-08-13
domain,xoilacxb[.]cc,malicious,2026-08-13
domain,xoilacz[.]it,malicious,2026-08-13
domain,vebozap[.]cc,malicious,2026-08-13
domain,colatv51[.]live,malicious,2026-08-13
domain,qatarisbooming[.]com,malicious,2026-08-13
domain,djdekker[.]net,malicious,2026-08-13
domain,xoilackk[.]tv,malicious,2026-08-13
domain,xoilaczztt[.]cc,malicious,2026-08-13
domain,xoilac24h-worldcup2026[.]tv,malicious,2026-08-13
domain,ledger-dispatch[.]com,malicious,2026-08-13
domain,xoilac86vf[.]tv,malicious,2026-08-13
domain,xoilaccp[.]tv,malicious,2026-08-13
domain,myebookmaker[.]com,malicious,2026-08-13
domain,xoilacxu[.]cc,malicious,2026-08-13
domain,glamorousglutton[.]com,malicious,2026-08-13
domain,xoilaczve[.]cc,malicious,2026-08-13
domain,bcshguidelines[.]com,malicious,2026-08-13
domain,xoilac86z50[.]live,malicious,2026-08-13
domain,celluon[.]com,malicious,2026-08-13
domain,colatv43[.]live,malicious,2026-08-13
domain,eatbeastandbounty[.]com,malicious,2026-08-13
domain,peaceberg-style[.]com,malicious,2026-08-13
domain,firemadison[.]com,malicious,2026-08-13
domain,infraline[.]com,malicious,2026-08-13
domain,xoilaczk[.]cc,malicious,2026-08-13
domain,mangal1[.]com,malicious,2026-08-13
domain,whalerwatch[.]com,malicious,2026-08-13
domain,xoilaciiq[.]cc,malicious,2026-08-13
domain,xoilac365xe[.]tv,malicious,2026-08-13
domain,xoilac[.]it,malicious,2026-08-13
domain,90phuttx[.]cc,malicious,2026-08-13
domain,xoilaczzs[.]cc,malicious,2026-08-13
domain,mitomzq[.]cc,malicious,2026-08-13
domain,caheotvhd[.]io,malicious,2026-08-13
domain,onestringwillie[.]com,malicious,2026-08-13
domain,ana-cooljapan[.]com,malicious,2026-08-13
domain,cakhiacc[.]cc,malicious,2026-08-13
domain,zero1biennial[.]org,malicious,2026-08-13
domain,socolivevm[.]cc,malicious,2026-08-13
domain,triphaseco[.]com,malicious,2026-08-13
domain,xoilactvv-live[.]com,malicious,2026-08-13
domain,xoilacq[.]cc,malicious,2026-08-13
domain,vaoroi16[.]live,malicious,2026-08-13
domain,xoilacxtd[.]cc,malicious,2026-08-13
domain,furio[.]io,malicious,2026-08-13
domain,xoilac86z69[.]live,malicious,2026-08-13
domain,24hourflex[.]com,malicious,2026-08-13
domain,xoilaczzzn[.]tv,malicious,2026-08-13
domain,circularapp[.]io,malicious,2026-08-13
domain,rakhoiz15[.]live,malicious,2026-08-13
domain,miloverso[.]io,malicious,2026-08-13
domain,xoilacxyj[.]cc,malicious,2026-08-13
domain,xoilaclivehd[.]tv,malicious,2026-08-13
domain,hennalounge[.]com,malicious,2026-08-13
domain,fishfight[.]net,malicious,2026-08-13
domain,243tech[.]com,malicious,2026-08-13
domain,uncomputing[.]org,malicious,2026-08-13
domain,laboussole[.]io,malicious,2026-08-13
domain,rakhoiz16[.]live,malicious,2026-08-13
domain,brunswickcafe[.]com,malicious,2026-08-13
domain,auger-loizeau[.]com,malicious,2026-08-13
domain,socolivevc[.]cc,malicious,2026-08-13
domain,xoilaczzlzz[.]tv,malicious,2026-08-13
domain,hurt100trailrace[.]com,malicious,2026-08-13
domain,xoilaczx[.]mobi,malicious,2026-08-13
domain,chatterboxdrivein[.]com,malicious,2026-08-13
domain,xoilaczv10[.]live,malicious,2026-08-13
domain,xoilaczz54[.]live,malicious,2026-08-13
domain,bikeboom[.]info,malicious,2026-08-13
domain,thebellsofpeover[.]com,malicious,2026-08-13
domain,tecnifutbol[.]org,malicious,2026-08-13
domain,hoteldevigniamont[.]com,malicious,2026-08-13
domain,socolivebb[.]io,malicious,2026-08-13
domain,originar[.]io,malicious,2026-08-13
domain,air-mandalay[.]com,malicious,2026-08-13
domain,veboxi[.]cc,malicious,2026-08-13
domain,xoilaczb[.]cc,malicious,2026-08-13
domain,webzool[.]io,malicious,2026-08-13
domain,mitomtvk[.]cc,malicious,2026-08-13
domain,90phuttm[.]cc,malicious,2026-08-13
domain,vebozi[.]cc,malicious,2026-08-13
domain,advancedtv[.]io,malicious,2026-08-13
domain,xoilaczzzu[.]tv,malicious,2026-08-13
domain,rakhoiz39[.]live,malicious,2026-08-13
domain,apricityfertility[.]com,malicious,2026-08-13
domain,griid[.]com,malicious,2026-08-13
domain,xoilace[.]cc,malicious,2026-08-13
domain,90phutr[.]cc,malicious,2026-08-13
domain,cakhiazxr[.]cc,malicious,2026-08-13
domain,xoilaczz[.]ai,malicious,2026-08-13
domain,essays-shark[.]net,malicious,2026-08-13
domain,t-grips[.]com,malicious,2026-08-13
domain,xoilaczc[.]cc,malicious,2026-08-13
domain,cakhiazx[.]cc,malicious,2026-08-13
domain,socolivezzy[.]cc,malicious,2026-08-13
domain,xoilacxtc[.]cc,malicious,2026-08-13
domain,earthcycle[.]io,malicious,2026-08-13
domain,yirenping[.]org,malicious,2026-08-13
domain,gizmorati[.]com,malicious,2026-08-13
domain,90phutz50[.]live,malicious,2026-08-13
domain,3brotherspizzacafefarmingdale[.]com,malicious,2026-08-13
domain,rakhoiz31[.]live,malicious,2026-08-13
domain,xoilacsg[.]cc,malicious,2026-08-13
domain,xoilacks[.]tv,malicious,2026-08-13
domain,xoilaczxo[.]tv,malicious,2026-08-13
domain,xembongda-xoilac[.]co,malicious,2026-08-13
domain,vaoroi25[.]live,malicious,2026-08-13
domain,geodb[.]com,malicious,2026-08-13
domain,vebotvx[.]cc,malicious,2026-08-13
domain,90phuttr[.]cc,malicious,2026-08-13
domain,aidas[.]us,malicious,2026-08-13
domain,andaluciainvestiga[.]com,malicious,2026-08-13
domain,xoilactvhdxb[.]io,malicious,2026-08-13
domain,cuuhotinhoc[.]com,malicious,2026-08-13
domain,xoilacck[.]cc,malicious,2026-08-13
domain,gammaemerald[.]io,malicious,2026-08-13
domain,soepidemio[.]com,malicious,2026-08-13
domain,vaoroi12[.]live,malicious,2026-08-13
domain,cakhiavx[.]cc,malicious,2026-08-13
domain,seramedic[.]org,malicious,2026-08-13
domain,potomachorse[.]com,malicious,2026-08-13
domain,ourladyswarriors[.]org,malicious,2026-08-13
domain,xoilacxyf[.]cc,malicious,2026-08-13
domain,xoilaczzqq[.]cc,malicious,2026-08-13
domain,centralasiaonline[.]com,malicious,2026-08-13
domain,xoilacxyg[.]cc,malicious,2026-08-13
domain,greenecoservices[.]com,malicious,2026-08-13
domain,tructiepbongda[.]fyi,malicious,2026-08-13
domain,purityringsongs[.]com,malicious,2026-08-13
domain,thefreighthousecafe[.]com,malicious,2026-08-13
domain,sipc[.]io,malicious,2026-08-13
domain,asherrothmusic[.]com,malicious,2026-08-13
domain,90phutsq[.]cc,malicious,2026-08-13
domain,xoilacr[.]cc,malicious,2026-08-13
domain,cohassetharborresort[.]com,malicious,2026-08-13
domain,xoilaczzzzf[.]tv,malicious,2026-08-13
domain,socolivevz[.]cc,malicious,2026-08-13
domain,cakhias[.]cc,malicious,2026-08-13
domain,businessland[.]io,malicious,2026-08-13
domain,xoilac86bk[.]tv,malicious,2026-08-13
domain,socolivezs[.]cc,malicious,2026-08-13
domain,rakhoivy[.]cc,malicious,2026-08-13
domain,reshiftsecurity[.]com,malicious,2026-08-13
domain,cakhiaz80[.]live,malicious,2026-08-13
domain,bltrimmings[.]com,malicious,2026-08-13
domain,tapitbrewing[.]com,malicious,2026-08-13
domain,scollar[.]com,malicious,2026-08-13
domain,xoilacvvy[.]cc,malicious,2026-08-13
domain,loclaiunderbone[.]com,malicious,2026-08-13
domain,ristol[.]com,malicious,2026-08-13
domain,hughlaurieblues[.]com,malicious,2026-08-13
domain,berklee-blogs[.]com,malicious,2026-08-13
domain,gavangwc2026[.]tv,malicious,2026-08-13
domain,90phutsi[.]cc,malicious,2026-08-13
domain,vaoroikq[.]cc,malicious,2026-08-13
domain,inspirar[.]io,malicious,2026-08-13
domain,movementislifecaucus[.]com,malicious,2026-08-13
domain,keikan-net[.]org,malicious,2026-08-13
domain,xoilaczf[.]cc,malicious,2026-08-13
domain,xoilacxq[.]cc,malicious,2026-08-13
domain,90phut[.]site,malicious,2026-08-13
domain,90phutzz[.]cc,malicious,2026-08-13
domain,xoilac-tvv[.]baby,malicious,2026-08-13
domain,abusewatch[.]net,malicious,2026-08-13
domain,xoilaczzzb[.]tv,malicious,2026-08-13
domain,rakhoiiw[.]cc,malicious,2026-08-13
domain,berriverjardin[.]com,malicious,2026-08-13
domain,socolivetvm[.]cc,malicious,2026-08-13
domain,mprime[.]io,malicious,2026-08-13
domain,xoilaczzvz[.]tv,malicious,2026-08-13
domain,90phutz44[.]live,malicious,2026-08-13
domain,90phutij[.]cc,malicious,2026-08-13
domain,leadernet[.]org,malicious,2026-08-13
domain,igibud[.]com,malicious,2026-08-13
domain,90phuttd[.]cc,malicious,2026-08-13
domain,shiftingthinking[.]org,malicious,2026-08-13
domain,90phutz56[.]live,malicious,2026-08-13
domain,xoilacvvt[.]cc,malicious,2026-08-13
domain,xoilaczz[.]top,malicious,2026-08-13
domain,coolserialnumbers[.]com,malicious,2026-08-13
domain,zotto[.]io,malicious,2026-08-13
domain,aluminiuminsider[.]com,malicious,2026-08-13
domain,xoilaczvl[.]cc,malicious,2026-08-13
domain,xoilac86[.]info,malicious,2026-08-13
domain,cakhiavj[.]cc,malicious,2026-08-13
domain,thapcam-wc2026[.]tv,malicious,2026-08-13
domain,redhotjazz[.]com,malicious,2026-08-13
domain,vaoroikh[.]cc,malicious,2026-08-13
domain,xoilaczzzzx[.]tv,malicious,2026-08-13
domain,xoilaczznn[.]cc,malicious,2026-08-13
domain,xoilacbongda-wc2026[.]tv,malicious,2026-08-13
domain,xoilaca[.]cc,malicious,2026-08-13
domain,veboz38[.]live,malicious,2026-08-13
domain,xoilaczo[.]cc,malicious,2026-08-13
domain,xoilacz[.]one,malicious,2026-08-13
domain,restaurantsalome[.]com,malicious,2026-08-13
domain,xoilackn[.]tv,malicious,2026-08-13
domain,zootoken[.]io,malicious,2026-08-13
domain,malagaenelcorazon[.]com,malicious,2026-08-13
domain,veboz42[.]live,malicious,2026-08-13
domain,perinat-france[.]org,malicious,2026-08-13
domain,ncbbqsociety[.]com,malicious,2026-08-13
domain,socolivezzp[.]cc,malicious,2026-08-13
domain,cakhiazxo[.]cc,malicious,2026-08-13
domain,rachelswirsky[.]com,malicious,2026-08-13
domain,xoilaczin[.]tv,malicious,2026-08-13
domain,socoliveka[.]cc,malicious,2026-08-13
domain,xoilaczziz[.]tv,malicious,2026-08-13
domain,thecatfishplacestcloud[.]com,malicious,2026-08-13
domain,xoilaczvn[.]cc,malicious,2026-08-13
domain,vaoroiq[.]cc,malicious,2026-08-13
domain,cakhiaztn[.]cc,malicious,2026-08-13
domain,90phutih[.]cc,malicious,2026-08-13
domain,xoilaczznzz[.]tv,malicious,2026-08-13
domain,kx5official[.]com,malicious,2026-08-13
domain,xoilacvvc[.]cc,malicious,2026-08-13
domain,xoilac86a[.]cc,malicious,2026-08-13
domain,veboz39[.]live,malicious,2026-08-13
domain,socolivecc[.]cc,malicious,2026-08-13
domain,naturalpolymersllc[.]com,malicious,2026-08-13
domain,xoilaczz65[.]live,malicious,2026-08-13
domain,socoliveze[.]cc,malicious,2026-08-13
domain,mitomz15[.]live,malicious,2026-08-13
domain,eclipsefi[.]io,malicious,2026-08-13
domain,90phutcc[.]tv,malicious,2026-08-13
domain,xoilac86z45[.]live,malicious,2026-08-13
domain,90phutvb[.]cc,malicious,2026-08-13
domain,90phutck[.]tv,malicious,2026-08-13
domain,iosfonts[.]com,malicious,2026-08-13
domain,deletionpedia[.]org,malicious,2026-08-13
domain,cakhiaze[.]cc,malicious,2026-08-13
domain,xoilac-tv[.]click,malicious,2026-08-13
domain,xoilaclive247[.]tv,malicious,2026-08-13
domain,cakhiae[.]cc,malicious,2026-08-13
domain,xoilaczzzg[.]tv,malicious,2026-08-13
domain,90phutxxn[.]cc,malicious,2026-08-13
domain,xoilaczzl[.]cc,malicious,2026-08-13
domain,sciencej[.]com,malicious,2026-08-13
domain,xoilaczha[.]tv,malicious,2026-08-13
domain,cakhiav[.]top,malicious,2026-08-13
domain,jeanbrolly[.]com,malicious,2026-08-13
domain,reneopharma[.]com,malicious,2026-08-13
domain,90phutvs[.]cc,malicious,2026-08-13
domain,xoilacxr[.]cc,malicious,2026-08-13
domain,cakhiaxn[.]cc,malicious,2026-08-13
domain,modernvascular[.]com,malicious,2026-08-13
domain,linkcollect[.]io,malicious,2026-08-13
domain,cakhiavn[.]cc,malicious,2026-08-13
domain,xoilactivi[.]uk,malicious,2026-08-13
domain,90phutau[.]cc,malicious,2026-08-13
domain,xoilac-tv[.]icu,malicious,2026-08-13
domain,xoilaczzzf[.]tv,malicious,2026-08-13
domain,colatv[.]info,malicious,2026-08-13
domain,xoilac365tv[.]org,malicious,2026-08-13
domain,xoilactvv[.]org,malicious,2026-08-13
domain,jewelryluster[.]com,malicious,2026-08-13
domain,fbclaim[.]com,malicious,2026-08-13
domain,xoilaczxp[.]tv,malicious,2026-08-13
domain,thecitybakery[.]com,malicious,2026-08-13
domain,socoliveqq[.]cc,malicious,2026-08-13
domain,umissacademy[.]org,malicious,2026-08-13
domain,laclefdeschamps-restaurant[.]com,malicious,2026-08-13
domain,hackplanet[.]io,malicious,2026-08-13
domain,xembongdaz[.]org,malicious,2026-08-13
domain,cakhiatva[.]com,malicious,2026-08-13
domain,niftydrops[.]io,malicious,2026-08-13
domain,vitamine-und-mehr[.]org,malicious,2026-08-13
domain,torresdaleswimclub[.]com,malicious,2026-08-13
domain,veganisit[.]com,malicious,2026-08-13
domain,karaakkosh[.]com,malicious,2026-08-13
domain,visualstoryproduction[.]com,malicious,2026-08-13
domain,orchidcosmetic[.]com,malicious,2026-08-13
domain,sznstreetwear[.]com,malicious,2026-08-13
domain,yayshop[.]io,malicious,2026-08-13
domain,greenlivingdetective[.]com,malicious,2026-08-13
domain,thecatholiccommentator[.]org,malicious,2026-08-13
domain,talesofmu[.]com,malicious,2026-08-13
domain,ciaoradio[.]com,malicious,2026-08-13
domain,ourwelldesignedlife[.]com,malicious,2026-08-13
domain,xoilaczuuz[.]tv,malicious,2026-08-13
domain,food-skills-for-self-sufficiency[.]com,malicious,2026-08-13
domain,identitypoliticspod[.]com,malicious,2026-08-13
domain,christmasatthegalthouse[.]com,malicious,2026-08-13
domain,amgrodigital[.]com,malicious,2026-08-13
domain,drivingconcepts[.]com,malicious,2026-08-13
domain,monasterodisantachiara[.]com,malicious,2026-08-13
domain,kiemkhach[.]com[.]vn,malicious,2026-08-13
domain,mdelivers[.]com,malicious,2026-08-13
domain,katherinemedinadecoration[.]com,malicious,2026-08-13
domain,xoilacbongda-affcup2026[.]live,malicious,2026-08-13
domain,legalecore[.]info,malicious,2026-08-13
domain,cakhia365z[.]tv,malicious,2026-08-13
domain,mobsterdiner[.]com,malicious,2026-08-13
domain,arcoirisfurniture[.]com,malicious,2026-08-13
domain,airdrop-tron[.]com,malicious,2026-08-13
domain,saaswins[.]io,malicious,2026-08-13
domain,gopetfriendlyblog[.]com,malicious,2026-08-13
domain,tillitomas[.]com,malicious,2026-08-13
domain,outcallmassageservice[.]com,malicious,2026-08-13
domain,elperiodicodemexico[.]com,malicious,2026-08-13
domain,xoilac247-affcup2026a[.]com,malicious,2026-08-13
domain,a99[.]io,malicious,2026-08-13
domain,lichbongdac1[.]online,malicious,2026-08-13
domain,orthoevra[.]com,malicious,2026-08-13
domain,iamsophie[.]io,malicious,2026-08-13
domain,konsorsiyum[.]io,malicious,2026-08-13
domain,socolivegg[.]io,malicious,2026-08-13
domain,playkahoot[.]io,malicious,2026-08-13
domain,xoilaczzeez[.]tv,malicious,2026-08-13
domain,xoilac365xm[.]tv,malicious,2026-08-13
domain,xoilacbongda-wc2026b[.]tv,malicious,2026-08-13
domain,xoilacxyp[.]io,malicious,2026-08-13
domain,neohire[.]io,malicious,2026-08-13
domain,primahealthcredit[.]com,malicious,2026-08-13
domain,codeunicorn[.]io,malicious,2026-08-13
domain,fidaus[.]org,malicious,2026-08-13
domain,mateai[.]io,malicious,2026-08-13
domain,vintrynyc[.]com,malicious,2026-08-13
domain,akalsecurity[.]com,malicious,2026-08-13
domain,350zclub[.]org,malicious,2026-08-13
domain,xoilacnn[.]com,malicious,2026-08-13
domain,socolivetva[.]cc,malicious,2026-08-13
domain,xoilaczzk[.]cc,malicious,2026-08-13
domain,xoilaczzwz[.]tv,malicious,2026-08-13
domain,k-odyssey[.]com,malicious,2026-08-13
domain,xoilaczzzx[.]tv,malicious,2026-08-13
domain,justiceforerikandlyle[.]org,malicious,2026-08-13
domain,ngoahotanglong[.]vn,malicious,2026-08-13
domain,socolivevg[.]cc,malicious,2026-08-13
domain,xoilacsf[.]cc,malicious,2026-08-13
domain,cakhian[.]cc,malicious,2026-08-13
domain,xoilacziiz[.]tv,malicious,2026-08-13
domain,photoshopsupport[.]com,malicious,2026-08-13
domain,cakhiaas[.]cc,malicious,2026-08-13
domain,socolivetvp[.]cc,malicious,2026-08-13
domain,vebozak[.]cc,malicious,2026-08-13
domain,coveritlive[.]com,malicious,2026-08-13
domain,xoilaczic[.]tv,malicious,2026-08-13
domain,vaoroivf[.]cc,malicious,2026-08-13
domain,xoilaczzi[.]cc,malicious,2026-08-13
domain,xoilaczz52[.]live,malicious,2026-08-13
domain,cakhiaqq[.]io,malicious,2026-08-13
domain,socolivell[.]cc,malicious,2026-08-13
domain,xoilaczzzze[.]tv,malicious,2026-08-13
domain,xoilaczbbz[.]tv,malicious,2026-08-13
domain,gwos[.]com,malicious,2026-08-13
domain,xoilaczzzz[.]io,malicious,2026-08-13
domain,xoilaczzzv[.]cc,malicious,2026-08-13
domain,rakhoiz37[.]live,malicious,2026-08-13
domain,xoilaccy[.]tv,malicious,2026-08-13
domain,cakhiazn[.]cc,malicious,2026-08-13
domain,americansecuritytoday[.]com,malicious,2026-08-13
domain,xoilac86sx[.]tv,malicious,2026-08-13
domain,textliveupdaterz[.]com,malicious,2026-08-13
domain,xoilackr[.]tv,malicious,2026-08-13
domain,cakhial[.]cc,malicious,2026-08-13
domain,xoilaczis[.]tv,malicious,2026-08-13
domain,xoilac86z60[.]live,malicious,2026-08-13
domain,wwwtwitter[.]com,malicious,2026-08-13
domain,cakhiaaf[.]cc,malicious,2026-08-13
domain,xoilacxtd[.]tv,malicious,2026-08-13
domain,socolivetvy[.]cc,malicious,2026-08-13
domain,socolivexx[.]cc,malicious,2026-08-13
domain,90phutz38[.]live,malicious,2026-08-13
domain,xoilaczxq[.]tv,malicious,2026-08-13
domain,socolivepp[.]cc,malicious,2026-08-13
domain,xoilaczip[.]tv,malicious,2026-08-13
domain,xoilaczzzc[.]tv,malicious,2026-08-13
domain,xoilaclinkc[.]cc,malicious,2026-08-13
domain,textileaffairs[.]com,malicious,2026-08-13
domain,90phutcf[.]tv,malicious,2026-08-13
domain,90phutzw[.]tv,malicious,2026-08-13
domain,cakhiazkz[.]cc,malicious,2026-08-13
domain,jupiterdrop[.]com,malicious,2026-08-13
domain,ryanmacdonaldphotography[.]com,malicious,2026-08-13
domain,xoilac365z29[.]live,malicious,2026-08-13
domain,xoilac365x6[.]live,malicious,2026-08-13
domain,xoilac365x9[.]live,malicious,2026-08-13
domain,ddpayan[.]com,malicious,2026-08-13
domain,rakhoiis[.]cc,malicious,2026-08-13
domain,mitomtvj[.]cc,malicious,2026-08-13
domain,90phutci[.]tv,malicious,2026-08-13
domain,xoilaccl[.]tv,malicious,2026-08-13
domain,vaoroizzy[.]cc,malicious,2026-08-13
domain,90phutzy[.]tv,malicious,2026-08-13
domain,mitomtf[.]cc,malicious,2026-08-13
domain,saigonpixel[.]vn,malicious,2026-08-13
domain,cakhiazke[.]cc,malicious,2026-08-13
domain,rakhoixv[.]cc,malicious,2026-08-13
domain,ahpw[.]org,malicious,2026-08-13
domain,flsafetysurfacing[.]com,malicious,2026-08-13
domain,xoilac[.]fan,malicious,2026-08-13
domain,paritynews[.]com,malicious,2026-08-13
domain,covid19healthsystem[.]org,malicious,2026-08-13
domain,rfcofficial[.]io,malicious,2026-08-13
domain,kingnetai[.]io,malicious,2026-08-13
domain,90phutce[.]tv,malicious,2026-08-13
domain,solemarbeach[.]com,malicious,2026-08-13
domain,oralfixationshow[.]com,malicious,2026-08-13
domain,lisa-evans[.]com,malicious,2026-08-13
domain,appalachiarising[.]org,malicious,2026-08-13
domain,clubtavern[.]com,malicious,2026-08-13
domain,netfreedom[.]us,malicious,2026-08-13
domain,growingchange[.]org,malicious,2026-08-13
domain,advancesagainstaspergillosis[.]org,malicious,2026-08-13
domain,cariboo[.]co,malicious,2026-08-13
domain,jacobwolf[.]report,malicious,2026-08-13
domain,2026worldcupnorthamerica[.]com,malicious,2026-08-13
domain,anactoflovefilm[.]com,malicious,2026-08-13
domain,bettyblueeyesthemusical[.]com,malicious,2026-08-13
domain,childreninachangingclimate[.]org,malicious,2026-08-13
domain,someoneismissing[.]com,malicious,2026-08-13
domain,smokeythepurringcat[.]com,malicious,2026-08-13
domain,sharebettersf[.]com,malicious,2026-08-13
domain,agil8[.]com,malicious,2026-08-13
domain,benetgames[.]cat,malicious,2026-08-13
domain,istas22[.]org,malicious,2026-08-13
domain,krogeralbertsons[.]com,malicious,2026-08-13
domain,lookoutmountaintn[.]org,malicious,2026-08-13
domain,slegalosubito[.]com,malicious,2026-08-13
domain,celebration-of-light[.]com,malicious,2026-08-13
domain,fondazionesabattini[.]it,malicious,2026-08-13
domain,7art-screensavers[.]com,malicious,2026-08-13
domain,vebozag[.]cc,malicious,2026-08-13
domain,mitomtvc[.]cc,malicious,2026-08-13
domain,rakhoiie[.]cc,malicious,2026-08-13
domain,socolivekk[.]io,malicious,2026-08-13
domain,xoilackvb[.]tv,malicious,2026-08-13
domain,tibbaa[.]com,malicious,2026-08-13
domain,xoilaccc[.]tv,malicious,2026-08-13
domain,90phutcq[.]tv,malicious,2026-08-13
domain,gmacinsurance[.]com,malicious,2026-08-13
domain,vebozzh[.]cc,malicious,2026-08-13
domain,xoilacvzp[.]cc,malicious,2026-08-13
domain,x-network[.]io,malicious,2026-08-13
domain,xoilacsh[.]cc,malicious,2026-08-13
domain,vaoroizzl[.]cc,malicious,2026-08-13
domain,xoilac86xb[.]tv,malicious,2026-08-13
domain,oxfordquantum[.]org,malicious,2026-08-13
domain,ashlandhardware[.]com,malicious,2026-08-13
domain,xoilaczzhhz[.]tv,malicious,2026-08-13
domain,socolivett[.]io,malicious,2026-08-13
domain,xoilackvr[.]tv,malicious,2026-08-13
domain,crbn[.]io,malicious,2026-08-13
domain,mobikit[.]io,malicious,2026-08-13
domain,xoilackvw[.]tv,malicious,2026-08-13
domain,xoilaczzvvz[.]tv,malicious,2026-08-13
domain,90phutca[.]tv,malicious,2026-08-13
domain,fondation-sanofi-espoir[.]com,malicious,2026-08-13
domain,biomolecular-archaeology[.]com,malicious,2026-08-13
